txn_id,timestamp,sender_account,sender_name,receiver_account,receiver_name,amount,type,city,bank,channel,is_fraud
TXN726956,2026-09-08 22:20:00,ATM4123,Cash Deposit,29260902250,Rohit Verma,24646,CREDIT,Indore,Kotak,UPI,0
TXN321094,2026-09-08 02:18:00,93001408673,Rahul Gupta,ACC362479,Rajesh Malhotra,47797,DEBIT,Delhi,BOB,UPI,1
TXN249150,2026-09-06 13:52:00,ATM5027,Cash Deposit,42847446185,Sneha Gupta,7042,CREDIT,Ahmedabad,HDFC,ATM,0
TXN554434,2026-09-04 15:33:00,ATM9476,Cash Deposit,88947653928,Manish Patel,17826,CREDIT,Delhi,Kotak,UPI,0
TXN944840,2026-09-10 15:48:00,ATM4545,Cash Deposit,72401764333,Manish Reddy,12638,CREDIT,Hyderabad,ICICI,IMPS,0
TXN969664,2026-09-11 16:37:00,39714949352,Karan Verma,ACC961163,Divya Chopra,11375,DEBIT,Jaipur,PNB,NEFT,0
TXN810888,2026-09-07 08:15:00,ATM1421,Cash Deposit,89273122515,Divya Malhotra,16741,CREDIT,Pune,Kotak,IMPS,0
TXN763545,2026-09-09 15:09:00,65712049807,Meera Yadav,ACC694966,Sneha Mishra,7523,DEBIT,Mumbai,Yes Bank,UPI,0
TXN973643,2026-09-08 09:08:00,33806719594,Pooja Mishra,ACC111996,Kavita Agarwal,2715,DEBIT,Pune,Yes Bank,NEFT,0
TXN329094,2026-09-07 06:40:00,ATM8040,Cash Deposit,23459607651,Deepak Gupta,20549,CREDIT,Jaipur,SBI,ATM,0
TXN710624,2026-09-11 13:18:00,38249320022,Divya Mishra,ACC497182,Arjun Patel,13783,DEBIT,Mumbai,Kotak,ATM,0
TXN199391,2026-09-04 22:57:00,15993060213,Manish Verma,ACC988577,Sneha Yadav,3609,DEBIT,Pune,BOB,NEFT,0
TXN762508,2026-09-02 04:08:00,14947141822,Amit Patel,ACC909279,Arjun Singh,42433,DEBIT,Jaipur,PNB,UPI,1
TXN177866,2026-09-12 12:07:00,72401764333,Manish Reddy,ACC241542,Sneha Chopra,6048,DEBIT,Hyderabad,ICICI,UPI,0
TXN407542,2026-09-12 08:59:00,27513732321,Divya Mishra,ACC643687,Rohit Jain,10332,DEBIT,Ahmedabad,Kotak,ATM,0
TXN420776,2026-09-12 04:21:00,37876608445,Kavita Verma,ACC595149,Pooja Verma,76574,DEBIT,Jaipur,PNB,IMPS,1
TXN205474,2026-09-05 09:08:00,21996807497,Pooja Mishra,ACC586356,Deepak Sharma,6585,DEBIT,Delhi,ICICI,NEFT,0
TXN714569,2026-09-13 09:01:00,18163563523,Pooja Chopra,ACC726325,Suresh Agarwal,4557,DEBIT,Delhi,SBI,UPI,0
TXN143877,2026-09-01 11:05:00,ATM3103,Cash Deposit,47353171337,Meera Singh,4949,CREDIT,Jaipur,BOB,UPI,0
TXN567195,2026-09-09 11:31:00,ATM6326,Cash Deposit,16266114041,Priya Kumar,17217,CREDIT,Hyderabad,HDFC,IMPS,0
TXN586535,2026-09-02 04:29:00,ACC902924,Kavita Verma,31778562499,Vikram Yadav,79484,CREDIT,Indore,ICICI,IMPS,1
TXN649077,2026-09-06 04:00:00,37876608445,Kavita Verma,ACC350166,Anjali Verma,44105,DEBIT,Jaipur,PNB,UPI,1
TXN807402,2026-09-11 19:28:00,44704140239,Suresh Singh,ACC130357,Deepak Kumar,180,DEBIT,Indore,Kotak,UPI,0
TXN627403,2026-09-03 15:34:00,81765026938,Neha Yadav,ACC224405,Pooja Gupta,14575,DEBIT,Chennai,BOB,IMPS,0
TXN250570,2026-09-13 08:50:00,ATM2016,Cash Deposit,23459607651,Deepak Gupta,24578,CREDIT,Jaipur,SBI,UPI,0
TXN906024,2026-09-13 06:39:00,ATM7401,Cash Deposit,23459607651,Deepak Gupta,22763,CREDIT,Jaipur,SBI,ATM,0
TXN600862,2026-09-07 03:00:00,62295994188,Priya Kumar,ACC246621,Arjun Yadav,44109,DEBIT,Bhopal,Yes Bank,UPI,1
TXN448653,2026-09-03 21:28:00,ATM6285,Cash Deposit,84158488165,Rajesh Gupta,1242,CREDIT,Bhopal,Kotak,IMPS,0
TXN113661,2026-09-07 22:45:00,38696334298,Rajesh Gupta,ACC370800,Meera Chopra,4452,DEBIT,Hyderabad,ICICI,ATM,0
TXN136149,2026-09-04 17:19:00,71492139864,Manish Mishra,ACC206447,Manish Patel,11599,DEBIT,Mumbai,HDFC,NEFT,0
TXN302503,2026-09-11 14:21:00,ATM5591,Cash Deposit,21152597151,Amit Agarwal,7717,CREDIT,Pune,Kotak,NEFT,0
TXN111431,2026-09-06 21:34:00,62330766032,Meera Agarwal,ACC957137,Suresh Patel,12093,DEBIT,Jaipur,SBI,UPI,0
TXN868492,2026-09-03 09:08:00,38696334298,Rajesh Gupta,ACC844321,Meera Malhotra,13903,DEBIT,Hyderabad,ICICI,NEFT,0
TXN323380,2026-09-02 04:00:00,14947141822,Amit Patel,ACC727600,Amit Verma,41597,DEBIT,Jaipur,PNB,UPI,1
TXN425507,2026-09-11 08:32:00,84158488165,Rajesh Gupta,ACC412190,Karan Verma,4776,DEBIT,Bhopal,Kotak,IMPS,0
TXN949259,2026-09-09 20:58:00,74738100507,Neha Chopra,ACC724104,Divya Kumar,11208,DEBIT,Hyderabad,Kotak,ATM,0
TXN821281,2026-09-13 16:58:00,33806719594,Pooja Mishra,ACC594870,Rahul Jain,10904,DEBIT,Pune,Yes Bank,ATM,0
TXN527421,2026-09-03 22:46:00,ATM8311,Cash Deposit,48003803600,Rahul Mishra,10818,CREDIT,Jaipur,Kotak,UPI,0
TXN182908,2026-09-11 06:34:00,ATM2734,Cash Deposit,84158488165,Rajesh Gupta,20877,CREDIT,Bhopal,Kotak,UPI,0
TXN760611,2026-09-10 12:28:00,ATM8595,Cash Deposit,89273122515,Divya Malhotra,5143,CREDIT,Pune,Kotak,UPI,0
TXN723572,2026-09-04 12:45:00,25046528783,Amit Verma,ACC640715,Divya Agarwal,12755,DEBIT,Bangalore,HDFC,ATM,0
TXN361319,2026-09-08 12:32:00,29257767423,Divya Singh,ACC689542,Rohit Singh,12612,DEBIT,Bhopal,Yes Bank,UPI,0
TXN721819,2026-09-07 12:41:00,ATM5903,Cash Deposit,19051614020,Sunita Verma,21101,CREDIT,Indore,Kotak,NEFT,0
TXN753850,2026-09-08 15:59:00,17487414647,Sunita Kumar,ACC887320,Suresh Agarwal,3402,DEBIT,Bangalore,BOB,IMPS,0
TXN631519,2026-09-04 02:07:00,ACC437298,Rajesh Kumar,38249320022,Divya Mishra,75120,CREDIT,Bhopal,Kotak,IMPS,1
TXN652363,2026-09-12 14:41:00,ATM7061,Cash Deposit,18465419838,Rahul Chopra,6120,CREDIT,Delhi,SBI,UPI,0
TXN640175,2026-09-09 11:15:00,56410977202,Kavita Agarwal,ACC120535,Arjun Reddy,11937,DEBIT,Indore,SBI,UPI,0
TXN994394,2026-09-10 01:21:00,ACC821810,Sunita Reddy,14358083466,Deepak Chopra,87162,CREDIT,Jaipur,ICICI,IMPS,1
TXN140969,2026-09-06 14:05:00,38249320022,Divya Mishra,ACC275175,Divya Verma,12036,DEBIT,Mumbai,Kotak,IMPS,0
TXN466879,2026-09-11 14:59:00,ATM6807,Cash Deposit,28572739832,Priya Singh,5489,CREDIT,Indore,BOB,NEFT,0
TXN899080,2026-09-04 21:17:00,ATM5656,Cash Deposit,28572739832,Priya Singh,10150,CREDIT,Indore,BOB,UPI,0
TXN670162,2026-09-03 10:17:00,94010037709,Meera Reddy,ACC175047,Neha Malhotra,5601,DEBIT,Indore,ICICI,UPI,0
TXN291638,2026-09-11 10:22:00,ATM5389,Cash Deposit,25949442983,Ritu Verma,18159,CREDIT,Indore,SBI,IMPS,0
TXN513021,2026-09-13 19:40:00,61648595985,Kavita Yadav,ACC761921,Priya Gupta,4197,DEBIT,Pune,PNB,ATM,0
TXN391734,2026-09-10 10:28:00,62295994188,Priya Kumar,ACC512885,Pooja Mishra,5018,DEBIT,Indore,Yes Bank,UPI,0
TXN671757,2026-09-10 12:16:00,ATM6898,Cash Deposit,63323345311,Neha Singh,10481,CREDIT,Mumbai,BOB,NEFT,0
TXN418557,2026-09-04 13:00:00,ATM7294,Cash Deposit,89806732081,Pooja Agarwal,10356,CREDIT,Chennai,Kotak,UPI,0
TXN619930,2026-09-04 07:43:00,72401764333,Manish Reddy,ACC612156,Sneha Reddy,6745,DEBIT,Hyderabad,ICICI,UPI,0
TXN553987,2026-09-02 19:59:00,ATM4432,Cash Deposit,28811835994,Rohit Patel,3940,CREDIT,Delhi,HDFC,NEFT,0
TXN433106,2026-09-08 20:23:00,ATM4030,Cash Deposit,81765026938,Neha Yadav,22880,CREDIT,Chennai,BOB,IMPS,0
TXN413209,2026-09-08 01:07:00,42847446185,Sneha Gupta,ACC225141,Anjali Chopra,40342,DEBIT,Bhopal,HDFC,UPI,1
TXN169613,2026-09-02 14:55:00,ATM8506,Cash Deposit,94010037709,Meera Reddy,7507,CREDIT,Indore,ICICI,NEFT,0
TXN540053,2026-09-07 19:25:00,ATM9762,Cash Deposit,42803635759,Sneha Mishra,4174,CREDIT,Bhopal,SBI,ATM,0
TXN382470,2026-09-07 15:59:00,ATM5180,Cash Deposit,72495807646,Deepak Mishra,22114,CREDIT,Mumbai,HDFC,ATM,0
TXN475202,2026-09-05 15:35:00,ATM8456,Cash Deposit,33806719594,Pooja Mishra,24038,CREDIT,Pune,Yes Bank,NEFT,0
TXN759035,2026-09-02 21:50:00,ATM1259,Cash Deposit,81765026938,Neha Yadav,10589,CREDIT,Chennai,BOB,IMPS,0
TXN111121,2026-09-08 03:16:00,ACC508988,Anjali Verma,80051400936,Rohit Sharma,89164,CREDIT,Delhi,HDFC,IMPS,1
TXN110165,2026-09-01 13:07:00,ATM7062,Cash Deposit,63323345311,Neha Singh,8882,CREDIT,Mumbai,BOB,ATM,0
TXN977217,2026-09-13 13:52:00,ATM2522,Cash Deposit,60223152223,Pooja Sharma,14869,CREDIT,Delhi,BOB,UPI,0
TXN795222,2026-09-04 19:46:00,17487414647,Sunita Kumar,ACC894047,Anjali Singh,1642,DEBIT,Bangalore,BOB,UPI,0
TXN364026,2026-09-09 18:42:00,ATM8640,Cash Deposit,48417346628,Amit Mishra,23147,CREDIT,Ahmedabad,SBI,UPI,0
TXN385876,2026-09-09 07:01:00,ATM1080,Cash Deposit,88947653928,Manish Patel,16774,CREDIT,Delhi,Kotak,ATM,0
TXN423941,2026-09-03 21:48:00,ATM3147,Cash Deposit,48003803600,Rahul Mishra,5361,CREDIT,Jaipur,Kotak,UPI,0
TXN471182,2026-09-10 10:27:00,56410977202,Kavita Agarwal,ACC396782,Manish Reddy,4676,DEBIT,Indore,SBI,ATM,0
TXN501502,2026-09-08 22:31:00,18465419838,Rahul Chopra,ACC934294,Kavita Singh,11603,DEBIT,Delhi,SBI,NEFT,0
TXN953034,2026-09-01 19:21:00,ATM3352,Cash Deposit,21724016482,Divya Patel,1850,CREDIT,Delhi,PNB,IMPS,0
TXN586733,2026-09-06 17:52:00,48417346628,Amit Mishra,ACC893157,Rajesh Chopra,14910,DEBIT,Ahmedabad,SBI,IMPS,0
TXN471219,2026-09-10 01:03:00,64812761163,Ritu Jain,ACC816725,Suresh Sharma,41476,DEBIT,Bhopal,PNB,UPI,1
TXN203141,2026-09-12 14:13:00,62016806938,Divya Kumar,ACC334935,Rahul Gupta,10986,DEBIT,Indore,PNB,IMPS,0
TXN827610,2026-09-02 13:01:00,17657106190,Pooja Chopra,ACC534805,Rohit Chopra,1348,DEBIT,Chennai,BOB,NEFT,0
TXN957755,2026-09-05 21:55:00,ATM9591,Cash Deposit,92283572728,Kavita Chopra,5114,CREDIT,Ahmedabad,ICICI,UPI,0
TXN511938,2026-09-04 09:30:00,63323345311,Neha Singh,ACC753565,Anjali Yadav,5825,DEBIT,Mumbai,BOB,ATM,0
TXN511827,2026-09-06 15:53:00,33519243485,Rahul Singh,ACC633284,Kavita Verma,8134,DEBIT,Bangalore,Kotak,NEFT,0
TXN468970,2026-09-02 13:21:00,ATM7933,Cash Deposit,88942334351,Rohit Jain,18048,CREDIT,Delhi,PNB,ATM,0
TXN510129,2026-09-05 11:01:00,ATM7785,Cash Deposit,14952110579,Meera Gupta,8801,CREDIT,Bangalore,BOB,ATM,0
TXN863570,2026-09-08 17:47:00,78907985673,Neha Kumar,ACC710506,Sunita Kumar,11244,DEBIT,Mumbai,Kotak,ATM,0
TXN306441,2026-09-07 09:02:00,28811835994,Rohit Patel,ACC282212,Vikram Malhotra,1437,DEBIT,Delhi,HDFC,IMPS,0
TXN155272,2026-09-07 10:15:00,60223152223,Pooja Sharma,ACC875420,Rajesh Mishra,13148,DEBIT,Delhi,BOB,UPI,0
TXN167514,2026-09-06 05:03:00,24118041504,Meera Chopra,ACC840861,Suresh Patel,40672,DEBIT,Delhi,HDFC,UPI,1
TXN973611,2026-09-12 21:44:00,ATM8623,Cash Deposit,61271874238,Kavita Reddy,17941,CREDIT,Mumbai,Axis,UPI,0
TXN994631,2026-09-11 08:31:00,54834963718,Priya Mishra,ACC700538,Karan Yadav,1472,DEBIT,Bangalore,Yes Bank,IMPS,0
TXN552638,2026-09-01 15:35:00,88947653928,Manish Patel,ACC788534,Anjali Verma,5108,DEBIT,Delhi,Kotak,IMPS,0
TXN287683,2026-09-09 18:18:00,12904529504,Deepak Kumar,ACC271310,Meera Malhotra,8018,DEBIT,Chennai,HDFC,ATM,0
TXN797147,2026-09-13 16:35:00,59838307340,Rohit Malhotra,ACC620227,Pooja Reddy,8635,DEBIT,Delhi,ICICI,NEFT,0
TXN730059,2026-09-11 16:42:00,47353171337,Meera Singh,ACC270883,Amit Kumar,2277,DEBIT,Jaipur,BOB,IMPS,0
TXN940116,2026-09-09 18:32:00,ATM4703,Cash Deposit,33806719594,Pooja Mishra,12586,CREDIT,Pune,Yes Bank,UPI,0
TXN306177,2026-09-06 13:37:00,53524230603,Arjun Singh,ACC391295,Suresh Chopra,1953,DEBIT,Indore,SBI,IMPS,0
TXN924618,2026-09-08 14:26:00,ATM9612,Cash Deposit,84158488165,Rajesh Gupta,9727,CREDIT,Bhopal,Kotak,UPI,0
TXN428353,2026-09-07 09:22:00,89273122515,Divya Malhotra,ACC689092,Sneha Verma,5845,DEBIT,Pune,Kotak,ATM,0
TXN313595,2026-09-13 20:19:00,ATM3758,Cash Deposit,85225093763,Suresh Reddy,23967,CREDIT,Ahmedabad,PNB,IMPS,0
TXN219502,2026-09-04 20:06:00,ATM1978,Cash Deposit,57171365272,Rohit Mishra,20994,CREDIT,Ahmedabad,PNB,UPI,0
TXN250015,2026-09-04 20:42:00,ATM7591,Cash Deposit,13085810396,Suresh Gupta,7732,CREDIT,Indore,ICICI,NEFT,0
TXN867376,2026-09-08 14:05:00,31778562499,Vikram Yadav,ACC481325,Sneha Yadav,11270,DEBIT,Indore,ICICI,UPI,0
TXN900452,2026-09-13 07:19:00,ATM1404,Cash Deposit,89273122515,Divya Malhotra,24735,CREDIT,Pune,Kotak,IMPS,0
TXN789780,2026-09-01 14:40:00,24118041504,Meera Chopra,ACC488368,Priya Yadav,6009,DEBIT,Chennai,HDFC,NEFT,0
TXN780875,2026-09-01 19:55:00,51960581410,Pooja Patel,ACC719291,Amit Agarwal,14201,DEBIT,Chennai,HDFC,ATM,0
TXN844718,2026-09-04 21:44:00,ATM4973,Cash Deposit,25046528783,Amit Verma,6081,CREDIT,Bangalore,HDFC,ATM,0
TXN686158,2026-09-06 09:36:00,ATM5065,Cash Deposit,27513732321,Divya Mishra,6961,CREDIT,Ahmedabad,Kotak,UPI,0
TXN709329,2026-09-11 11:56:00,ATM4163,Cash Deposit,56014698390,Priya Sharma,11221,CREDIT,Hyderabad,Yes Bank,IMPS,0
TXN962145,2026-09-05 13:50:00,19051614020,Sunita Verma,ACC459811,Meera Verma,4394,DEBIT,Indore,Kotak,UPI,0
TXN107791,2026-09-04 20:33:00,64812761163,Ritu Jain,ACC882929,Deepak Singh,14670,DEBIT,Bhopal,PNB,UPI,0
TXN814913,2026-09-08 04:18:00,15993060213,Manish Verma,ACC588055,Kavita Gupta,47414,DEBIT,Delhi,BOB,UPI,1
TXN409998,2026-09-05 19:49:00,97930489515,Anjali Reddy,ACC694335,Suresh Jain,8503,DEBIT,Ahmedabad,BOB,NEFT,0
TXN158982,2026-09-01 09:39:00,ATM7328,Cash Deposit,73165735166,Priya Malhotra,15435,CREDIT,Pune,Kotak,NEFT,0
TXN112133,2026-09-09 16:54:00,ATM6074,Cash Deposit,17487414647,Sunita Kumar,12929,CREDIT,Bangalore,BOB,UPI,0
TXN222258,2026-09-08 19:41:00,ATM1948,Cash Deposit,23459607651,Deepak Gupta,12568,CREDIT,Jaipur,SBI,IMPS,0
TXN986018,2026-09-08 04:06:00,ACC367020,Kavita Kumar,12904529504,Deepak Kumar,63927,CREDIT,Delhi,HDFC,IMPS,1
TXN561969,2026-09-09 10:26:00,61103002938,Vikram Gupta,ACC872791,Rajesh Mishra,10494,DEBIT,Indore,Yes Bank,IMPS,0
TXN968417,2026-09-11 15:43:00,13085810396,Suresh Gupta,ACC715575,Meera Gupta,2038,DEBIT,Indore,ICICI,IMPS,0
TXN458321,2026-09-07 22:29:00,ATM9161,Cash Deposit,61881044912,Meera Mishra,23181,CREDIT,Mumbai,HDFC,ATM,0
TXN406302,2026-09-05 01:59:00,54834963718,Priya Mishra,ACC362648,Rajesh Verma,44137,DEBIT,Bhopal,Yes Bank,IMPS,1
TXN251384,2026-09-06 10:22:00,15993060213,Manish Verma,ACC637460,Rajesh Jain,9580,DEBIT,Pune,BOB,IMPS,0
TXN319094,2026-09-02 01:20:00,21724016482,Divya Patel,ACC377379,Manish Kumar,42502,DEBIT,Bhopal,PNB,UPI,1
TXN133646,2026-09-01 13:17:00,ATM6008,Cash Deposit,42847446185,Sneha Gupta,24914,CREDIT,Ahmedabad,HDFC,NEFT,0
TXN170024,2026-09-06 12:58:00,79119838474,Ritu Kumar,ACC223014,Rajesh Patel,12529,DEBIT,Pune,BOB,UPI,0
TXN907062,2026-09-10 09:02:00,27513732321,Divya Mishra,ACC691824,Divya Jain,8503,DEBIT,Ahmedabad,Kotak,NEFT,0
TXN339953,2026-09-03 14:46:00,ATM4175,Cash Deposit,94010037709,Meera Reddy,24209,CREDIT,Indore,ICICI,UPI,0
TXN692357,2026-09-05 20:15:00,65712049807,Meera Yadav,ACC528289,Arjun Agarwal,3201,DEBIT,Mumbai,Yes Bank,ATM,0
TXN500942,2026-09-09 07:54:00,42803635759,Sneha Mishra,ACC418319,Kavita Verma,13251,DEBIT,Bhopal,SBI,IMPS,0
TXN930679,2026-09-13 21:54:00,94010037709,Meera Reddy,ACC770886,Karan Jain,1715,DEBIT,Indore,ICICI,IMPS,0
TXN717973,2026-09-02 12:53:00,27440891126,Rajesh Kumar,ACC323325,Neha Mishra,7937,DEBIT,Indore,Kotak,NEFT,0
TXN995784,2026-09-02 14:43:00,ATM6745,Cash Deposit,15257343773,Rohit Jain,17684,CREDIT,Hyderabad,HDFC,ATM,0
TXN813891,2026-09-03 21:04:00,16266114041,Priya Kumar,ACC876170,Suresh Jain,4489,DEBIT,Hyderabad,HDFC,UPI,0
TXN753505,2026-09-09 06:06:00,ATM6846,Cash Deposit,38696334298,Rajesh Gupta,8396,CREDIT,Hyderabad,ICICI,UPI,0
TXN472663,2026-09-10 03:17:00,44572126008,Sunita Singh,ACC103394,Deepak Reddy,74029,DEBIT,Jaipur,Yes Bank,IMPS,1
TXN736249,2026-09-11 16:02:00,73934227238,Vikram Malhotra,ACC879635,Rohit Malhotra,311,DEBIT,Pune,BOB,ATM,0
TXN665228,2026-09-03 14:03:00,78907985673,Neha Kumar,ACC732006,Manish Sharma,10683,DEBIT,Mumbai,Kotak,ATM,0
TXN495977,2026-09-05 16:01:00,ATM7492,Cash Deposit,79724425656,Sneha Singh,19393,CREDIT,Indore,PNB,ATM,0
TXN144085,2026-09-13 12:41:00,25455864065,Arjun Jain,ACC876763,Anjali Singh,7853,DEBIT,Indore,PNB,NEFT,0
TXN975111,2026-09-07 16:33:00,ATM6076,Cash Deposit,23459607651,Deepak Gupta,16490,CREDIT,Jaipur,SBI,UPI,0
TXN506200,2026-09-04 19:00:00,86884726222,Sneha Jain,ACC561568,Priya Jain,10741,DEBIT,Bhopal,Kotak,ATM,0
TXN241268,2026-09-06 18:36:00,12904529504,Deepak Kumar,ACC694869,Rajesh Verma,9654,DEBIT,Chennai,HDFC,IMPS,0
TXN375180,2026-09-09 07:13:00,ATM9424,Cash Deposit,28722783625,Divya Jain,21831,CREDIT,Indore,BOB,IMPS,0
TXN501530,2026-09-02 20:36:00,ATM9976,Cash Deposit,15257343773,Rohit Jain,18652,CREDIT,Hyderabad,HDFC,ATM,0
TXN236124,2026-09-12 17:33:00,12904529504,Deepak Kumar,ACC631485,Vikram Mishra,10930,DEBIT,Chennai,HDFC,IMPS,0
TXN604839,2026-09-06 07:07:00,ATM5354,Cash Deposit,44704140239,Suresh Singh,12963,CREDIT,Indore,Kotak,UPI,0
TXN752784,2026-09-05 07:34:00,24118041504,Meera Chopra,ACC675906,Kavita Sharma,8537,DEBIT,Chennai,HDFC,UPI,0
TXN194834,2026-09-02 04:10:00,14947141822,Amit Patel,ACC457248,Neha Sharma,44029,DEBIT,Delhi,PNB,UPI,1
TXN513613,2026-09-02 15:10:00,13085810396,Suresh Gupta,ACC983271,Neha Malhotra,14135,DEBIT,Indore,ICICI,UPI,0
TXN650209,2026-09-07 22:39:00,61271874238,Kavita Reddy,ACC903154,Manish Gupta,11992,DEBIT,Mumbai,Axis,NEFT,0
TXN159446,2026-09-07 22:15:00,21724016482,Divya Patel,ACC942295,Meera Gupta,5642,DEBIT,Delhi,PNB,NEFT,0
TXN157677,2026-09-07 18:19:00,25046528783,Amit Verma,ACC682076,Manish Verma,4043,DEBIT,Bangalore,HDFC,UPI,0
TXN522965,2026-09-01 08:31:00,ATM8118,Cash Deposit,16079375387,Meera Chopra,4487,CREDIT,Mumbai,BOB,UPI,0
TXN873254,2026-09-01 06:09:00,31832239312,Rajesh Singh,ACC987137,Manish Verma,5852,DEBIT,Bangalore,SBI,NEFT,0
TXN726469,2026-09-01 08:33:00,23459607651,Deepak Gupta,ACC226146,Vikram Malhotra,1113,DEBIT,Jaipur,SBI,IMPS,0
TXN191068,2026-09-13 21:02:00,ATM4316,Cash Deposit,15993060213,Manish Verma,8804,CREDIT,Pune,BOB,NEFT,0
TXN980515,2026-09-06 04:02:00,37876608445,Kavita Verma,ACC468869,Anjali Agarwal,43389,DEBIT,Bhopal,PNB,UPI,1
TXN773326,2026-09-01 16:59:00,ATM7460,Cash Deposit,79119838474,Ritu Kumar,1647,CREDIT,Pune,BOB,IMPS,0
TXN397424,2026-09-02 17:31:00,ATM1221,Cash Deposit,25949442983,Ritu Verma,17390,CREDIT,Indore,SBI,UPI,0
TXN860778,2026-09-01 11:28:00,ATM6632,Cash Deposit,14947141822,Amit Patel,20068,CREDIT,Delhi,PNB,NEFT,0
TXN554712,2026-09-13 22:55:00,ATM9750,Cash Deposit,19051614020,Sunita Verma,19613,CREDIT,Indore,Kotak,IMPS,0
TXN508711,2026-09-09 10:26:00,79119838474,Ritu Kumar,ACC801294,Ritu Mishra,3614,DEBIT,Pune,BOB,NEFT,0
TXN743680,2026-09-10 20:29:00,ATM4954,Cash Deposit,77546893355,Sunita Singh,2349,CREDIT,Bangalore,Kotak,IMPS,0
TXN179497,2026-09-12 20:30:00,38249320022,Divya Mishra,ACC350672,Vikram Mishra,12393,DEBIT,Mumbai,Kotak,NEFT,0
TXN742716,2026-09-11 11:12:00,ATM2228,Cash Deposit,37876608445,Kavita Verma,3111,CREDIT,Bhopal,PNB,IMPS,0
TXN584459,2026-09-13 13:57:00,14952110579,Meera Gupta,ACC375887,Pooja Verma,14134,DEBIT,Bangalore,BOB,NEFT,0
TXN136181,2026-09-08 14:01:00,28572739832,Priya Singh,ACC980863,Sneha Sharma,4322,DEBIT,Indore,BOB,IMPS,0
TXN739097,2026-09-13 15:52:00,ATM3117,Cash Deposit,77546893355,Sunita Singh,15959,CREDIT,Bangalore,Kotak,NEFT,0
TXN271398,2026-09-12 04:16:00,ACC838278,Pooja Reddy,37876608445,Kavita Verma,84170,CREDIT,Bhopal,PNB,IMPS,1
TXN593014,2026-09-05 15:48:00,ATM2730,Cash Deposit,59838307340,Rohit Malhotra,2570,CREDIT,Delhi,ICICI,UPI,0
TXN193966,2026-09-08 06:38:00,ATM7455,Cash Deposit,46217358382,Vikram Yadav,9596,CREDIT,Pune,PNB,NEFT,0
TXN607832,2026-09-05 19:02:00,ATM3194,Cash Deposit,25455864065,Arjun Jain,2937,CREDIT,Indore,PNB,ATM,0
TXN288333,2026-09-05 16:31:00,33519243485,Rahul Singh,ACC538768,Rohit Kumar,2922,DEBIT,Bangalore,Kotak,IMPS,0
TXN183667,2026-09-11 16:45:00,ATM2580,Cash Deposit,42847446185,Sneha Gupta,13185,CREDIT,Ahmedabad,HDFC,ATM,0
TXN948885,2026-09-13 19:51:00,25455864065,Arjun Jain,ACC907936,Rohit Singh,3324,DEBIT,Indore,PNB,IMPS,0
TXN566623,2026-09-04 19:48:00,27513732321,Divya Mishra,ACC249598,Rajesh Malhotra,7591,DEBIT,Ahmedabad,Kotak,UPI,0
TXN378454,2026-09-12 08:31:00,59838307340,Rohit Malhotra,ACC437019,Arjun Chopra,8639,DEBIT,Delhi,ICICI,UPI,0
TXN677405,2026-09-04 02:04:00,35295201261,Kavita Chopra,ACC201905,Sunita Patel,62879,DEBIT,Jaipur,PNB,IMPS,1
TXN748937,2026-09-12 12:47:00,81765026938,Neha Yadav,ACC348835,Meera Singh,6491,DEBIT,Chennai,BOB,IMPS,0
TXN584596,2026-09-09 08:39:00,51082808163,Amit Mishra,ACC404993,Pooja Singh,9312,DEBIT,Indore,Kotak,UPI,0
TXN674743,2026-09-11 14:40:00,14358083466,Deepak Chopra,ACC280387,Karan Kumar,8201,DEBIT,Bangalore,ICICI,UPI,0
TXN138715,2026-09-10 10:30:00,ATM1157,Cash Deposit,33519243485,Rahul Singh,21798,CREDIT,Bangalore,Kotak,UPI,0
TXN971365,2026-09-07 19:39:00,60223152223,Pooja Sharma,ACC644789,Pooja Verma,10331,DEBIT,Delhi,BOB,UPI,0
TXN985467,2026-09-12 01:03:00,13085810396,Suresh Gupta,ACC191154,Arjun Jain,47697,DEBIT,Delhi,ICICI,UPI,1
TXN430217,2026-09-11 18:55:00,ATM2897,Cash Deposit,61648595985,Kavita Yadav,18962,CREDIT,Pune,PNB,UPI,0
TXN994387,2026-09-12 09:55:00,ATM5647,Cash Deposit,62330766032,Meera Agarwal,7620,CREDIT,Jaipur,SBI,IMPS,0
TXN717773,2026-09-10 01:00:00,64812761163,Ritu Jain,ACC213933,Rajesh Yadav,46029,DEBIT,Indore,PNB,UPI,1
TXN805537,2026-09-05 14:46:00,74738100507,Neha Chopra,ACC150743,Vikram Verma,1245,DEBIT,Hyderabad,Kotak,IMPS,0
TXN730992,2026-09-07 14:17:00,79724425656,Sneha Singh,ACC216202,Suresh Yadav,2250,DEBIT,Indore,PNB,UPI,0
TXN944832,2026-09-04 12:05:00,ATM2367,Cash Deposit,16079375387,Meera Chopra,21900,CREDIT,Mumbai,BOB,IMPS,0
TXN130513,2026-09-12 16:28:00,ATM4701,Cash Deposit,73165735166,Priya Malhotra,7804,CREDIT,Pune,Kotak,ATM,0
TXN656867,2026-09-08 10:20:00,79724425656,Sneha Singh,ACC544661,Vikram Chopra,3342,DEBIT,Indore,PNB,UPI,0
TXN843593,2026-09-07 01:08:00,53524230603,Arjun Singh,ACC558905,Deepak Yadav,41871,DEBIT,Delhi,SBI,UPI,1
TXN711097,2026-09-12 11:29:00,54834963718,Priya Mishra,ACC261891,Kavita Gupta,7839,DEBIT,Bangalore,Yes Bank,IMPS,0
TXN533716,2026-09-02 09:51:00,ATM4189,Cash Deposit,14947141822,Amit Patel,11235,CREDIT,Delhi,PNB,IMPS,0
TXN219646,2026-09-11 18:21:00,12904529504,Deepak Kumar,ACC209544,Sneha Mishra,6616,DEBIT,Chennai,HDFC,IMPS,0
TXN250457,2026-09-09 09:02:00,ATM9844,Cash Deposit,81765026938,Neha Yadav,10354,CREDIT,Chennai,BOB,NEFT,0
TXN558148,2026-09-09 18:54:00,ATM8660,Cash Deposit,61648595985,Kavita Yadav,21080,CREDIT,Pune,PNB,IMPS,0
TXN277506,2026-09-02 21:13:00,ATM3107,Cash Deposit,54834963718,Priya Mishra,4233,CREDIT,Bangalore,Yes Bank,UPI,0
TXN784277,2026-09-09 16:02:00,ATM6521,Cash Deposit,48003803600,Rahul Mishra,811,CREDIT,Jaipur,Kotak,NEFT,0
TXN682998,2026-09-02 12:23:00,ATM3813,Cash Deposit,33806719594,Pooja Mishra,20694,CREDIT,Pune,Yes Bank,UPI,0
TXN131525,2026-09-07 13:23:00,72495807646,Deepak Mishra,ACC629928,Rohit Patel,11622,DEBIT,Mumbai,HDFC,ATM,0
TXN850507,2026-09-04 14:07:00,ATM9762,Cash Deposit,17657106190,Pooja Chopra,24016,CREDIT,Chennai,BOB,IMPS,0
TXN882224,2026-09-10 11:42:00,ATM6014,Cash Deposit,54834963718,Priya Mishra,5550,CREDIT,Bangalore,Yes Bank,IMPS,0
TXN592230,2026-09-06 11:42:00,21152597151,Amit Agarwal,ACC924886,Amit Yadav,13510,DEBIT,Pune,Kotak,ATM,0
TXN468964,2026-09-08 13:13:00,ATM5353,Cash Deposit,37876608445,Kavita Verma,12398,CREDIT,Bhopal,PNB,ATM,0
TXN456127,2026-09-11 16:01:00,ATM3700,Cash Deposit,71492139864,Manish Mishra,24498,CREDIT,Mumbai,HDFC,ATM,0
TXN587166,2026-09-11 12:58:00,ATM9913,Cash Deposit,85225093763,Suresh Reddy,10408,CREDIT,Ahmedabad,PNB,NEFT,0
TXN103375,2026-09-11 17:33:00,ATM3430,Cash Deposit,83550185220,Rohit Jain,17246,CREDIT,Jaipur,BOB,NEFT,0
TXN122606,2026-09-05 06:35:00,33519243485,Rahul Singh,ACC700203,Kavita Agarwal,2122,DEBIT,Bangalore,Kotak,ATM,0
TXN945485,2026-09-05 11:39:00,73934227238,Vikram Malhotra,ACC373774,Pooja Malhotra,11865,DEBIT,Pune,BOB,NEFT,0
TXN208168,2026-09-09 09:22:00,78907985673,Neha Kumar,ACC405995,Vikram Yadav,9715,DEBIT,Mumbai,Kotak,ATM,0
TXN184240,2026-09-12 13:38:00,63239552412,Kavita Singh,ACC283000,Sneha Patel,10382,DEBIT,Bangalore,PNB,UPI,0
TXN570389,2026-09-13 21:17:00,79119838474,Ritu Kumar,ACC313948,Rajesh Singh,7470,DEBIT,Pune,BOB,UPI,0
TXN884170,2026-09-04 13:31:00,ATM1642,Cash Deposit,80303994054,Deepak Singh,10395,CREDIT,Jaipur,HDFC,NEFT,0
TXN734283,2026-09-07 04:25:00,15993060213,Manish Verma,ACC916940,Manish Verma,68361,DEBIT,Delhi,BOB,IMPS,1
TXN475561,2026-09-04 12:58:00,21152597151,Amit Agarwal,ACC493657,Manish Jain,3928,DEBIT,Pune,Kotak,IMPS,0
TXN846506,2026-09-05 19:30:00,60223152223,Pooja Sharma,ACC984373,Neha Gupta,4866,DEBIT,Delhi,BOB,ATM,0
TXN280808,2026-09-13 10:17:00,ATM9890,Cash Deposit,48003803600,Rahul Mishra,22068,CREDIT,Jaipur,Kotak,NEFT,0
TXN242911,2026-09-09 08:06:00,21996807497,Pooja Mishra,ACC766648,Rohit Patel,4392,DEBIT,Delhi,ICICI,IMPS,0
TXN562336,2026-09-03 10:26:00,ATM9974,Cash Deposit,18163563523,Pooja Chopra,2493,CREDIT,Delhi,SBI,IMPS,0
TXN473479,2026-09-13 10:44:00,31832239312,Rajesh Singh,ACC100244,Amit Kumar,1183,DEBIT,Bangalore,SBI,NEFT,0
TXN385721,2026-09-02 18:17:00,85225093763,Suresh Reddy,ACC585746,Kavita Kumar,2404,DEBIT,Ahmedabad,PNB,NEFT,0
TXN614259,2026-09-01 05:00:00,16079375387,Meera Chopra,ACC181136,Kavita Chopra,47223,DEBIT,Bhopal,BOB,UPI,1
TXN187339,2026-09-01 11:57:00,ATM2240,Cash Deposit,80051400936,Rohit Sharma,22017,CREDIT,Chennai,HDFC,IMPS,0
TXN826138,2026-09-12 21:58:00,28811835994,Rohit Patel,ACC332139,Kavita Singh,4418,DEBIT,Delhi,HDFC,IMPS,0
TXN747732,2026-09-10 09:10:00,ATM7253,Cash Deposit,62330766032,Meera Agarwal,20513,CREDIT,Jaipur,SBI,NEFT,0
TXN757731,2026-09-04 07:41:00,35295201261,Kavita Chopra,ACC467115,Sunita Reddy,10093,DEBIT,Indore,PNB,ATM,0
TXN629456,2026-09-12 21:45:00,ATM6653,Cash Deposit,42803635759,Sneha Mishra,627,CREDIT,Bhopal,SBI,UPI,0
TXN736687,2026-09-07 19:02:00,ATM7805,Cash Deposit,15257343773,Rohit Jain,17974,CREDIT,Hyderabad,HDFC,UPI,0
TXN550750,2026-09-01 12:42:00,12083619635,Suresh Jain,ACC687725,Anjali Kumar,12596,DEBIT,Mumbai,Kotak,IMPS,0
TXN880249,2026-09-06 01:11:00,17487414647,Sunita Kumar,ACC499386,Vikram Malhotra,54495,DEBIT,Indore,BOB,IMPS,1
TXN235817,2026-09-01 17:45:00,ATM5081,Cash Deposit,78243523866,Sunita Yadav,504,CREDIT,Bangalore,PNB,IMPS,0
TXN724387,2026-09-07 02:03:00,21152597151,Amit Agarwal,ACC682304,Manish Singh,47246,DEBIT,Bhopal,Kotak,UPI,1
TXN790455,2026-09-09 17:09:00,ATM2991,Cash Deposit,89806732081,Pooja Agarwal,23627,CREDIT,Chennai,Kotak,ATM,0
TXN569548,2026-09-12 07:20:00,ATM9840,Cash Deposit,80303994054,Deepak Singh,23969,CREDIT,Jaipur,HDFC,NEFT,0
TXN236347,2026-09-06 07:45:00,ATM7967,Cash Deposit,38696334298,Rajesh Gupta,17266,CREDIT,Hyderabad,ICICI,NEFT,0
TXN559764,2026-09-11 09:41:00,ATM1801,Cash Deposit,12904529504,Deepak Kumar,3831,CREDIT,Chennai,HDFC,IMPS,0
TXN463900,2026-09-07 06:36:00,78786959606,Sunita Gupta,ACC642189,Pooja Yadav,12402,DEBIT,Mumbai,HDFC,NEFT,0
TXN424476,2026-09-09 14:21:00,18465419838,Rahul Chopra,ACC200884,Amit Agarwal,10057,DEBIT,Delhi,SBI,ATM,0
TXN239511,2026-09-03 21:35:00,53524230603,Arjun Singh,ACC188695,Sunita Agarwal,14372,DEBIT,Indore,SBI,NEFT,0
TXN216057,2026-09-04 11:05:00,39714949352,Karan Verma,ACC291161,Kavita Verma,6972,DEBIT,Jaipur,PNB,IMPS,0
TXN154540,2026-09-03 18:39:00,25949442983,Ritu Verma,ACC802253,Neha Agarwal,3658,DEBIT,Indore,SBI,ATM,0
TXN107778,2026-09-03 11:37:00,ATM9177,Cash Deposit,42847446185,Sneha Gupta,1240,CREDIT,Ahmedabad,HDFC,ATM,0
TXN881046,2026-09-12 16:03:00,94010037709,Meera Reddy,ACC265151,Neha Singh,4583,DEBIT,Indore,ICICI,ATM,0
TXN910850,2026-09-10 20:22:00,46217358382,Vikram Yadav,ACC821115,Divya Reddy,4161,DEBIT,Pune,PNB,UPI,0
TXN162112,2026-09-06 11:29:00,97930489515,Anjali Reddy,ACC934584,Priya Jain,6404,DEBIT,Ahmedabad,BOB,IMPS,0
TXN952954,2026-09-01 14:18:00,84158488165,Rajesh Gupta,ACC195873,Sneha Verma,8156,DEBIT,Bhopal,Kotak,UPI,0
TXN726414,2026-09-01 09:49:00,25046528783,Amit Verma,ACC572727,Kavita Mishra,6123,DEBIT,Bangalore,HDFC,UPI,0
TXN980524,2026-09-05 16:06:00,15257343773,Rohit Jain,ACC855257,Rohit Verma,10278,DEBIT,Hyderabad,HDFC,IMPS,0
TXN342105,2026-09-13 22:14:00,25455864065,Arjun Jain,ACC257227,Rohit Verma,7285,DEBIT,Indore,PNB,UPI,0
TXN420401,2026-09-08 18:51:00,24118041504,Meera Chopra,ACC972652,Vikram Yadav,914,DEBIT,Chennai,HDFC,NEFT,0
TXN748628,2026-09-07 07:14:00,ATM1314,Cash Deposit,72401764333,Manish Reddy,20727,CREDIT,Hyderabad,ICICI,NEFT,0
TXN621794,2026-09-09 08:24:00,ATM4111,Cash Deposit,93001408673,Rahul Gupta,16322,CREDIT,Pune,BOB,UPI,0
TXN711714,2026-09-04 09:49:00,ATM6383,Cash Deposit,18465419838,Rahul Chopra,10964,CREDIT,Delhi,SBI,NEFT,0
TXN693546,2026-09-02 02:03:00,80303994054,Deepak Singh,ACC571791,Priya Agarwal,46290,DEBIT,Bhopal,HDFC,UPI,1
TXN573069,2026-09-02 18:57:00,ATM9144,Cash Deposit,59838307340,Rohit Malhotra,10997,CREDIT,Delhi,ICICI,NEFT,0
TXN394723,2026-09-02 11:40:00,88947653928,Manish Patel,ACC885118,Karan Mishra,2879,DEBIT,Delhi,Kotak,UPI,0
TXN691957,2026-09-11 05:04:00,21724016482,Divya Patel,ACC110074,Ritu Chopra,40718,DEBIT,Indore,PNB,UPI,1
TXN675199,2026-09-05 22:25:00,15257343773,Rohit Jain,ACC997009,Manish Chopra,10597,DEBIT,Hyderabad,HDFC,ATM,0
TXN894043,2026-09-02 20:33:00,ATM2964,Cash Deposit,25455864065,Arjun Jain,23395,CREDIT,Indore,PNB,IMPS,0
TXN575149,2026-09-01 18:57:00,12904529504,Deepak Kumar,ACC576639,Suresh Chopra,10476,DEBIT,Chennai,HDFC,IMPS,0
TXN420115,2026-09-03 19:05:00,81765026938,Neha Yadav,ACC760427,Suresh Kumar,3589,DEBIT,Chennai,BOB,IMPS,0
TXN827740,2026-09-08 20:58:00,ATM1752,Cash Deposit,59838307340,Rohit Malhotra,1410,CREDIT,Delhi,ICICI,UPI,0
TXN980797,2026-09-08 22:40:00,ATM3697,Cash Deposit,53524230603,Arjun Singh,20742,CREDIT,Indore,SBI,NEFT,0
TXN323487,2026-09-09 16:28:00,61271874238,Kavita Reddy,ACC753752,Anjali Chopra,1630,DEBIT,Mumbai,Axis,NEFT,0
TXN749435,2026-09-03 01:39:00,ACC977461,Ritu Yadav,94010037709,Meera Reddy,45079,CREDIT,Delhi,ICICI,IMPS,1
TXN674681,2026-09-05 20:50:00,ATM9525,Cash Deposit,16079375387,Meera Chopra,6913,CREDIT,Mumbai,BOB,NEFT,0
TXN428225,2026-09-13 19:54:00,61881044912,Meera Mishra,ACC493929,Manish Jain,144,DEBIT,Mumbai,HDFC,NEFT,0
TXN819933,2026-09-07 22:27:00,ATM5629,Cash Deposit,38249320022,Divya Mishra,9155,CREDIT,Mumbai,Kotak,NEFT,0
TXN721853,2026-09-08 19:30:00,ATM9540,Cash Deposit,78786959606,Sunita Gupta,2565,CREDIT,Mumbai,HDFC,UPI,0
TXN454503,2026-09-03 09:14:00,ATM7697,Cash Deposit,71492139864,Manish Mishra,4015,CREDIT,Mumbai,HDFC,ATM,0
TXN700837,2026-09-08 02:56:00,ACC263675,Meera Agarwal,46217358382,Vikram Yadav,85500,CREDIT,Bhopal,PNB,IMPS,1
TXN360491,2026-09-10 16:43:00,ATM9709,Cash Deposit,78907985673,Neha Kumar,23378,CREDIT,Mumbai,Kotak,UPI,0
TXN905410,2026-09-10 08:38:00,16266114041,Priya Kumar,ACC101801,Neha Malhotra,9664,DEBIT,Hyderabad,HDFC,UPI,0
TXN736795,2026-09-08 08:07:00,ATM7614,Cash Deposit,42847446185,Sneha Gupta,2013,CREDIT,Ahmedabad,HDFC,UPI,0
TXN287337,2026-09-08 18:22:00,84158488165,Rajesh Gupta,ACC610398,Manish Verma,9529,DEBIT,Bhopal,Kotak,UPI,0
TXN895112,2026-09-04 14:09:00,ATM8374,Cash Deposit,62330766032,Meera Agarwal,2033,CREDIT,Jaipur,SBI,ATM,0
TXN836379,2026-09-12 17:42:00,10954761743,Rahul Mishra,ACC135580,Sneha Kumar,9950,DEBIT,Hyderabad,ICICI,IMPS,0
TXN298482,2026-09-06 06:49:00,80303994054,Deepak Singh,ACC333226,Kavita Reddy,3728,DEBIT,Jaipur,HDFC,NEFT,0
TXN818558,2026-09-04 14:12:00,79119838474,Ritu Kumar,ACC529704,Meera Kumar,12651,DEBIT,Pune,BOB,IMPS,0
TXN544052,2026-09-03 22:17:00,94010037709,Meera Reddy,ACC269167,Rahul Patel,10342,DEBIT,Indore,ICICI,IMPS,0
TXN676929,2026-09-12 17:47:00,ATM5834,Cash Deposit,35295201261,Kavita Chopra,6695,CREDIT,Indore,PNB,IMPS,0
TXN476185,2026-09-12 03:38:00,25949442983,Ritu Verma,ACC295161,Meera Sharma,45532,DEBIT,Indore,SBI,IMPS,1
TXN293365,2026-09-13 22:33:00,89806732081,Pooja Agarwal,ACC937600,Kavita Agarwal,13486,DEBIT,Chennai,Kotak,IMPS,0
TXN279407,2026-09-07 07:42:00,ATM1893,Cash Deposit,25455864065,Arjun Jain,18887,CREDIT,Indore,PNB,UPI,0
TXN122032,2026-09-01 13:56:00,ATM9715,Cash Deposit,28572739832,Priya Singh,13074,CREDIT,Indore,BOB,UPI,0
TXN831554,2026-09-04 15:56:00,39714949352,Karan Verma,ACC555858,Deepak Sharma,11923,DEBIT,Jaipur,PNB,NEFT,0
TXN439140,2026-09-01 22:18:00,67789516347,Rahul Singh,ACC891063,Deepak Jain,1368,DEBIT,Delhi,Axis,NEFT,0
TXN511847,2026-09-11 20:08:00,ATM4598,Cash Deposit,60223152223,Pooja Sharma,7670,CREDIT,Delhi,BOB,NEFT,0
TXN157716,2026-09-10 06:06:00,ATM7075,Cash Deposit,10954761743,Rahul Mishra,12354,CREDIT,Hyderabad,ICICI,UPI,0
TXN728587,2026-09-05 15:34:00,81765026938,Neha Yadav,ACC920094,Sunita Gupta,3592,DEBIT,Chennai,BOB,NEFT,0
TXN737633,2026-09-08 03:07:00,62295994188,Priya Kumar,ACC113247,Ritu Patel,48952,DEBIT,Delhi,Yes Bank,UPI,1
TXN892372,2026-09-05 22:29:00,ATM8766,Cash Deposit,29257767423,Divya Singh,10223,CREDIT,Bhopal,Yes Bank,ATM,0
TXN917636,2026-09-11 16:11:00,ATM9658,Cash Deposit,21152597151,Amit Agarwal,21780,CREDIT,Pune,Kotak,NEFT,0
TXN129871,2026-09-02 17:55:00,27440891126,Rajesh Kumar,ACC492584,Karan Reddy,3044,DEBIT,Indore,Kotak,UPI,0
TXN249129,2026-09-07 20:07:00,77546893355,Sunita Singh,ACC385198,Ritu Kumar,8147,DEBIT,Bangalore,Kotak,IMPS,0
TXN641004,2026-09-09 01:05:00,25949442983,Ritu Verma,ACC646504,Priya Agarwal,71545,DEBIT,Jaipur,SBI,IMPS,1
TXN246580,2026-09-06 10:42:00,ATM9116,Cash Deposit,42803635759,Sneha Mishra,19089,CREDIT,Bhopal,SBI,NEFT,0
TXN561034,2026-09-13 16:29:00,56410977202,Kavita Agarwal,ACC462271,Karan Mishra,331,DEBIT,Indore,SBI,UPI,0
TXN133561,2026-09-07 03:18:00,62295994188,Priya Kumar,ACC408699,Sneha Jain,47576,DEBIT,Jaipur,Yes Bank,UPI,1
TXN544824,2026-09-04 08:04:00,67789516347,Rahul Singh,ACC763085,Amit Jain,5118,DEBIT,Delhi,Axis,UPI,0
TXN350016,2026-09-08 06:22:00,ATM9345,Cash Deposit,83550185220,Rohit Jain,21496,CREDIT,Jaipur,BOB,IMPS,0
TXN826194,2026-09-03 06:12:00,80051400936,Rohit Sharma,ACC852400,Suresh Kumar,3067,DEBIT,Chennai,HDFC,UPI,0
TXN441525,2026-09-12 14:22:00,ATM2689,Cash Deposit,21152597151,Amit Agarwal,23375,CREDIT,Pune,Kotak,UPI,0
TXN173738,2026-09-07 09:51:00,ATM5608,Cash Deposit,14952110579,Meera Gupta,11005,CREDIT,Bangalore,BOB,ATM,0
TXN956734,2026-09-01 22:05:00,15993060213,Manish Verma,ACC279218,Amit Mishra,2295,DEBIT,Pune,BOB,NEFT,0
TXN974337,2026-09-07 16:43:00,61648595985,Kavita Yadav,ACC350531,Arjun Verma,14795,DEBIT,Pune,PNB,NEFT,0
TXN911617,2026-09-04 19:52:00,78243523866,Sunita Yadav,ACC713065,Anjali Sharma,132,DEBIT,Bangalore,PNB,IMPS,0
TXN980372,2026-09-01 12:02:00,15257343773,Rohit Jain,ACC882832,Ritu Jain,8794,DEBIT,Hyderabad,HDFC,UPI,0
TXN929118,2026-09-11 06:56:00,25455864065,Arjun Jain,ACC990846,Rohit Malhotra,8851,DEBIT,Indore,PNB,NEFT,0
TXN752739,2026-09-08 10:47:00,ATM1258,Cash Deposit,18163563523,Pooja Chopra,7924,CREDIT,Delhi,SBI,IMPS,0
TXN223461,2026-09-11 19:51:00,27513732321,Divya Mishra,ACC287234,Priya Gupta,4956,DEBIT,Ahmedabad,Kotak,UPI,0
TXN665171,2026-09-04 18:32:00,42803635759,Sneha Mishra,ACC952753,Deepak Mishra,922,DEBIT,Bhopal,SBI,UPI,0
TXN105886,2026-09-04 11:48:00,ATM6734,Cash Deposit,88942334351,Rohit Jain,2108,CREDIT,Delhi,PNB,NEFT,0
TXN446126,2026-09-06 21:47:00,78243523866,Sunita Yadav,ACC553430,Rahul Gupta,2466,DEBIT,Bangalore,PNB,UPI,0
TXN399078,2026-09-03 06:24:00,56410977202,Kavita Agarwal,ACC243445,Neha Gupta,4620,DEBIT,Indore,SBI,NEFT,0
TXN172444,2026-09-11 21:26:00,ATM1424,Cash Deposit,27440891126,Rajesh Kumar,23100,CREDIT,Indore,Kotak,NEFT,0
TXN422238,2026-09-01 20:57:00,78907985673,Neha Kumar,ACC396003,Amit Gupta,3501,DEBIT,Mumbai,Kotak,IMPS,0
TXN719851,2026-09-06 11:20:00,ATM3668,Cash Deposit,60223152223,Pooja Sharma,12409,CREDIT,Delhi,BOB,UPI,0
TXN731788,2026-09-13 07:54:00,56410977202,Kavita Agarwal,ACC577092,Divya Singh,1261,DEBIT,Indore,SBI,ATM,0
TXN683275,2026-09-10 11:45:00,ATM1306,Cash Deposit,78907985673,Neha Kumar,7992,CREDIT,Mumbai,Kotak,ATM,0
TXN205078,2026-09-06 21:28:00,92692462426,Rajesh Malhotra,ACC977826,Anjali Jain,12642,DEBIT,Hyderabad,ICICI,ATM,0
TXN295456,2026-09-09 22:02:00,ATM3920,Cash Deposit,88942334351,Rohit Jain,4471,CREDIT,Delhi,PNB,UPI,0
TXN342295,2026-09-07 01:06:00,53524230603,Arjun Singh,ACC611324,Deepak Sharma,42199,DEBIT,Delhi,SBI,UPI,1
TXN945185,2026-09-06 10:10:00,ATM8221,Cash Deposit,61271874238,Kavita Reddy,2180,CREDIT,Mumbai,Axis,IMPS,0
TXN407111,2026-09-09 15:07:00,ATM3018,Cash Deposit,78907985673,Neha Kumar,16305,CREDIT,Mumbai,Kotak,IMPS,0
TXN266942,2026-09-05 07:59:00,ATM5563,Cash Deposit,86884726222,Sneha Jain,6005,CREDIT,Bhopal,Kotak,IMPS,0
TXN298116,2026-09-11 05:00:00,21724016482,Divya Patel,ACC196200,Pooja Singh,48613,DEBIT,Indore,PNB,UPI,1
TXN632440,2026-09-04 06:39:00,61648595985,Kavita Yadav,ACC462012,Karan Jain,11287,DEBIT,Pune,PNB,UPI,0
TXN422598,2026-09-01 22:35:00,15257343773,Rohit Jain,ACC652971,Neha Gupta,3169,DEBIT,Hyderabad,HDFC,NEFT,0
TXN128377,2026-09-13 08:28:00,88947653928,Manish Patel,ACC214648,Sunita Kumar,885,DEBIT,Delhi,Kotak,UPI,0
TXN350012,2026-09-02 04:34:00,31778562499,Vikram Yadav,ACC761042,Sunita Patel,50836,DEBIT,Jaipur,ICICI,IMPS,1
TXN852062,2026-09-05 15:24:00,ATM6788,Cash Deposit,38696334298,Rajesh Gupta,1167,CREDIT,Hyderabad,ICICI,NEFT,0
TXN858128,2026-09-06 19:22:00,64812761163,Ritu Jain,ACC950196,Neha Gupta,8366,DEBIT,Bhopal,PNB,UPI,0
TXN869061,2026-09-06 21:21:00,ATM5920,Cash Deposit,15993060213,Manish Verma,23250,CREDIT,Pune,BOB,NEFT,0
TXN689814,2026-09-07 06:31:00,ATM4784,Cash Deposit,61648595985,Kavita Yadav,22799,CREDIT,Pune,PNB,UPI,0
TXN197716,2026-09-09 08:30:00,ATM8540,Cash Deposit,61881044912,Meera Mishra,13614,CREDIT,Mumbai,HDFC,NEFT,0
TXN929884,2026-09-12 07:23:00,51082808163,Amit Mishra,ACC794214,Vikram Chopra,9296,DEBIT,Indore,Kotak,NEFT,0
TXN246463,2026-09-12 11:30:00,17487414647,Sunita Kumar,ACC702262,Priya Sharma,13251,DEBIT,Bangalore,BOB,ATM,0
TXN153564,2026-09-03 17:13:00,ATM4534,Cash Deposit,80051400936,Rohit Sharma,5253,CREDIT,Chennai,HDFC,ATM,0
TXN395169,2026-09-11 22:12:00,ATM6100,Cash Deposit,78243523866,Sunita Yadav,23966,CREDIT,Bangalore,PNB,ATM,0
TXN174894,2026-09-09 10:44:00,ATM4228,Cash Deposit,67789516347,Rahul Singh,8834,CREDIT,Delhi,Axis,UPI,0
TXN917682,2026-09-03 06:42:00,80051400936,Rohit Sharma,ACC284598,Neha Jain,1918,DEBIT,Chennai,HDFC,ATM,0
TXN777490,2026-09-12 11:54:00,54834963718,Priya Mishra,ACC544151,Rajesh Jain,2299,DEBIT,Bangalore,Yes Bank,NEFT,0
TXN572850,2026-09-03 06:40:00,ATM8201,Cash Deposit,88947653928,Manish Patel,20822,CREDIT,Delhi,Kotak,UPI,0
TXN898408,2026-09-03 21:47:00,ATM2907,Cash Deposit,28811835994,Rohit Patel,23706,CREDIT,Delhi,HDFC,IMPS,0
TXN543212,2026-09-12 07:03:00,ATM6861,Cash Deposit,23459607651,Deepak Gupta,7864,CREDIT,Jaipur,SBI,NEFT,0
TXN717769,2026-09-05 13:46:00,ATM4176,Cash Deposit,25949442983,Ritu Verma,14291,CREDIT,Indore,SBI,IMPS,0
TXN164837,2026-09-05 15:03:00,ATM3229,Cash Deposit,25046528783,Amit Verma,20689,CREDIT,Bangalore,HDFC,ATM,0
TXN610167,2026-09-07 16:01:00,ATM7002,Cash Deposit,64812761163,Ritu Jain,16897,CREDIT,Bhopal,PNB,NEFT,0
TXN648840,2026-09-03 16:41:00,ATM3446,Cash Deposit,94010037709,Meera Reddy,19557,CREDIT,Indore,ICICI,IMPS,0
TXN721529,2026-09-05 09:03:00,ATM1551,Cash Deposit,77546893355,Sunita Singh,19055,CREDIT,Bangalore,Kotak,IMPS,0
TXN360664,2026-09-06 06:48:00,74738100507,Neha Chopra,ACC669811,Divya Yadav,577,DEBIT,Hyderabad,Kotak,IMPS,0
TXN820186,2026-09-05 09:20:00,47353171337,Meera Singh,ACC322338,Priya Patel,7295,DEBIT,Jaipur,BOB,NEFT,0
TXN552989,2026-09-05 17:56:00,93001408673,Rahul Gupta,ACC778238,Amit Sharma,9729,DEBIT,Pune,BOB,UPI,0
TXN152695,2026-09-03 13:18:00,ATM2272,Cash Deposit,78907985673,Neha Kumar,18161,CREDIT,Mumbai,Kotak,UPI,0
TXN571161,2026-09-04 13:23:00,ATM6814,Cash Deposit,28811835994,Rohit Patel,12760,CREDIT,Delhi,HDFC,UPI,0
TXN420566,2026-09-09 18:00:00,ATM1529,Cash Deposit,80051400936,Rohit Sharma,21465,CREDIT,Chennai,HDFC,IMPS,0
TXN357558,2026-09-12 10:18:00,ATM7244,Cash Deposit,10954761743,Rahul Mishra,21575,CREDIT,Hyderabad,ICICI,ATM,0
TXN604005,2026-09-12 08:00:00,29257767423,Divya Singh,ACC323327,Sunita Yadav,8734,DEBIT,Bhopal,Yes Bank,UPI,0
TXN614956,2026-09-11 06:51:00,ATM7560,Cash Deposit,60223152223,Pooja Sharma,18404,CREDIT,Delhi,BOB,ATM,0
TXN406326,2026-09-10 16:18:00,ATM4059,Cash Deposit,33519243485,Rahul Singh,18863,CREDIT,Bangalore,Kotak,ATM,0
TXN439605,2026-09-04 13:41:00,ATM6866,Cash Deposit,51082808163,Amit Mishra,22737,CREDIT,Indore,Kotak,ATM,0
TXN429438,2026-09-07 20:20:00,31832239312,Rajesh Singh,ACC297500,Meera Reddy,1853,DEBIT,Bangalore,SBI,UPI,0
TXN181225,2026-09-07 08:02:00,15257343773,Rohit Jain,ACC723718,Meera Jain,2947,DEBIT,Hyderabad,HDFC,UPI,0
TXN532104,2026-09-02 13:11:00,23459607651,Deepak Gupta,ACC289714,Rohit Malhotra,10778,DEBIT,Jaipur,SBI,UPI,0
TXN956428,2026-09-01 15:24:00,81765026938,Neha Yadav,ACC702186,Vikram Jain,4409,DEBIT,Chennai,BOB,UPI,0
TXN716742,2026-09-05 14:34:00,17657106190,Pooja Chopra,ACC201536,Sunita Mishra,895,DEBIT,Chennai,BOB,NEFT,0
TXN298219,2026-09-02 12:21:00,ATM9698,Cash Deposit,21996807497,Pooja Mishra,18684,CREDIT,Delhi,ICICI,ATM,0
TXN814759,2026-09-01 11:25:00,ATM2317,Cash Deposit,17487414647,Sunita Kumar,21531,CREDIT,Bangalore,BOB,UPI,0
TXN538144,2026-09-01 11:10:00,67789516347,Rahul Singh,ACC783783,Rajesh Agarwal,13765,DEBIT,Delhi,Axis,IMPS,0
TXN680429,2026-09-05 22:58:00,66832962350,Ritu Singh,ACC668476,Deepak Reddy,1589,DEBIT,Bhopal,Axis,ATM,0
TXN413610,2026-09-08 03:00:00,62295994188,Priya Kumar,ACC952590,Rajesh Reddy,41870,DEBIT,Indore,Yes Bank,UPI,1
TXN947353,2026-09-02 01:07:00,21724016482,Divya Patel,ACC914555,Sneha Malhotra,44350,DEBIT,Jaipur,PNB,UPI,1
TXN572717,2026-09-09 10:04:00,27440891126,Rajesh Kumar,ACC820498,Ritu Yadav,6316,DEBIT,Indore,Kotak,IMPS,0
TXN503507,2026-09-12 01:20:00,13085810396,Suresh Gupta,ACC410234,Karan Patel,43188,DEBIT,Jaipur,ICICI,UPI,1
TXN439012,2026-09-07 22:35:00,15993060213,Manish Verma,ACC370708,Anjali Verma,2112,DEBIT,Pune,BOB,IMPS,0
TXN238271,2026-09-04 06:14:00,14952110579,Meera Gupta,ACC539400,Rajesh Sharma,11512,DEBIT,Bangalore,BOB,ATM,0
TXN338857,2026-09-13 15:23:00,ATM1465,Cash Deposit,67789516347,Rahul Singh,7878,CREDIT,Delhi,Axis,ATM,0
TXN924442,2026-09-02 08:01:00,94010037709,Meera Reddy,ACC816983,Divya Mishra,8851,DEBIT,Indore,ICICI,UPI,0
TXN942052,2026-09-13 16:24:00,ATM8163,Cash Deposit,33939602316,Rahul Singh,13222,CREDIT,Pune,HDFC,IMPS,0
TXN730106,2026-09-13 02:00:00,33519243485,Rahul Singh,ACC441620,Suresh Chopra,48994,DEBIT,Indore,Kotak,UPI,1
TXN483578,2026-09-08 04:48:00,27440891126,Rajesh Kumar,ACC719764,Priya Gupta,76199,DEBIT,Jaipur,Kotak,IMPS,1
TXN694029,2026-09-02 12:24:00,83550185220,Rohit Jain,ACC328646,Suresh Verma,2055,DEBIT,Jaipur,BOB,IMPS,0
TXN182704,2026-09-12 15:40:00,81765026938,Neha Yadav,ACC433061,Sneha Patel,3203,DEBIT,Chennai,BOB,ATM,0
TXN937258,2026-09-06 15:31:00,ATM3835,Cash Deposit,28722783625,Divya Jain,15431,CREDIT,Indore,BOB,IMPS,0
TXN278542,2026-09-08 10:33:00,28722783625,Divya Jain,ACC898470,Arjun Malhotra,11300,DEBIT,Indore,BOB,NEFT,0
TXN728825,2026-09-01 08:52:00,ATM5747,Cash Deposit,23459607651,Deepak Gupta,16266,CREDIT,Jaipur,SBI,ATM,0
TXN569333,2026-09-11 19:54:00,85477217606,Amit Sharma,ACC464261,Priya Chopra,12238,DEBIT,Pune,Yes Bank,NEFT,0
TXN233293,2026-09-03 21:15:00,ATM1857,Cash Deposit,14947141822,Amit Patel,19904,CREDIT,Delhi,PNB,UPI,0
TXN767450,2026-09-03 10:25:00,28722783625,Divya Jain,ACC873315,Rajesh Malhotra,3539,DEBIT,Indore,BOB,ATM,0
TXN126910,2026-09-03 12:39:00,56410977202,Kavita Agarwal,ACC178055,Karan Jain,14142,DEBIT,Indore,SBI,IMPS,0
TXN992440,2026-09-03 14:53:00,35295201261,Kavita Chopra,ACC239276,Priya Chopra,9326,DEBIT,Indore,PNB,ATM,0
TXN877453,2026-09-13 18:05:00,33519243485,Rahul Singh,ACC120308,Rahul Patel,3625,DEBIT,Bangalore,Kotak,IMPS,0
TXN106252,2026-09-06 06:29:00,61271874238,Kavita Reddy,ACC638048,Sunita Malhotra,2953,DEBIT,Mumbai,Axis,ATM,0
TXN151738,2026-09-11 09:40:00,ATM1239,Cash Deposit,64812761163,Ritu Jain,22464,CREDIT,Bhopal,PNB,IMPS,0
TXN783666,2026-09-06 13:36:00,ATM7780,Cash Deposit,66832962350,Ritu Singh,4195,CREDIT,Bhopal,Axis,ATM,0
TXN865705,2026-09-06 16:28:00,ATM4659,Cash Deposit,53524230603,Arjun Singh,1917,CREDIT,Indore,SBI,ATM,0
TXN448509,2026-09-03 10:25:00,33519243485,Rahul Singh,ACC316887,Manish Yadav,6260,DEBIT,Bangalore,Kotak,UPI,0
TXN748063,2026-09-01 15:40:00,33806719594,Pooja Mishra,ACC955735,Priya Patel,6212,DEBIT,Pune,Yes Bank,IMPS,0
TXN484770,2026-09-13 16:29:00,ATM1143,Cash Deposit,16079375387,Meera Chopra,12309,CREDIT,Mumbai,BOB,IMPS,0
TXN613157,2026-09-07 12:08:00,17487414647,Sunita Kumar,ACC797160,Sunita Mishra,11043,DEBIT,Bangalore,BOB,IMPS,0
TXN476322,2026-09-11 11:16:00,ATM3113,Cash Deposit,73934227238,Vikram Malhotra,11239,CREDIT,Pune,BOB,ATM,0
TXN566464,2026-09-04 06:54:00,ATM2564,Cash Deposit,16079375387,Meera Chopra,12213,CREDIT,Mumbai,BOB,IMPS,0
TXN670786,2026-09-11 10:37:00,94010037709,Meera Reddy,ACC974310,Kavita Sharma,606,DEBIT,Indore,ICICI,NEFT,0
TXN217640,2026-09-01 11:16:00,18465419838,Rahul Chopra,ACC666828,Anjali Yadav,9873,DEBIT,Delhi,SBI,ATM,0
TXN797948,2026-09-01 17:51:00,64812761163,Ritu Jain,ACC834481,Karan Gupta,14420,DEBIT,Bhopal,PNB,ATM,0
TXN494426,2026-09-12 13:59:00,88947653928,Manish Patel,ACC990079,Neha Kumar,1731,DEBIT,Delhi,Kotak,IMPS,0
TXN591176,2026-09-01 16:31:00,ATM4625,Cash Deposit,44572126008,Sunita Singh,16514,CREDIT,Jaipur,Yes Bank,UPI,0
TXN114509,2026-09-06 15:19:00,16079375387,Meera Chopra,ACC104296,Kavita Jain,4472,DEBIT,Mumbai,BOB,ATM,0
TXN759036,2026-09-01 18:50:00,93001408673,Rahul Gupta,ACC751454,Ritu Yadav,11624,DEBIT,Pune,BOB,ATM,0
TXN637508,2026-09-07 11:02:00,ATM4915,Cash Deposit,62330766032,Meera Agarwal,18569,CREDIT,Jaipur,SBI,IMPS,0
TXN633400,2026-09-12 06:40:00,ATM4033,Cash Deposit,44572126008,Sunita Singh,1438,CREDIT,Jaipur,Yes Bank,IMPS,0
TXN874179,2026-09-02 01:00:00,21724016482,Divya Patel,ACC203677,Amit Patel,48734,DEBIT,Indore,PNB,UPI,1
TXN816743,2026-09-10 12:13:00,ATM2422,Cash Deposit,79724425656,Sneha Singh,22529,CREDIT,Indore,PNB,IMPS,0
TXN807364,2026-09-04 19:25:00,27513732321,Divya Mishra,ACC158866,Ritu Chopra,9493,DEBIT,Ahmedabad,Kotak,NEFT,0
TXN399609,2026-09-11 09:59:00,94010037709,Meera Reddy,ACC932374,Karan Gupta,11307,DEBIT,Indore,ICICI,IMPS,0
TXN869346,2026-09-01 16:05:00,51960581410,Pooja Patel,ACC619264,Rohit Gupta,6125,DEBIT,Chennai,HDFC,UPI,0
TXN721391,2026-09-05 02:10:00,ACC537692,Deepak Jain,19051614020,Sunita Verma,51873,CREDIT,Jaipur,Kotak,IMPS,1
TXN835117,2026-09-09 21:34:00,ATM7788,Cash Deposit,78786959606,Sunita Gupta,17606,CREDIT,Mumbai,HDFC,IMPS,0
TXN295638,2026-09-04 12:41:00,61881044912,Meera Mishra,ACC597863,Vikram Verma,8775,DEBIT,Mumbai,HDFC,UPI,0
TXN967950,2026-09-02 11:48:00,ATM7442,Cash Deposit,21996807497,Pooja Mishra,13037,CREDIT,Delhi,ICICI,IMPS,0
TXN172031,2026-09-11 13:55:00,ATM6778,Cash Deposit,44572126008,Sunita Singh,11689,CREDIT,Jaipur,Yes Bank,ATM,0
TXN515016,2026-09-06 14:21:00,ATM9033,Cash Deposit,88947653928,Manish Patel,19485,CREDIT,Delhi,Kotak,IMPS,0
TXN991391,2026-09-11 22:08:00,ATM7025,Cash Deposit,78786959606,Sunita Gupta,865,CREDIT,Mumbai,HDFC,UPI,0
TXN698750,2026-09-12 13:26:00,ATM4838,Cash Deposit,61648595985,Kavita Yadav,16750,CREDIT,Pune,PNB,UPI,0
TXN939852,2026-09-10 13:45:00,56014698390,Priya Sharma,ACC407762,Karan Verma,13020,DEBIT,Hyderabad,Yes Bank,IMPS,0
TXN954307,2026-09-04 02:01:00,ACC356427,Karan Jain,35295201261,Kavita Chopra,73631,CREDIT,Indore,PNB,IMPS,1
TXN752974,2026-09-03 11:04:00,ATM7112,Cash Deposit,73934227238,Vikram Malhotra,3235,CREDIT,Pune,BOB,UPI,0
TXN595893,2026-09-13 21:08:00,ATM8287,Cash Deposit,59838307340,Rohit Malhotra,3221,CREDIT,Delhi,ICICI,ATM,0
TXN830371,2026-09-07 22:37:00,19051614020,Sunita Verma,ACC951119,Rahul Patel,14484,DEBIT,Indore,Kotak,ATM,0
TXN720544,2026-09-13 07:33:00,ATM6789,Cash Deposit,51082808163,Amit Mishra,3338,CREDIT,Indore,Kotak,ATM,0
TXN934155,2026-09-12 09:31:00,37876608445,Kavita Verma,ACC883762,Neha Singh,6067,DEBIT,Bhopal,PNB,NEFT,0
TXN664764,2026-09-12 20:40:00,21152597151,Amit Agarwal,ACC220107,Rajesh Reddy,6048,DEBIT,Pune,Kotak,IMPS,0
TXN481696,2026-09-10 20:24:00,ATM1768,Cash Deposit,37876608445,Kavita Verma,3166,CREDIT,Bhopal,PNB,ATM,0
TXN122333,2026-09-13 22:24:00,21152597151,Amit Agarwal,ACC183880,Rahul Chopra,2614,DEBIT,Pune,Kotak,NEFT,0
TXN397118,2026-09-08 18:28:00,ATM7337,Cash Deposit,80303994054,Deepak Singh,7961,CREDIT,Jaipur,HDFC,ATM,0
TXN212819,2026-09-10 19:10:00,ATM2257,Cash Deposit,16079375387,Meera Chopra,6399,CREDIT,Mumbai,BOB,NEFT,0
TXN499695,2026-09-03 18:52:00,80303994054,Deepak Singh,ACC734358,Karan Yadav,13337,DEBIT,Jaipur,HDFC,IMPS,0
TXN575838,2026-09-07 17:33:00,ATM6132,Cash Deposit,25455864065,Arjun Jain,1194,CREDIT,Indore,PNB,UPI,0
TXN540634,2026-09-02 12:08:00,62016806938,Divya Kumar,ACC713018,Amit Singh,7036,DEBIT,Indore,PNB,NEFT,0
TXN887784,2026-09-09 11:51:00,44572126008,Sunita Singh,ACC470119,Pooja Kumar,4815,DEBIT,Jaipur,Yes Bank,NEFT,0
TXN770318,2026-09-11 09:39:00,97930489515,Anjali Reddy,ACC737525,Pooja Chopra,521,DEBIT,Ahmedabad,BOB,NEFT,0
TXN437422,2026-09-05 06:39:00,78907985673,Neha Kumar,ACC215173,Anjali Sharma,454,DEBIT,Mumbai,Kotak,NEFT,0
TXN185995,2026-09-10 08:00:00,ATM9237,Cash Deposit,54834963718,Priya Mishra,11403,CREDIT,Bangalore,Yes Bank,IMPS,0
TXN366217,2026-09-02 13:55:00,51960581410,Pooja Patel,ACC436749,Karan Yadav,5289,DEBIT,Chennai,HDFC,UPI,0
TXN891822,2026-09-09 16:34:00,ATM1624,Cash Deposit,10954761743,Rahul Mishra,23494,CREDIT,Hyderabad,ICICI,IMPS,0
TXN304490,2026-09-11 20:11:00,ATM3788,Cash Deposit,46217358382,Vikram Yadav,21993,CREDIT,Pune,PNB,UPI,0
TXN687536,2026-09-02 11:07:00,74738100507,Neha Chopra,ACC776911,Ritu Mishra,3312,DEBIT,Hyderabad,Kotak,IMPS,0
TXN682855,2026-09-02 16:27:00,ATM2876,Cash Deposit,33519243485,Rahul Singh,21324,CREDIT,Bangalore,Kotak,UPI,0
TXN588665,2026-09-03 09:06:00,19051614020,Sunita Verma,ACC210610,Amit Kumar,6692,DEBIT,Indore,Kotak,ATM,0
TXN985989,2026-09-02 11:28:00,33939602316,Rahul Singh,ACC502608,Amit Agarwal,10660,DEBIT,Pune,HDFC,ATM,0
TXN201383,2026-09-07 22:09:00,ATM8657,Cash Deposit,12083619635,Suresh Jain,18637,CREDIT,Mumbai,Kotak,NEFT,0
TXN740418,2026-09-12 08:09:00,21996807497,Pooja Mishra,ACC733681,Sneha Kumar,8903,DEBIT,Delhi,ICICI,IMPS,0
TXN106602,2026-09-01 07:55:00,61271874238,Kavita Reddy,ACC552822,Suresh Agarwal,7040,DEBIT,Mumbai,Axis,ATM,0
TXN767694,2026-09-12 14:43:00,62295994188,Priya Kumar,ACC558623,Ritu Yadav,9164,DEBIT,Indore,Yes Bank,NEFT,0
TXN475431,2026-09-04 21:49:00,51082808163,Amit Mishra,ACC420365,Sunita Sharma,6862,DEBIT,Indore,Kotak,NEFT,0
TXN219811,2026-09-08 13:20:00,ATM6126,Cash Deposit,15993060213,Manish Verma,7202,CREDIT,Pune,BOB,ATM,0
TXN798098,2026-09-10 12:50:00,ATM2258,Cash Deposit,79119838474,Ritu Kumar,17223,CREDIT,Pune,BOB,UPI,0
TXN725928,2026-09-09 13:53:00,56410977202,Kavita Agarwal,ACC991605,Vikram Kumar,12530,DEBIT,Indore,SBI,ATM,0
TXN699696,2026-09-07 06:56:00,ATM8885,Cash Deposit,28811835994,Rohit Patel,15383,CREDIT,Delhi,HDFC,NEFT,0
TXN780120,2026-09-08 21:54:00,21996807497,Pooja Mishra,ACC461811,Priya Agarwal,14596,DEBIT,Delhi,ICICI,IMPS,0
TXN561594,2026-09-13 09:46:00,71492139864,Manish Mishra,ACC918423,Meera Kumar,3099,DEBIT,Mumbai,HDFC,UPI,0
TXN962533,2026-09-03 19:49:00,62016806938,Divya Kumar,ACC434325,Vikram Singh,12496,DEBIT,Indore,PNB,IMPS,0
TXN831456,2026-09-07 06:41:00,ATM9128,Cash Deposit,62295994188,Priya Kumar,20028,CREDIT,Indore,Yes Bank,UPI,0
TXN198219,2026-09-03 19:08:00,84158488165,Rajesh Gupta,ACC227200,Divya Malhotra,1398,DEBIT,Bhopal,Kotak,ATM,0
TXN902880,2026-09-02 07:55:00,92283572728,Kavita Chopra,ACC479281,Arjun Singh,1965,DEBIT,Ahmedabad,ICICI,UPI,0
TXN334090,2026-09-01 22:29:00,89273122515,Divya Malhotra,ACC271266,Neha Sharma,8782,DEBIT,Pune,Kotak,UPI,0
TXN298851,2026-09-04 14:46:00,ATM3635,Cash Deposit,42803635759,Sneha Mishra,18991,CREDIT,Bhopal,SBI,UPI,0
TXN511943,2026-09-05 20:57:00,ATM4942,Cash Deposit,33806719594,Pooja Mishra,6193,CREDIT,Pune,Yes Bank,IMPS,0
TXN563013,2026-09-02 02:00:00,80303994054,Deepak Singh,ACC495304,Kavita Yadav,43694,DEBIT,Indore,HDFC,UPI,1
TXN224433,2026-09-13 14:43:00,85225093763,Suresh Reddy,ACC602301,Manish Verma,11433,DEBIT,Ahmedabad,PNB,UPI,0
TXN317879,2026-09-12 10:16:00,74738100507,Neha Chopra,ACC232292,Arjun Yadav,1713,DEBIT,Hyderabad,Kotak,ATM,0
TXN217114,2026-09-02 07:43:00,73165735166,Priya Malhotra,ACC845850,Manish Jain,4981,DEBIT,Pune,Kotak,UPI,0
TXN118095,2026-09-08 04:51:00,ACC833944,Rohit Agarwal,21996807497,Pooja Mishra,82876,CREDIT,Indore,ICICI,IMPS,1
TXN880955,2026-09-11 06:17:00,21724016482,Divya Patel,ACC781889,Rahul Patel,13586,DEBIT,Delhi,PNB,ATM,0
TXN558861,2026-09-07 10:15:00,ATM8837,Cash Deposit,73934227238,Vikram Malhotra,17535,CREDIT,Pune,BOB,NEFT,0
TXN558374,2026-09-04 21:14:00,56410977202,Kavita Agarwal,ACC808573,Pooja Chopra,6771,DEBIT,Indore,SBI,NEFT,0
TXN931994,2026-09-12 08:21:00,28572739832,Priya Singh,ACC573990,Suresh Singh,13977,DEBIT,Indore,BOB,UPI,0
TXN532008,2026-09-04 22:45:00,15993060213,Manish Verma,ACC749445,Rahul Agarwal,9103,DEBIT,Pune,BOB,UPI,0
TXN227536,2026-09-03 10:46:00,ATM9413,Cash Deposit,63323345311,Neha Singh,18955,CREDIT,Mumbai,BOB,UPI,0
TXN731007,2026-09-07 10:48:00,ATM6006,Cash Deposit,79724425656,Sneha Singh,21328,CREDIT,Indore,PNB,NEFT,0
TXN816979,2026-09-05 12:01:00,ATM6520,Cash Deposit,33519243485,Rahul Singh,799,CREDIT,Bangalore,Kotak,UPI,0
TXN957268,2026-09-09 01:01:00,ACC826904,Ritu Mishra,25949442983,Ritu Verma,74520,CREDIT,Delhi,SBI,IMPS,1
TXN638507,2026-09-04 11:26:00,ATM1075,Cash Deposit,28572739832,Priya Singh,20900,CREDIT,Indore,BOB,ATM,0
TXN933851,2026-09-07 15:26:00,ATM9761,Cash Deposit,61103002938,Vikram Gupta,22054,CREDIT,Indore,Yes Bank,UPI,0
TXN899303,2026-09-05 03:46:00,29260902250,Rohit Verma,ACC828463,Manish Chopra,50805,DEBIT,Jaipur,Kotak,IMPS,1
TXN323434,2026-09-02 10:14:00,89806732081,Pooja Agarwal,ACC640446,Vikram Singh,7649,DEBIT,Chennai,Kotak,ATM,0
TXN594967,2026-09-05 18:43:00,ATM2670,Cash Deposit,10954761743,Rahul Mishra,15098,CREDIT,Hyderabad,ICICI,NEFT,0
TXN238835,2026-09-02 07:09:00,ATM2017,Cash Deposit,92283572728,Kavita Chopra,2003,CREDIT,Ahmedabad,ICICI,IMPS,0
TXN234088,2026-09-06 21:48:00,ATM7655,Cash Deposit,33519243485,Rahul Singh,13160,CREDIT,Bangalore,Kotak,NEFT,0
TXN274960,2026-09-08 01:20:00,42847446185,Sneha Gupta,ACC372092,Meera Sharma,42704,DEBIT,Bhopal,HDFC,UPI,1
TXN557210,2026-09-02 08:03:00,ATM1595,Cash Deposit,14952110579,Meera Gupta,1282,CREDIT,Bangalore,BOB,ATM,0
TXN261322,2026-09-07 07:51:00,ATM1786,Cash Deposit,89806732081,Pooja Agarwal,18084,CREDIT,Chennai,Kotak,ATM,0
TXN735866,2026-09-12 12:49:00,ATM5657,Cash Deposit,97930489515,Anjali Reddy,9627,CREDIT,Ahmedabad,BOB,NEFT,0
TXN463308,2026-09-12 09:58:00,14952110579,Meera Gupta,ACC276931,Anjali Jain,9601,DEBIT,Bangalore,BOB,UPI,0
TXN383358,2026-09-12 08:39:00,29260902250,Rohit Verma,ACC640531,Rohit Malhotra,12438,DEBIT,Indore,Kotak,ATM,0
TXN408756,2026-09-01 17:03:00,10954761743,Rahul Mishra,ACC621214,Priya Singh,13839,DEBIT,Hyderabad,ICICI,UPI,0
TXN263176,2026-09-01 08:56:00,35295201261,Kavita Chopra,ACC203108,Manish Yadav,5587,DEBIT,Indore,PNB,UPI,0
TXN489779,2026-09-13 19:58:00,78907985673,Neha Kumar,ACC173188,Pooja Yadav,9542,DEBIT,Mumbai,Kotak,ATM,0
TXN657682,2026-09-12 13:15:00,ATM2529,Cash Deposit,39714949352,Karan Verma,11811,CREDIT,Jaipur,PNB,IMPS,0
TXN330542,2026-09-08 19:39:00,ATM8593,Cash Deposit,33806719594,Pooja Mishra,1962,CREDIT,Pune,Yes Bank,NEFT,0
TXN771877,2026-09-13 15:48:00,28722783625,Divya Jain,ACC673854,Priya Yadav,11012,DEBIT,Indore,BOB,UPI,0
TXN672244,2026-09-10 14:35:00,84158488165,Rajesh Gupta,ACC626588,Sunita Malhotra,630,DEBIT,Bhopal,Kotak,IMPS,0
TXN803880,2026-09-09 11:32:00,85225093763,Suresh Reddy,ACC305480,Divya Chopra,5615,DEBIT,Ahmedabad,PNB,ATM,0
TXN407023,2026-09-02 22:22:00,21724016482,Divya Patel,ACC950682,Manish Sharma,10247,DEBIT,Delhi,PNB,NEFT,0
TXN979308,2026-09-12 12:15:00,ATM3628,Cash Deposit,21996807497,Pooja Mishra,8390,CREDIT,Delhi,ICICI,IMPS,0
TXN138164,2026-09-02 15:50:00,53524230603,Arjun Singh,ACC644592,Arjun Malhotra,13550,DEBIT,Indore,SBI,ATM,0
TXN995693,2026-09-13 08:07:00,27513732321,Divya Mishra,ACC392651,Arjun Malhotra,1124,DEBIT,Ahmedabad,Kotak,NEFT,0
TXN289732,2026-09-04 06:08:00,24118041504,Meera Chopra,ACC484217,Neha Yadav,4385,DEBIT,Chennai,HDFC,UPI,0
TXN529825,2026-09-06 09:25:00,ATM5571,Cash Deposit,33939602316,Rahul Singh,6204,CREDIT,Pune,HDFC,UPI,0
TXN901314,2026-09-08 13:25:00,ATM2865,Cash Deposit,74738100507,Neha Chopra,10977,CREDIT,Hyderabad,Kotak,IMPS,0
TXN391954,2026-09-04 08:32:00,56014698390,Priya Sharma,ACC439521,Amit Kumar,2886,DEBIT,Hyderabad,Yes Bank,UPI,0
TXN184288,2026-09-02 20:40:00,79724425656,Sneha Singh,ACC787801,Rohit Verma,13550,DEBIT,Indore,PNB,ATM,0
TXN643650,2026-09-13 08:33:00,ATM9784,Cash Deposit,21996807497,Pooja Mishra,20231,CREDIT,Delhi,ICICI,NEFT,0
TXN698177,2026-09-10 15:07:00,62016806938,Divya Kumar,ACC611230,Sneha Patel,5766,DEBIT,Indore,PNB,UPI,0
TXN787195,2026-09-07 03:07:00,62295994188,Priya Kumar,ACC890539,Anjali Chopra,48664,DEBIT,Delhi,Yes Bank,UPI,1
TXN749767,2026-09-08 13:12:00,73165735166,Priya Malhotra,ACC281327,Vikram Gupta,5192,DEBIT,Pune,Kotak,NEFT,0
TXN645499,2026-09-02 13:43:00,ATM8827,Cash Deposit,80303994054,Deepak Singh,2499,CREDIT,Jaipur,HDFC,NEFT,0
TXN579004,2026-09-06 11:29:00,16266114041,Priya Kumar,ACC318642,Kavita Mishra,14403,DEBIT,Hyderabad,HDFC,NEFT,0
TXN767554,2026-09-07 15:08:00,62330766032,Meera Agarwal,ACC438223,Sneha Malhotra,10145,DEBIT,Jaipur,SBI,ATM,0
TXN317274,2026-09-07 21:24:00,42847446185,Sneha Gupta,ACC962633,Karan Sharma,5702,DEBIT,Ahmedabad,HDFC,IMPS,0
TXN914348,2026-09-09 12:08:00,12904529504,Deepak Kumar,ACC898382,Vikram Patel,14544,DEBIT,Chennai,HDFC,ATM,0
TXN506550,2026-09-01 14:54:00,62295994188,Priya Kumar,ACC124587,Vikram Sharma,606,DEBIT,Indore,Yes Bank,UPI,0
TXN771751,2026-09-03 21:37:00,51082808163,Amit Mishra,ACC334111,Amit Mishra,11190,DEBIT,Indore,Kotak,IMPS,0
TXN573077,2026-09-06 21:51:00,12083619635,Suresh Jain,ACC264982,Vikram Gupta,5249,DEBIT,Mumbai,Kotak,NEFT,0
TXN489198,2026-09-02 12:06:00,ATM7699,Cash Deposit,21152597151,Amit Agarwal,17537,CREDIT,Pune,Kotak,NEFT,0
TXN670896,2026-09-05 13:01:00,ATM5967,Cash Deposit,94010037709,Meera Reddy,6640,CREDIT,Indore,ICICI,NEFT,0
TXN184970,2026-09-03 06:55:00,27440891126,Rajesh Kumar,ACC465634,Rahul Chopra,10046,DEBIT,Indore,Kotak,IMPS,0
TXN821988,2026-09-04 21:20:00,62295994188,Priya Kumar,ACC304508,Rohit Chopra,14015,DEBIT,Indore,Yes Bank,NEFT,0
TXN381435,2026-09-09 11:47:00,61103002938,Vikram Gupta,ACC732235,Rajesh Reddy,6151,DEBIT,Indore,Yes Bank,IMPS,0
TXN334824,2026-09-06 05:16:00,24118041504,Meera Chopra,ACC109750,Deepak Patel,41449,DEBIT,Delhi,HDFC,UPI,1
TXN340227,2026-09-05 18:47:00,31832239312,Rajesh Singh,ACC883575,Rahul Kumar,10148,DEBIT,Bangalore,SBI,NEFT,0
TXN661808,2026-09-12 07:25:00,ATM6581,Cash Deposit,84158488165,Rajesh Gupta,11345,CREDIT,Bhopal,Kotak,ATM,0
TXN516208,2026-09-07 04:24:00,ACC103751,Amit Reddy,15993060213,Manish Verma,86476,CREDIT,Bhopal,BOB,IMPS,1
TXN184015,2026-09-08 03:12:00,62295994188,Priya Kumar,ACC184001,Ritu Verma,41013,DEBIT,Bhopal,Yes Bank,UPI,1
TXN582338,2026-09-10 15:27:00,ATM7605,Cash Deposit,85225093763,Suresh Reddy,2504,CREDIT,Ahmedabad,PNB,ATM,0
TXN352838,2026-09-02 16:47:00,ATM6171,Cash Deposit,97930489515,Anjali Reddy,3114,CREDIT,Ahmedabad,BOB,IMPS,0
TXN787085,2026-09-07 09:01:00,ATM7934,Cash Deposit,24118041504,Meera Chopra,17106,CREDIT,Chennai,HDFC,ATM,0
TXN412797,2026-09-13 08:56:00,ATM4494,Cash Deposit,62295994188,Priya Kumar,10189,CREDIT,Indore,Yes Bank,UPI,0
TXN430825,2026-09-13 14:02:00,ATM1041,Cash Deposit,57171365272,Rohit Mishra,4063,CREDIT,Ahmedabad,PNB,UPI,0
TXN194892,2026-09-08 13:52:00,ATM3152,Cash Deposit,44704140239,Suresh Singh,12875,CREDIT,Indore,Kotak,NEFT,0
TXN421010,2026-09-06 19:50:00,ATM6310,Cash Deposit,31832239312,Rajesh Singh,3932,CREDIT,Bangalore,SBI,IMPS,0
TXN505614,2026-09-05 07:19:00,28722783625,Divya Jain,ACC242095,Arjun Singh,4476,DEBIT,Indore,BOB,ATM,0
TXN557305,2026-09-02 19:29:00,ATM3596,Cash Deposit,10954761743,Rahul Mishra,12037,CREDIT,Hyderabad,ICICI,UPI,0
TXN112551,2026-09-10 07:16:00,44572126008,Sunita Singh,ACC878398,Karan Patel,2630,DEBIT,Jaipur,Yes Bank,NEFT,0
TXN394801,2026-09-08 04:43:00,ACC281439,Rajesh Patel,27440891126,Rajesh Kumar,53658,CREDIT,Bhopal,Kotak,IMPS,1
TXN774084,2026-09-08 02:57:00,46217358382,Vikram Yadav,ACC826303,Arjun Verma,51029,DEBIT,Indore,PNB,IMPS,1
TXN242052,2026-09-03 10:52:00,33519243485,Rahul Singh,ACC420162,Rohit Verma,13116,DEBIT,Bangalore,Kotak,IMPS,0
TXN936770,2026-09-05 09:51:00,ATM9857,Cash Deposit,51960581410,Pooja Patel,14579,CREDIT,Chennai,HDFC,ATM,0
TXN125998,2026-09-01 10:35:00,17487414647,Sunita Kumar,ACC331075,Amit Mishra,1622,DEBIT,Bangalore,BOB,UPI,0
TXN137230,2026-09-05 12:21:00,44572126008,Sunita Singh,ACC273877,Arjun Reddy,5340,DEBIT,Jaipur,Yes Bank,ATM,0
TXN720081,2026-09-12 07:45:00,14952110579,Meera Gupta,ACC787682,Priya Mishra,14667,DEBIT,Bangalore,BOB,UPI,0
TXN446582,2026-09-09 11:36:00,42803635759,Sneha Mishra,ACC714744,Divya Reddy,11023,DEBIT,Bhopal,SBI,ATM,0
TXN284884,2026-09-05 19:39:00,ATM5813,Cash Deposit,33806719594,Pooja Mishra,22653,CREDIT,Pune,Yes Bank,UPI,0
TXN984728,2026-09-07 20:14:00,16079375387,Meera Chopra,ACC646120,Sneha Patel,5605,DEBIT,Mumbai,BOB,UPI,0
TXN451476,2026-09-13 06:32:00,ATM2119,Cash Deposit,25046528783,Amit Verma,12574,CREDIT,Bangalore,HDFC,IMPS,0
TXN336632,2026-09-06 02:53:00,25949442983,Ritu Verma,ACC379242,Pooja Jain,87198,DEBIT,Jaipur,SBI,IMPS,1
TXN984812,2026-09-08 05:07:00,29257767423,Divya Singh,ACC735165,Manish Singh,43261,DEBIT,Delhi,Yes Bank,UPI,1
TXN447530,2026-09-08 05:00:00,29257767423,Divya Singh,ACC752548,Neha Sharma,40788,DEBIT,Jaipur,Yes Bank,UPI,1
TXN373327,2026-09-13 06:25:00,84158488165,Rajesh Gupta,ACC957807,Pooja Singh,8225,DEBIT,Bhopal,Kotak,NEFT,0
TXN849582,2026-09-03 12:43:00,ATM1109,Cash Deposit,97930489515,Anjali Reddy,17769,CREDIT,Ahmedabad,BOB,NEFT,0
TXN870204,2026-09-08 13:11:00,17487414647,Sunita Kumar,ACC905621,Suresh Chopra,4151,DEBIT,Bangalore,BOB,IMPS,0
TXN630287,2026-09-03 01:14:00,93001408673,Rahul Gupta,ACC360179,Neha Patel,75114,DEBIT,Indore,BOB,IMPS,1
TXN973513,2026-09-02 22:04:00,80303994054,Deepak Singh,ACC676265,Priya Malhotra,9059,DEBIT,Jaipur,HDFC,ATM,0
TXN597065,2026-09-09 13:27:00,ATM3403,Cash Deposit,71492139864,Manish Mishra,23186,CREDIT,Mumbai,HDFC,ATM,0
TXN845590,2026-09-09 17:49:00,ATM4618,Cash Deposit,89273122515,Divya Malhotra,10572,CREDIT,Pune,Kotak,NEFT,0
TXN955788,2026-09-01 18:58:00,78243523866,Sunita Yadav,ACC854486,Rahul Reddy,11485,DEBIT,Bangalore,PNB,ATM,0
TXN372280,2026-09-13 06:33:00,ATM8533,Cash Deposit,51082808163,Amit Mishra,19555,CREDIT,Indore,Kotak,ATM,0
TXN130465,2026-09-01 15:07:00,29257767423,Divya Singh,ACC234331,Suresh Mishra,2188,DEBIT,Bhopal,Yes Bank,UPI,0
TXN849773,2026-09-09 10:13:00,ATM3986,Cash Deposit,74738100507,Neha Chopra,8608,CREDIT,Hyderabad,Kotak,IMPS,0
TXN398913,2026-09-06 12:19:00,42803635759,Sneha Mishra,ACC143562,Divya Singh,4907,DEBIT,Bhopal,SBI,ATM,0
TXN350715,2026-09-03 01:12:00,ACC217698,Priya Yadav,93001408673,Rahul Gupta,91761,CREDIT,Bhopal,BOB,IMPS,1
TXN350866,2026-09-09 15:02:00,72401764333,Manish Reddy,ACC335336,Meera Reddy,3345,DEBIT,Hyderabad,ICICI,IMPS,0
TXN515335,2026-09-10 09:37:00,ATM9527,Cash Deposit,12904529504,Deepak Kumar,3571,CREDIT,Chennai,HDFC,UPI,0
TXN550690,2026-09-13 11:06:00,46217358382,Vikram Yadav,ACC155851,Arjun Gupta,5331,DEBIT,Pune,PNB,IMPS,0
TXN536817,2026-09-08 06:37:00,ATM3721,Cash Deposit,39714949352,Karan Verma,24963,CREDIT,Jaipur,PNB,IMPS,0
TXN938098,2026-09-08 13:38:00,79119838474,Ritu Kumar,ACC643617,Meera Singh,1418,DEBIT,Pune,BOB,NEFT,0
TXN540147,2026-09-04 16:43:00,ATM5509,Cash Deposit,74738100507,Neha Chopra,4389,CREDIT,Hyderabad,Kotak,NEFT,0
TXN144882,2026-09-13 16:28:00,28722783625,Divya Jain,ACC759171,Sunita Singh,977,DEBIT,Indore,BOB,ATM,0
TXN285707,2026-09-13 09:24:00,ATM5823,Cash Deposit,44704140239,Suresh Singh,10341,CREDIT,Indore,Kotak,ATM,0
TXN531679,2026-09-07 21:51:00,60223152223,Pooja Sharma,ACC662347,Ritu Jain,8642,DEBIT,Delhi,BOB,IMPS,0
TXN231446,2026-09-09 18:28:00,ATM1298,Cash Deposit,62295994188,Priya Kumar,20524,CREDIT,Indore,Yes Bank,NEFT,0
TXN828055,2026-09-02 16:17:00,ATM4771,Cash Deposit,74738100507,Neha Chopra,16912,CREDIT,Hyderabad,Kotak,NEFT,0
TXN953834,2026-09-13 22:27:00,92283572728,Kavita Chopra,ACC755153,Suresh Chopra,6138,DEBIT,Ahmedabad,ICICI,NEFT,0
TXN640377,2026-09-13 16:36:00,ATM5462,Cash Deposit,27513732321,Divya Mishra,17938,CREDIT,Ahmedabad,Kotak,NEFT,0
TXN695190,2026-09-01 14:02:00,ATM5537,Cash Deposit,72401764333,Manish Reddy,10813,CREDIT,Hyderabad,ICICI,UPI,0
TXN318905,2026-09-04 17:36:00,62295994188,Priya Kumar,ACC914653,Rohit Chopra,11944,DEBIT,Indore,Yes Bank,IMPS,0
TXN173334,2026-09-01 21:24:00,ATM5638,Cash Deposit,81765026938,Neha Yadav,22784,CREDIT,Chennai,BOB,NEFT,0
TXN279282,2026-09-11 09:08:00,92692462426,Rajesh Malhotra,ACC487801,Neha Patel,11435,DEBIT,Hyderabad,ICICI,ATM,0
TXN906810,2026-09-07 02:08:00,21152597151,Amit Agarwal,ACC725217,Divya Reddy,48484,DEBIT,Delhi,Kotak,UPI,1
TXN756541,2026-09-10 14:32:00,77546893355,Sunita Singh,ACC572466,Kavita Jain,5671,DEBIT,Bangalore,Kotak,NEFT,0
TXN115753,2026-09-01 02:06:00,19051614020,Sunita Verma,ACC464081,Sunita Jain,47073,DEBIT,Jaipur,Kotak,UPI,1
TXN846264,2026-09-10 13:25:00,42847446185,Sneha Gupta,ACC417843,Anjali Malhotra,6474,DEBIT,Ahmedabad,HDFC,ATM,0
TXN831115,2026-09-09 11:52:00,ATM4504,Cash Deposit,62330766032,Meera Agarwal,6365,CREDIT,Jaipur,SBI,IMPS,0
TXN807299,2026-09-13 22:17:00,ATM5759,Cash Deposit,72401764333,Manish Reddy,7964,CREDIT,Hyderabad,ICICI,UPI,0
TXN775863,2026-09-10 15:21:00,78907985673,Neha Kumar,ACC255378,Arjun Agarwal,10255,DEBIT,Mumbai,Kotak,UPI,0
TXN700424,2026-09-11 11:37:00,18163563523,Pooja Chopra,ACC189365,Amit Jain,272,DEBIT,Delhi,SBI,IMPS,0
TXN903686,2026-09-13 21:55:00,ATM5788,Cash Deposit,62295994188,Priya Kumar,12800,CREDIT,Indore,Yes Bank,ATM,0
TXN350616,2026-09-07 12:11:00,ATM7478,Cash Deposit,59838307340,Rohit Malhotra,14565,CREDIT,Delhi,ICICI,IMPS,0
TXN448166,2026-09-04 20:46:00,ATM6107,Cash Deposit,25046528783,Amit Verma,8700,CREDIT,Bangalore,HDFC,IMPS,0
TXN145629,2026-09-11 21:43:00,ATM5518,Cash Deposit,48417346628,Amit Mishra,17008,CREDIT,Ahmedabad,SBI,NEFT,0
TXN885092,2026-09-11 22:31:00,ATM7741,Cash Deposit,61881044912,Meera Mishra,24001,CREDIT,Mumbai,HDFC,NEFT,0
TXN397878,2026-09-07 21:31:00,80303994054,Deepak Singh,ACC553105,Suresh Agarwal,6747,DEBIT,Jaipur,HDFC,ATM,0
TXN675210,2026-09-12 01:00:00,13085810396,Suresh Gupta,ACC835483,Vikram Jain,47256,DEBIT,Bhopal,ICICI,UPI,1
TXN332052,2026-09-11 07:37:00,ATM3352,Cash Deposit,80051400936,Rohit Sharma,15977,CREDIT,Chennai,HDFC,ATM,0
TXN896707,2026-09-13 14:35:00,ATM2510,Cash Deposit,16079375387,Meera Chopra,3623,CREDIT,Mumbai,BOB,NEFT,0
TXN424696,2026-09-02 16:52:00,ATM3601,Cash Deposit,17487414647,Sunita Kumar,13572,CREDIT,Bangalore,BOB,NEFT,0
TXN289347,2026-09-06 10:48:00,61881044912,Meera Mishra,ACC279951,Suresh Jain,13807,DEBIT,Mumbai,HDFC,NEFT,0
TXN462454,2026-09-08 17:16:00,38696334298,Rajesh Gupta,ACC849956,Anjali Singh,4520,DEBIT,Hyderabad,ICICI,IMPS,0
TXN164967,2026-09-09 21:31:00,ATM7464,Cash Deposit,73934227238,Vikram Malhotra,20932,CREDIT,Pune,BOB,NEFT,0
TXN948691,2026-09-09 21:13:00,ATM9586,Cash Deposit,42847446185,Sneha Gupta,22727,CREDIT,Ahmedabad,HDFC,ATM,0
TXN702090,2026-09-13 21:50:00,14947141822,Amit Patel,ACC920499,Ritu Verma,8529,DEBIT,Delhi,PNB,UPI,0
TXN172098,2026-09-03 18:59:00,16266114041,Priya Kumar,ACC566385,Ritu Reddy,5792,DEBIT,Hyderabad,HDFC,IMPS,0
TXN315850,2026-09-06 14:04:00,ATM8395,Cash Deposit,85225093763,Suresh Reddy,7966,CREDIT,Ahmedabad,PNB,IMPS,0
TXN881255,2026-09-01 13:44:00,ATM3922,Cash Deposit,25455864065,Arjun Jain,24350,CREDIT,Indore,PNB,IMPS,0
TXN210799,2026-09-02 08:25:00,ATM6373,Cash Deposit,80051400936,Rohit Sharma,15647,CREDIT,Chennai,HDFC,UPI,0
TXN691565,2026-09-07 16:56:00,ATM7718,Cash Deposit,14952110579,Meera Gupta,8247,CREDIT,Bangalore,BOB,NEFT,0
TXN638172,2026-09-12 22:33:00,ATM7672,Cash Deposit,25949442983,Ritu Verma,10108,CREDIT,Indore,SBI,UPI,0
TXN315607,2026-09-05 06:47:00,62330766032,Meera Agarwal,ACC363427,Vikram Verma,3076,DEBIT,Jaipur,SBI,ATM,0
TXN997539,2026-09-01 15:43:00,56410977202,Kavita Agarwal,ACC161495,Sunita Mishra,13191,DEBIT,Indore,SBI,IMPS,0
TXN621297,2026-09-08 07:59:00,21152597151,Amit Agarwal,ACC806428,Divya Verma,2500,DEBIT,Pune,Kotak,NEFT,0
TXN302911,2026-09-12 15:12:00,ATM4170,Cash Deposit,73934227238,Vikram Malhotra,10397,CREDIT,Pune,BOB,IMPS,0
TXN169717,2026-09-12 16:10:00,97930489515,Anjali Reddy,ACC462641,Suresh Agarwal,1349,DEBIT,Ahmedabad,BOB,UPI,0
TXN569901,2026-09-07 10:32:00,ATM4578,Cash Deposit,88942334351,Rohit Jain,11508,CREDIT,Delhi,PNB,IMPS,0
TXN835650,2026-09-07 18:31:00,ATM5766,Cash Deposit,80051400936,Rohit Sharma,3203,CREDIT,Chennai,HDFC,UPI,0
TXN242517,2026-09-01 14:41:00,ATM1865,Cash Deposit,65712049807,Meera Yadav,5546,CREDIT,Mumbai,Yes Bank,UPI,0
TXN422004,2026-09-12 13:51:00,ATM4797,Cash Deposit,65712049807,Meera Yadav,4435,CREDIT,Mumbai,Yes Bank,IMPS,0
TXN246832,2026-09-07 04:03:00,79724425656,Sneha Singh,ACC731528,Arjun Mishra,65498,DEBIT,Jaipur,PNB,IMPS,1
TXN213945,2026-09-08 14:46:00,ATM3683,Cash Deposit,89806732081,Pooja Agarwal,24542,CREDIT,Chennai,Kotak,IMPS,0
TXN271555,2026-09-02 16:38:00,67789516347,Rahul Singh,ACC224531,Amit Malhotra,8851,DEBIT,Delhi,Axis,ATM,0
TXN335365,2026-09-07 08:25:00,10954761743,Rahul Mishra,ACC707029,Rohit Reddy,14378,DEBIT,Hyderabad,ICICI,UPI,0
TXN991125,2026-09-01 18:19:00,ATM1594,Cash Deposit,21724016482,Divya Patel,1094,CREDIT,Delhi,PNB,IMPS,0
TXN204489,2026-09-02 07:47:00,ATM4545,Cash Deposit,62330766032,Meera Agarwal,13688,CREDIT,Jaipur,SBI,IMPS,0
TXN135767,2026-09-03 09:43:00,ATM5186,Cash Deposit,88947653928,Manish Patel,956,CREDIT,Delhi,Kotak,NEFT,0
TXN971590,2026-09-13 09:00:00,12904529504,Deepak Kumar,ACC605059,Sunita Verma,5637,DEBIT,Chennai,HDFC,IMPS,0
TXN272111,2026-09-10 13:38:00,14947141822,Amit Patel,ACC948870,Neha Chopra,11566,DEBIT,Delhi,PNB,ATM,0
TXN452648,2026-09-02 15:13:00,25046528783,Amit Verma,ACC279896,Rohit Sharma,13736,DEBIT,Bangalore,HDFC,ATM,0
TXN266312,2026-09-09 11:43:00,80303994054,Deepak Singh,ACC837616,Neha Kumar,8950,DEBIT,Jaipur,HDFC,ATM,0
TXN517636,2026-09-08 12:23:00,ATM1293,Cash Deposit,37876608445,Kavita Verma,15520,CREDIT,Bhopal,PNB,ATM,0
TXN910741,2026-09-08 13:45:00,ATM8704,Cash Deposit,97930489515,Anjali Reddy,24973,CREDIT,Ahmedabad,BOB,NEFT,0
TXN833405,2026-09-12 20:13:00,ATM3824,Cash Deposit,14947141822,Amit Patel,18855,CREDIT,Delhi,PNB,NEFT,0
TXN387585,2026-09-10 06:08:00,62295994188,Priya Kumar,ACC248461,Anjali Kumar,6762,DEBIT,Indore,Yes Bank,ATM,0
TXN628912,2026-09-05 16:02:00,78907985673,Neha Kumar,ACC906016,Amit Jain,10650,DEBIT,Mumbai,Kotak,NEFT,0
TXN652082,2026-09-03 21:27:00,ATM1005,Cash Deposit,29257767423,Divya Singh,7242,CREDIT,Bhopal,Yes Bank,IMPS,0
TXN889783,2026-09-12 07:35:00,33806719594,Pooja Mishra,ACC149417,Sneha Mishra,4567,DEBIT,Pune,Yes Bank,UPI,0
TXN214642,2026-09-11 20:39:00,ATM1733,Cash Deposit,29257767423,Divya Singh,21878,CREDIT,Bhopal,Yes Bank,NEFT,0
TXN813517,2026-09-13 13:14:00,ATM7058,Cash Deposit,27440891126,Rajesh Kumar,21048,CREDIT,Indore,Kotak,ATM,0
TXN776608,2026-09-11 08:56:00,47353171337,Meera Singh,ACC890060,Rohit Gupta,14672,DEBIT,Jaipur,BOB,IMPS,0
TXN291577,2026-09-06 16:00:00,48417346628,Amit Mishra,ACC906936,Karan Sharma,4347,DEBIT,Ahmedabad,SBI,NEFT,0
TXN191298,2026-09-11 14:30:00,ATM9947,Cash Deposit,25949442983,Ritu Verma,11462,CREDIT,Indore,SBI,UPI,0
TXN158343,2026-09-05 22:34:00,72495807646,Deepak Mishra,ACC866946,Arjun Jain,2467,DEBIT,Mumbai,HDFC,UPI,0
TXN661907,2026-09-09 17:20:00,56014698390,Priya Sharma,ACC213397,Meera Patel,10228,DEBIT,Hyderabad,Yes Bank,IMPS,0
TXN159844,2026-09-07 10:37:00,85477217606,Amit Sharma,ACC210733,Deepak Agarwal,1362,DEBIT,Pune,Yes Bank,ATM,0
TXN947763,2026-09-04 18:31:00,92692462426,Rajesh Malhotra,ACC714383,Rohit Kumar,8678,DEBIT,Hyderabad,ICICI,ATM,0
TXN129143,2026-09-04 18:35:00,16266114041,Priya Kumar,ACC992485,Ritu Mishra,2376,DEBIT,Hyderabad,HDFC,UPI,0
TXN145459,2026-09-10 14:19:00,16266114041,Priya Kumar,ACC614926,Priya Mishra,2745,DEBIT,Hyderabad,HDFC,IMPS,0
TXN822730,2026-09-13 11:56:00,ATM9819,Cash Deposit,64812761163,Ritu Jain,14756,CREDIT,Bhopal,PNB,ATM,0
TXN542506,2026-09-02 18:06:00,ATM3202,Cash Deposit,89273122515,Divya Malhotra,21287,CREDIT,Pune,Kotak,NEFT,0
TXN246144,2026-09-01 02:00:00,19051614020,Sunita Verma,ACC790490,Rahul Reddy,42060,DEBIT,Delhi,Kotak,UPI,1
TXN960492,2026-09-05 13:27:00,ATM9733,Cash Deposit,78786959606,Sunita Gupta,9797,CREDIT,Mumbai,HDFC,UPI,0
TXN572074,2026-09-11 07:06:00,53524230603,Arjun Singh,ACC545840,Suresh Kumar,1704,DEBIT,Indore,SBI,NEFT,0
TXN442921,2026-09-01 06:00:00,56014698390,Priya Sharma,ACC442382,Neha Yadav,3075,DEBIT,Hyderabad,Yes Bank,UPI,0
TXN460360,2026-09-05 07:37:00,35295201261,Kavita Chopra,ACC823975,Ritu Reddy,5245,DEBIT,Indore,PNB,ATM,0
TXN258490,2026-09-09 14:36:00,51082808163,Amit Mishra,ACC284296,Neha Malhotra,3650,DEBIT,Indore,Kotak,ATM,0
TXN246072,2026-09-02 14:29:00,ATM1402,Cash Deposit,37876608445,Kavita Verma,11314,CREDIT,Bhopal,PNB,IMPS,0
TXN158239,2026-09-05 06:09:00,ATM8135,Cash Deposit,27513732321,Divya Mishra,14669,CREDIT,Ahmedabad,Kotak,NEFT,0
TXN679989,2026-09-02 15:32:00,ATM8912,Cash Deposit,61103002938,Vikram Gupta,15538,CREDIT,Indore,Yes Bank,UPI,0
TXN226289,2026-09-03 17:44:00,92283572728,Kavita Chopra,ACC248324,Sneha Singh,1082,DEBIT,Ahmedabad,ICICI,UPI,0
TXN357257,2026-09-11 18:36:00,ATM4890,Cash Deposit,16266114041,Priya Kumar,17459,CREDIT,Hyderabad,HDFC,ATM,0
TXN337524,2026-09-01 14:03:00,42847446185,Sneha Gupta,ACC732128,Anjali Mishra,14521,DEBIT,Ahmedabad,HDFC,UPI,0
TXN941485,2026-09-07 17:36:00,61648595985,Kavita Yadav,ACC454788,Neha Jain,11810,DEBIT,Pune,PNB,ATM,0
TXN251711,2026-09-06 21:52:00,ATM8100,Cash Deposit,18163563523,Pooja Chopra,2239,CREDIT,Delhi,SBI,ATM,0
TXN652201,2026-09-09 14:52:00,61103002938,Vikram Gupta,ACC620496,Meera Verma,11575,DEBIT,Indore,Yes Bank,NEFT,0
TXN993535,2026-09-08 07:58:00,ATM1899,Cash Deposit,97930489515,Anjali Reddy,2066,CREDIT,Ahmedabad,BOB,ATM,0
TXN122517,2026-09-10 09:44:00,ATM8852,Cash Deposit,12904529504,Deepak Kumar,14917,CREDIT,Chennai,HDFC,IMPS,0
TXN824853,2026-09-05 20:11:00,ATM3030,Cash Deposit,21724016482,Divya Patel,10710,CREDIT,Delhi,PNB,ATM,0
TXN863034,2026-09-12 15:11:00,63239552412,Kavita Singh,ACC727012,Arjun Chopra,8366,DEBIT,Bangalore,PNB,ATM,0
TXN201535,2026-09-07 13:56:00,ATM1284,Cash Deposit,16079375387,Meera Chopra,21016,CREDIT,Mumbai,BOB,UPI,0
TXN136713,2026-09-11 19:06:00,17657106190,Pooja Chopra,ACC262397,Rajesh Yadav,12154,DEBIT,Chennai,BOB,UPI,0
TXN943032,2026-09-08 04:53:00,21996807497,Pooja Mishra,ACC713487,Neha Gupta,67153,DEBIT,Delhi,ICICI,IMPS,1
TXN487519,2026-09-05 11:57:00,ATM2612,Cash Deposit,33806719594,Pooja Mishra,12285,CREDIT,Pune,Yes Bank,ATM,0
TXN153445,2026-09-02 06:40:00,ATM8869,Cash Deposit,72495807646,Deepak Mishra,24124,CREDIT,Mumbai,HDFC,UPI,0
TXN604522,2026-09-02 21:05:00,ATM2252,Cash Deposit,74738100507,Neha Chopra,4446,CREDIT,Hyderabad,Kotak,NEFT,0
TXN148246,2026-09-04 22:08:00,14947141822,Amit Patel,ACC125233,Anjali Singh,1988,DEBIT,Delhi,PNB,NEFT,0
TXN917593,2026-09-05 09:52:00,ATM4900,Cash Deposit,80051400936,Rohit Sharma,1240,CREDIT,Chennai,HDFC,NEFT,0
TXN845904,2026-09-12 17:46:00,54834963718,Priya Mishra,ACC600006,Rajesh Chopra,12184,DEBIT,Bangalore,Yes Bank,NEFT,0
TXN375692,2026-09-09 15:46:00,ATM3613,Cash Deposit,92283572728,Kavita Chopra,1205,CREDIT,Ahmedabad,ICICI,NEFT,0
TXN235856,2026-09-13 01:52:00,15257343773,Rohit Jain,ACC805707,Pooja Jain,56616,DEBIT,Jaipur,HDFC,IMPS,1
TXN113470,2026-09-01 10:21:00,27440891126,Rajesh Kumar,ACC730855,Ritu Yadav,9171,DEBIT,Indore,Kotak,NEFT,0
TXN781366,2026-09-08 22:04:00,ATM8804,Cash Deposit,28722783625,Divya Jain,3149,CREDIT,Indore,BOB,IMPS,0
TXN608765,2026-09-03 13:28:00,ATM9851,Cash Deposit,38696334298,Rajesh Gupta,7213,CREDIT,Hyderabad,ICICI,NEFT,0
TXN969334,2026-09-06 16:50:00,27513732321,Divya Mishra,ACC854115,Neha Yadav,10942,DEBIT,Ahmedabad,Kotak,ATM,0
TXN256729,2026-09-09 12:57:00,ATM2131,Cash Deposit,77546893355,Sunita Singh,24346,CREDIT,Bangalore,Kotak,UPI,0
TXN950929,2026-09-13 15:55:00,ATM1874,Cash Deposit,72495807646,Deepak Mishra,19121,CREDIT,Mumbai,HDFC,NEFT,0
TXN610374,2026-09-09 09:45:00,ATM1533,Cash Deposit,38696334298,Rajesh Gupta,22018,CREDIT,Hyderabad,ICICI,ATM,0
TXN302983,2026-09-06 18:32:00,ATM6230,Cash Deposit,61271874238,Kavita Reddy,21185,CREDIT,Mumbai,Axis,IMPS,0
TXN129575,2026-09-07 15:37:00,ATM4672,Cash Deposit,89273122515,Divya Malhotra,3075,CREDIT,Pune,Kotak,UPI,0
TXN241035,2026-09-12 19:48:00,86884726222,Sneha Jain,ACC350305,Pooja Gupta,13068,DEBIT,Bhopal,Kotak,IMPS,0
TXN378526,2026-09-11 12:28:00,ATM6528,Cash Deposit,56014698390,Priya Sharma,22608,CREDIT,Hyderabad,Yes Bank,IMPS,0
TXN580007,2026-09-02 07:41:00,ATM4250,Cash Deposit,73165735166,Priya Malhotra,18595,CREDIT,Pune,Kotak,IMPS,0
TXN799739,2026-09-08 11:15:00,ATM3907,Cash Deposit,28572739832,Priya Singh,17429,CREDIT,Indore,BOB,ATM,0
TXN765214,2026-09-01 10:12:00,53524230603,Arjun Singh,ACC689910,Meera Kumar,1645,DEBIT,Indore,SBI,IMPS,0
TXN543123,2026-09-01 06:55:00,ATM1867,Cash Deposit,14947141822,Amit Patel,22333,CREDIT,Delhi,PNB,ATM,0
TXN978894,2026-09-02 17:35:00,67789516347,Rahul Singh,ACC597072,Meera Malhotra,3683,DEBIT,Delhi,Axis,IMPS,0
TXN424781,2026-09-03 11:23:00,ATM7077,Cash Deposit,12083619635,Suresh Jain,18502,CREDIT,Mumbai,Kotak,UPI,0
TXN845707,2026-09-07 08:02:00,ATM4746,Cash Deposit,53524230603,Arjun Singh,20829,CREDIT,Indore,SBI,UPI,0
TXN794083,2026-09-05 10:30:00,65712049807,Meera Yadav,ACC872230,Rahul Mishra,7201,DEBIT,Mumbai,Yes Bank,ATM,0
TXN309582,2026-09-11 12:59:00,ATM6361,Cash Deposit,12904529504,Deepak Kumar,13712,CREDIT,Chennai,HDFC,UPI,0
TXN436799,2026-09-02 12:45:00,46217358382,Vikram Yadav,ACC119779,Suresh Patel,6742,DEBIT,Pune,PNB,UPI,0
TXN344928,2026-09-12 21:52:00,ATM1272,Cash Deposit,65712049807,Meera Yadav,6026,CREDIT,Mumbai,Yes Bank,ATM,0
TXN907995,2026-09-11 20:30:00,ATM2708,Cash Deposit,29257767423,Divya Singh,21120,CREDIT,Bhopal,Yes Bank,ATM,0
TXN643388,2026-09-11 04:24:00,92692462426,Rajesh Malhotra,ACC981225,Priya Singh,91197,DEBIT,Jaipur,ICICI,IMPS,1
TXN389739,2026-09-05 21:12:00,25949442983,Ritu Verma,ACC526616,Ritu Verma,3268,DEBIT,Indore,SBI,IMPS,0
TXN435750,2026-09-05 18:42:00,ATM8158,Cash Deposit,39714949352,Karan Verma,13186,CREDIT,Jaipur,PNB,ATM,0
TXN856225,2026-09-04 13:08:00,21152597151,Amit Agarwal,ACC135273,Neha Agarwal,6520,DEBIT,Pune,Kotak,ATM,0
TXN595356,2026-09-03 21:47:00,21152597151,Amit Agarwal,ACC174301,Vikram Malhotra,2848,DEBIT,Pune,Kotak,UPI,0
TXN361695,2026-09-06 13:26:00,28811835994,Rohit Patel,ACC438089,Sunita Gupta,9035,DEBIT,Delhi,HDFC,ATM,0
TXN584482,2026-09-06 15:50:00,ATM6442,Cash Deposit,51082808163,Amit Mishra,2863,CREDIT,Indore,Kotak,NEFT,0
TXN185725,2026-09-06 04:10:00,37876608445,Kavita Verma,ACC840863,Meera Gupta,40368,DEBIT,Bhopal,PNB,UPI,1
TXN873773,2026-09-04 10:49:00,ATM2699,Cash Deposit,16079375387,Meera Chopra,24272,CREDIT,Mumbai,BOB,NEFT,0
TXN698916,2026-09-06 19:24:00,19051614020,Sunita Verma,ACC454720,Karan Jain,1454,DEBIT,Indore,Kotak,IMPS,0
TXN346077,2026-09-13 18:25:00,42803635759,Sneha Mishra,ACC695598,Deepak Patel,13005,DEBIT,Bhopal,SBI,UPI,0
TXN332087,2026-09-05 22:22:00,17657106190,Pooja Chopra,ACC707058,Pooja Jain,387,DEBIT,Chennai,BOB,IMPS,0
TXN177955,2026-09-02 17:15:00,85225093763,Suresh Reddy,ACC408489,Karan Sharma,9888,DEBIT,Ahmedabad,PNB,UPI,0
TXN642687,2026-09-09 14:23:00,53524230603,Arjun Singh,ACC239779,Suresh Reddy,7013,DEBIT,Indore,SBI,IMPS,0
TXN596690,2026-09-06 10:52:00,ATM9667,Cash Deposit,73165735166,Priya Malhotra,10881,CREDIT,Pune,Kotak,ATM,0
TXN835470,2026-09-10 01:23:00,14358083466,Deepak Chopra,ACC826426,Deepak Reddy,81537,DEBIT,Jaipur,ICICI,IMPS,1
TXN885047,2026-09-05 16:05:00,61881044912,Meera Mishra,ACC766610,Ritu Patel,2112,DEBIT,Mumbai,HDFC,ATM,0
TXN736817,2026-09-03 11:03:00,17657106190,Pooja Chopra,ACC576161,Neha Mishra,8913,DEBIT,Chennai,BOB,NEFT,0
TXN237937,2026-09-03 09:55:00,ATM3196,Cash Deposit,44704140239,Suresh Singh,19931,CREDIT,Indore,Kotak,NEFT,0
TXN753071,2026-09-01 22:21:00,42847446185,Sneha Gupta,ACC913760,Neha Agarwal,14719,DEBIT,Ahmedabad,HDFC,NEFT,0
TXN131247,2026-09-08 08:51:00,ATM2883,Cash Deposit,53524230603,Arjun Singh,12625,CREDIT,Indore,SBI,NEFT,0
TXN996146,2026-09-10 19:18:00,42847446185,Sneha Gupta,ACC664282,Suresh Yadav,5271,DEBIT,Ahmedabad,HDFC,ATM,0
TXN176502,2026-09-08 22:29:00,37876608445,Kavita Verma,ACC315129,Rohit Patel,5399,DEBIT,Bhopal,PNB,ATM,0
TXN246905,2026-09-08 10:58:00,79119838474,Ritu Kumar,ACC873165,Karan Sharma,491,DEBIT,Pune,BOB,ATM,0
TXN993412,2026-09-11 12:18:00,85225093763,Suresh Reddy,ACC706288,Suresh Malhotra,2157,DEBIT,Ahmedabad,PNB,UPI,0
TXN878822,2026-09-01 16:43:00,12904529504,Deepak Kumar,ACC623273,Suresh Singh,13035,DEBIT,Chennai,HDFC,ATM,0
TXN744329,2026-09-08 06:04:00,65712049807,Meera Yadav,ACC940997,Sunita Sharma,8689,DEBIT,Mumbai,Yes Bank,ATM,0
TXN451828,2026-09-01 09:35:00,ATM5480,Cash Deposit,29260902250,Rohit Verma,3498,CREDIT,Indore,Kotak,IMPS,0
TXN168418,2026-09-04 10:16:00,ATM8537,Cash Deposit,60223152223,Pooja Sharma,10037,CREDIT,Delhi,BOB,IMPS,0
TXN357486,2026-09-12 16:46:00,ATM4692,Cash Deposit,61648595985,Kavita Yadav,23795,CREDIT,Pune,PNB,IMPS,0
TXN901672,2026-09-07 17:57:00,16079375387,Meera Chopra,ACC911957,Anjali Gupta,9340,DEBIT,Mumbai,BOB,UPI,0
TXN948686,2026-09-02 11:54:00,60223152223,Pooja Sharma,ACC696678,Amit Mishra,1718,DEBIT,Delhi,BOB,UPI,0
TXN317890,2026-09-06 22:35:00,42803635759,Sneha Mishra,ACC889602,Kavita Agarwal,4161,DEBIT,Bhopal,SBI,ATM,0
TXN510126,2026-09-07 18:09:00,59838307340,Rohit Malhotra,ACC508995,Anjali Verma,13124,DEBIT,Delhi,ICICI,NEFT,0
TXN910801,2026-09-12 17:58:00,78907985673,Neha Kumar,ACC860398,Pooja Agarwal,349,DEBIT,Mumbai,Kotak,ATM,0
TXN741616,2026-09-01 22:18:00,ATM8641,Cash Deposit,47353171337,Meera Singh,21320,CREDIT,Jaipur,BOB,ATM,0
TXN530347,2026-09-13 12:23:00,ATM5012,Cash Deposit,78243523866,Sunita Yadav,16967,CREDIT,Bangalore,PNB,ATM,0
TXN976324,2026-09-07 06:33:00,74738100507,Neha Chopra,ACC240314,Amit Kumar,4325,DEBIT,Hyderabad,Kotak,UPI,0
TXN312652,2026-09-04 02:08:00,38249320022,Divya Mishra,ACC580145,Neha Patel,52321,DEBIT,Indore,Kotak,IMPS,1
TXN918238,2026-09-13 01:50:00,ACC811628,Ritu Jain,15257343773,Rohit Jain,55893,CREDIT,Jaipur,HDFC,IMPS,1
TXN511182,2026-09-10 16:23:00,ATM3700,Cash Deposit,93001408673,Rahul Gupta,16603,CREDIT,Pune,BOB,IMPS,0
TXN246527,2026-09-11 15:54:00,ATM4772,Cash Deposit,89273122515,Divya Malhotra,5415,CREDIT,Pune,Kotak,ATM,0
TXN702040,2026-09-11 13:41:00,63323345311,Neha Singh,ACC711428,Amit Chopra,9829,DEBIT,Mumbai,BOB,IMPS,0
TXN807275,2026-09-04 08:38:00,ATM1211,Cash Deposit,83550185220,Rohit Jain,10366,CREDIT,Jaipur,BOB,ATM,0
TXN273357,2026-09-08 09:08:00,56410977202,Kavita Agarwal,ACC201453,Rahul Malhotra,5833,DEBIT,Indore,SBI,NEFT,0
TXN743847,2026-09-12 19:29:00,ATM1819,Cash Deposit,31778562499,Vikram Yadav,12390,CREDIT,Indore,ICICI,IMPS,0
TXN159753,2026-09-07 16:26:00,ATM5797,Cash Deposit,60223152223,Pooja Sharma,18230,CREDIT,Delhi,BOB,IMPS,0
TXN666507,2026-09-09 16:25:00,ATM7652,Cash Deposit,17487414647,Sunita Kumar,3168,CREDIT,Bangalore,BOB,IMPS,0
TXN511706,2026-09-08 02:05:00,93001408673,Rahul Gupta,ACC950214,Arjun Malhotra,47221,DEBIT,Jaipur,BOB,UPI,1
TXN681083,2026-09-11 09:08:00,ATM8586,Cash Deposit,60223152223,Pooja Sharma,4351,CREDIT,Delhi,BOB,UPI,0
TXN410411,2026-09-13 22:00:00,ATM2625,Cash Deposit,65712049807,Meera Yadav,22638,CREDIT,Mumbai,Yes Bank,ATM,0
TXN668046,2026-09-06 21:57:00,ATM8129,Cash Deposit,72401764333,Manish Reddy,12573,CREDIT,Hyderabad,ICICI,IMPS,0
TXN564498,2026-09-12 07:49:00,97930489515,Anjali Reddy,ACC436675,Pooja Verma,7578,DEBIT,Ahmedabad,BOB,IMPS,0
TXN149436,2026-09-05 11:59:00,ATM4673,Cash Deposit,25046528783,Amit Verma,1422,CREDIT,Bangalore,HDFC,IMPS,0
TXN492383,2026-09-08 13:30:00,79119838474,Ritu Kumar,ACC900716,Karan Gupta,1165,DEBIT,Pune,BOB,ATM,0
TXN351191,2026-09-03 14:06:00,15257343773,Rohit Jain,ACC815319,Neha Reddy,12042,DEBIT,Hyderabad,HDFC,NEFT,0
TXN223951,2026-09-01 10:51:00,ATM8412,Cash Deposit,78243523866,Sunita Yadav,13900,CREDIT,Bangalore,PNB,NEFT,0
TXN520623,2026-09-08 07:14:00,ATM8079,Cash Deposit,57171365272,Rohit Mishra,2474,CREDIT,Ahmedabad,PNB,NEFT,0
TXN225489,2026-09-08 11:54:00,ATM1695,Cash Deposit,78786959606,Sunita Gupta,7384,CREDIT,Mumbai,HDFC,ATM,0
TXN301164,2026-09-03 01:43:00,94010037709,Meera Reddy,ACC553698,Ritu Gupta,62742,DEBIT,Indore,ICICI,IMPS,1
TXN348710,2026-09-05 17:29:00,ATM1645,Cash Deposit,28572739832,Priya Singh,13792,CREDIT,Indore,BOB,NEFT,0
TXN729396,2026-09-08 04:00:00,61881044912,Meera Mishra,ACC733855,Rohit Reddy,48914,DEBIT,Bhopal,HDFC,UPI,1
TXN138449,2026-09-04 12:09:00,ATM5699,Cash Deposit,86884726222,Sneha Jain,20442,CREDIT,Bhopal,Kotak,IMPS,0
TXN202686,2026-09-10 20:25:00,ATM7817,Cash Deposit,13085810396,Suresh Gupta,22603,CREDIT,Indore,ICICI,IMPS,0
TXN546216,2026-09-08 15:40:00,28572739832,Priya Singh,ACC758624,Divya Mishra,9748,DEBIT,Indore,BOB,IMPS,0
TXN114948,2026-09-08 04:04:00,15993060213,Manish Verma,ACC838298,Sunita Yadav,46216,DEBIT,Delhi,BOB,UPI,1
TXN195350,2026-09-07 02:00:00,21152597151,Amit Agarwal,ACC334443,Suresh Kumar,47258,DEBIT,Bhopal,Kotak,UPI,1
TXN504522,2026-09-06 09:57:00,31778562499,Vikram Yadav,ACC474755,Divya Patel,8782,DEBIT,Indore,ICICI,UPI,0
TXN750605,2026-09-12 11:15:00,71492139864,Manish Mishra,ACC619409,Arjun Patel,5530,DEBIT,Mumbai,HDFC,UPI,0
TXN459393,2026-09-13 02:10:00,33519243485,Rahul Singh,ACC211257,Karan Sharma,42394,DEBIT,Indore,Kotak,UPI,1
TXN589420,2026-09-10 20:21:00,ATM4027,Cash Deposit,62295994188,Priya Kumar,9249,CREDIT,Indore,Yes Bank,IMPS,0
TXN243089,2026-09-08 03:13:00,71492139864,Manish Mishra,ACC346317,Rohit Chopra,55525,DEBIT,Indore,HDFC,IMPS,1
TXN480616,2026-09-12 08:56:00,ATM2770,Cash Deposit,21996807497,Pooja Mishra,10845,CREDIT,Delhi,ICICI,IMPS,0
TXN282719,2026-09-12 13:10:00,ATM2899,Cash Deposit,25046528783,Amit Verma,18975,CREDIT,Bangalore,HDFC,NEFT,0
TXN890924,2026-09-03 21:18:00,28811835994,Rohit Patel,ACC656270,Sneha Verma,8505,DEBIT,Delhi,HDFC,NEFT,0
TXN427452,2026-09-02 11:29:00,ATM6271,Cash Deposit,21724016482,Divya Patel,9835,CREDIT,Delhi,PNB,UPI,0
TXN789726,2026-09-08 14:09:00,61881044912,Meera Mishra,ACC748670,Sneha Malhotra,3430,DEBIT,Mumbai,HDFC,IMPS,0
TXN941524,2026-09-07 10:16:00,ATM5159,Cash Deposit,62016806938,Divya Kumar,13608,CREDIT,Indore,PNB,UPI,0
TXN620255,2026-09-05 01:56:00,ACC459561,Rahul Patel,54834963718,Priya Mishra,51443,CREDIT,Bhopal,Yes Bank,IMPS,1
TXN455978,2026-09-08 06:19:00,ATM6609,Cash Deposit,65712049807,Meera Yadav,3396,CREDIT,Mumbai,Yes Bank,ATM,0
TXN203450,2026-09-03 17:00:00,42847446185,Sneha Gupta,ACC508284,Meera Patel,826,DEBIT,Ahmedabad,HDFC,ATM,0
TXN369166,2026-09-05 14:33:00,ATM3876,Cash Deposit,31832239312,Rajesh Singh,4564,CREDIT,Bangalore,SBI,IMPS,0
TXN292420,2026-09-11 12:52:00,94010037709,Meera Reddy,ACC133686,Rohit Gupta,6867,DEBIT,Indore,ICICI,UPI,0
TXN642344,2026-09-02 16:53:00,ATM7256,Cash Deposit,94010037709,Meera Reddy,21589,CREDIT,Indore,ICICI,NEFT,0
TXN329999,2026-09-05 11:01:00,ATM5605,Cash Deposit,81765026938,Neha Yadav,2591,CREDIT,Chennai,BOB,ATM,0
TXN477905,2026-09-09 22:49:00,62295994188,Priya Kumar,ACC646389,Rohit Kumar,8090,DEBIT,Indore,Yes Bank,IMPS,0
TXN394591,2026-09-08 11:58:00,94010037709,Meera Reddy,ACC702305,Pooja Verma,3689,DEBIT,Indore,ICICI,NEFT,0
TXN687744,2026-09-04 14:10:00,28572739832,Priya Singh,ACC916212,Ritu Yadav,2579,DEBIT,Indore,BOB,ATM,0
TXN309934,2026-09-04 08:20:00,21996807497,Pooja Mishra,ACC909252,Karan Mishra,9330,DEBIT,Delhi,ICICI,NEFT,0
TXN747284,2026-09-13 21:54:00,54834963718,Priya Mishra,ACC365379,Sneha Jain,346,DEBIT,Bangalore,Yes Bank,ATM,0
TXN126314,2026-09-06 07:41:00,14952110579,Meera Gupta,ACC555488,Rajesh Gupta,1918,DEBIT,Bangalore,BOB,UPI,0
TXN890543,2026-09-01 06:53:00,ATM6906,Cash Deposit,54834963718,Priya Mishra,12104,CREDIT,Bangalore,Yes Bank,NEFT,0
TXN984362,2026-09-09 11:30:00,54834963718,Priya Mishra,ACC713930,Sneha Gupta,7005,DEBIT,Bangalore,Yes Bank,UPI,0
TXN334387,2026-09-07 14:47:00,97930489515,Anjali Reddy,ACC387959,Sneha Verma,13356,DEBIT,Ahmedabad,BOB,NEFT,0
TXN678872,2026-09-01 17:07:00,21996807497,Pooja Mishra,ACC724638,Vikram Malhotra,4855,DEBIT,Delhi,ICICI,ATM,0
TXN795787,2026-09-05 22:26:00,17487414647,Sunita Kumar,ACC763334,Suresh Chopra,10766,DEBIT,Bangalore,BOB,NEFT,0
TXN588337,2026-09-06 16:44:00,12083619635,Suresh Jain,ACC480984,Amit Jain,2818,DEBIT,Mumbai,Kotak,UPI,0
TXN431911,2026-09-13 13:06:00,ATM2980,Cash Deposit,23459607651,Deepak Gupta,1264,CREDIT,Jaipur,SBI,IMPS,0
TXN523652,2026-09-11 10:32:00,42803635759,Sneha Mishra,ACC239356,Neha Sharma,4207,DEBIT,Bhopal,SBI,ATM,0
TXN874862,2026-09-02 06:49:00,35295201261,Kavita Chopra,ACC362891,Kavita Sharma,3416,DEBIT,Indore,PNB,UPI,0
TXN597102,2026-09-06 09:22:00,ATM4266,Cash Deposit,54834963718,Priya Mishra,10793,CREDIT,Bangalore,Yes Bank,NEFT,0
TXN440575,2026-09-13 13:09:00,51082808163,Amit Mishra,ACC633299,Manish Gupta,13508,DEBIT,Indore,Kotak,NEFT,0
TXN690444,2026-09-02 20:05:00,19051614020,Sunita Verma,ACC423631,Neha Gupta,2344,DEBIT,Indore,Kotak,UPI,0
TXN256028,2026-09-11 12:34:00,ATM2006,Cash Deposit,39714949352,Karan Verma,14630,CREDIT,Jaipur,PNB,NEFT,0
TXN814313,2026-09-12 22:11:00,65712049807,Meera Yadav,ACC919754,Divya Sharma,3093,DEBIT,Mumbai,Yes Bank,ATM,0
TXN749080,2026-09-08 20:49:00,ATM5697,Cash Deposit,33806719594,Pooja Mishra,1604,CREDIT,Pune,Yes Bank,NEFT,0
TXN843081,2026-09-08 07:16:00,ATM7264,Cash Deposit,25046528783,Amit Verma,14949,CREDIT,Bangalore,HDFC,NEFT,0
TXN162881,2026-09-11 11:46:00,ATM4385,Cash Deposit,14947141822,Amit Patel,6322,CREDIT,Delhi,PNB,NEFT,0
TXN927893,2026-09-04 16:16:00,25949442983,Ritu Verma,ACC860226,Rajesh Reddy,704,DEBIT,Indore,SBI,NEFT,0
TXN359860,2026-09-03 12:39:00,62330766032,Meera Agarwal,ACC338335,Neha Agarwal,12070,DEBIT,Jaipur,SBI,IMPS,0
TXN982969,2026-09-08 09:59:00,74738100507,Neha Chopra,ACC847132,Deepak Chopra,12624,DEBIT,Hyderabad,Kotak,ATM,0
TXN427851,2026-09-04 10:12:00,ATM7787,Cash Deposit,33806719594,Pooja Mishra,4687,CREDIT,Pune,Yes Bank,NEFT,0
TXN947129,2026-09-04 22:31:00,ATM3381,Cash Deposit,57171365272,Rohit Mishra,14714,CREDIT,Ahmedabad,PNB,NEFT,0
TXN224801,2026-09-13 08:43:00,ATM2528,Cash Deposit,46217358382,Vikram Yadav,3379,CREDIT,Pune,PNB,NEFT,0
TXN737577,2026-09-03 20:01:00,ATM3519,Cash Deposit,51960581410,Pooja Patel,14735,CREDIT,Chennai,HDFC,IMPS,0
TXN373834,2026-09-03 10:55:00,ATM5782,Cash Deposit,89806732081,Pooja Agarwal,6323,CREDIT,Chennai,Kotak,NEFT,0
TXN994162,2026-09-01 06:40:00,24118041504,Meera Chopra,ACC727100,Neha Mishra,2139,DEBIT,Chennai,HDFC,NEFT,0
TXN361070,2026-09-04 09:27:00,63239552412,Kavita Singh,ACC285988,Vikram Verma,5502,DEBIT,Bangalore,PNB,UPI,0
TXN390988,2026-09-07 09:25:00,ATM1092,Cash Deposit,80303994054,Deepak Singh,5329,CREDIT,Jaipur,HDFC,ATM,0
TXN161057,2026-09-08 01:00:00,42847446185,Sneha Gupta,ACC469966,Anjali Verma,41793,DEBIT,Jaipur,HDFC,UPI,1
TXN510501,2026-09-06 20:28:00,ATM8413,Cash Deposit,25949442983,Ritu Verma,11068,CREDIT,Indore,SBI,UPI,0
TXN877182,2026-09-11 21:04:00,78243523866,Sunita Yadav,ACC640501,Vikram Verma,1570,DEBIT,Bangalore,PNB,ATM,0
TXN469526,2026-09-06 16:26:00,85477217606,Amit Sharma,ACC274703,Divya Sharma,6852,DEBIT,Pune,Yes Bank,IMPS,0
TXN268552,2026-09-07 06:43:00,ATM6174,Cash Deposit,38249320022,Divya Mishra,9049,CREDIT,Mumbai,Kotak,NEFT,0
TXN269027,2026-09-08 21:56:00,ATM5650,Cash Deposit,21724016482,Divya Patel,21485,CREDIT,Delhi,PNB,ATM,0
TXN151436,2026-09-12 11:54:00,78786959606,Sunita Gupta,ACC333232,Meera Patel,1522,DEBIT,Mumbai,HDFC,IMPS,0
TXN220230,2026-09-02 22:05:00,ATM4876,Cash Deposit,54834963718,Priya Mishra,9082,CREDIT,Bangalore,Yes Bank,NEFT,0
TXN225014,2026-09-02 07:16:00,ATM4468,Cash Deposit,15993060213,Manish Verma,8730,CREDIT,Pune,BOB,NEFT,0
TXN391783,2026-09-01 01:46:00,72401764333,Manish Reddy,ACC985911,Vikram Reddy,44261,DEBIT,Delhi,ICICI,IMPS,1
TXN176861,2026-09-02 09:21:00,24118041504,Meera Chopra,ACC627684,Vikram Sharma,9519,DEBIT,Chennai,HDFC,IMPS,0
TXN679837,2026-09-09 14:15:00,28572739832,Priya Singh,ACC374831,Vikram Singh,13406,DEBIT,Indore,BOB,NEFT,0
TXN138846,2026-09-02 21:00:00,37876608445,Kavita Verma,ACC995731,Amit Agarwal,6104,DEBIT,Bhopal,PNB,NEFT,0
TXN859763,2026-09-01 02:04:00,19051614020,Sunita Verma,ACC523735,Neha Agarwal,45032,DEBIT,Delhi,Kotak,UPI,1
TXN689512,2026-09-03 21:22:00,89273122515,Divya Malhotra,ACC645313,Priya Agarwal,2208,DEBIT,Pune,Kotak,UPI,0
TXN209775,2026-09-13 17:49:00,ATM7084,Cash Deposit,88942334351,Rohit Jain,21422,CREDIT,Delhi,PNB,ATM,0
TXN105379,2026-09-12 11:37:00,61103002938,Vikram Gupta,ACC957171,Priya Jain,14817,DEBIT,Indore,Yes Bank,UPI,0
TXN480543,2026-09-03 21:18:00,ATM3128,Cash Deposit,61271874238,Kavita Reddy,21728,CREDIT,Mumbai,Axis,UPI,0
TXN543705,2026-09-10 07:51:00,14952110579,Meera Gupta,ACC562519,Rohit Sharma,14258,DEBIT,Bangalore,BOB,ATM,0
TXN156773,2026-09-09 14:21:00,ATM1639,Cash Deposit,38249320022,Divya Mishra,5465,CREDIT,Mumbai,Kotak,ATM,0
TXN644226,2026-09-12 03:35:00,ACC511989,Manish Patel,25949442983,Ritu Verma,94762,CREDIT,Indore,SBI,IMPS,1
TXN537698,2026-09-13 06:49:00,92692462426,Rajesh Malhotra,ACC902540,Sunita Sharma,14801,DEBIT,Hyderabad,ICICI,IMPS,0
TXN441710,2026-09-05 22:03:00,28811835994,Rohit Patel,ACC325560,Anjali Malhotra,4053,DEBIT,Delhi,HDFC,IMPS,0
TXN756692,2026-09-11 04:20:00,ACC868438,Ritu Jain,92692462426,Rajesh Malhotra,49491,CREDIT,Indore,ICICI,IMPS,1
TXN563308,2026-09-09 13:17:00,ATM2714,Cash Deposit,71492139864,Manish Mishra,4796,CREDIT,Mumbai,HDFC,IMPS,0
TXN983668,2026-09-08 07:58:00,15257343773,Rohit Jain,ACC269222,Ritu Yadav,5863,DEBIT,Hyderabad,HDFC,IMPS,0
TXN182793,2026-09-07 17:18:00,ATM8671,Cash Deposit,21996807497,Pooja Mishra,19246,CREDIT,Delhi,ICICI,NEFT,0
TXN917476,2026-09-10 20:09:00,61648595985,Kavita Yadav,ACC328257,Karan Verma,9479,DEBIT,Pune,PNB,ATM,0
TXN944842,2026-09-13 13:43:00,33519243485,Rahul Singh,ACC959795,Sunita Mishra,1825,DEBIT,Bangalore,Kotak,ATM,0
TXN291522,2026-09-08 03:08:00,ACC617992,Rohit Gupta,71492139864,Manish Mishra,52146,CREDIT,Delhi,HDFC,IMPS,1
TXN382141,2026-09-06 17:16:00,ATM7454,Cash Deposit,71492139864,Manish Mishra,18291,CREDIT,Mumbai,HDFC,IMPS,0
TXN151315,2026-09-13 09:43:00,23459607651,Deepak Gupta,ACC586515,Sunita Reddy,5254,DEBIT,Jaipur,SBI,ATM,0
TXN979246,2026-09-02 07:16:00,ATM5398,Cash Deposit,21152597151,Amit Agarwal,10667,CREDIT,Pune,Kotak,UPI,0
TXN754840,2026-09-08 15:28:00,ATM7802,Cash Deposit,14358083466,Deepak Chopra,14048,CREDIT,Bangalore,ICICI,IMPS,0
TXN973544,2026-09-13 22:31:00,ATM1515,Cash Deposit,33806719594,Pooja Mishra,512,CREDIT,Pune,Yes Bank,UPI,0
TXN369085,2026-09-06 07:18:00,ATM3898,Cash Deposit,25455864065,Arjun Jain,19298,CREDIT,Indore,PNB,ATM,0
TXN510773,2026-09-01 15:14:00,ATM3021,Cash Deposit,56014698390,Priya Sharma,12390,CREDIT,Hyderabad,Yes Bank,IMPS,0
TXN693340,2026-09-13 02:05:00,33519243485,Rahul Singh,ACC423668,Rahul Gupta,40768,DEBIT,Bhopal,Kotak,UPI,1
TXN140074,2026-09-03 22:01:00,59838307340,Rohit Malhotra,ACC323039,Deepak Mishra,3531,DEBIT,Delhi,ICICI,UPI,0
TXN978951,2026-09-12 06:05:00,31832239312,Rajesh Singh,ACC337524,Meera Verma,6911,DEBIT,Bangalore,SBI,NEFT,0
TXN847938,2026-09-12 06:38:00,88947653928,Manish Patel,ACC932631,Rajesh Sharma,2364,DEBIT,Delhi,Kotak,ATM,0
TXN598224,2026-09-04 17:03:00,ATM5997,Cash Deposit,42803635759,Sneha Mishra,12660,CREDIT,Bhopal,SBI,NEFT,0
TXN180571,2026-09-10 11:56:00,65712049807,Meera Yadav,ACC196529,Ritu Malhotra,12647,DEBIT,Mumbai,Yes Bank,NEFT,0
TXN694186,2026-09-08 19:07:00,ATM5680,Cash Deposit,60223152223,Pooja Sharma,23821,CREDIT,Delhi,BOB,UPI,0
TXN757558,2026-09-03 18:44:00,ATM5424,Cash Deposit,33806719594,Pooja Mishra,1734,CREDIT,Pune,Yes Bank,ATM,0
TXN909504,2026-09-03 22:49:00,ATM2472,Cash Deposit,81765026938,Neha Yadav,5901,CREDIT,Chennai,BOB,IMPS,0
TXN562763,2026-09-02 18:31:00,48003803600,Rahul Mishra,ACC478440,Rahul Kumar,1696,DEBIT,Jaipur,Kotak,ATM,0
TXN217212,2026-09-12 21:13:00,53524230603,Arjun Singh,ACC915025,Ritu Yadav,2631,DEBIT,Indore,SBI,IMPS,0
TXN333518,2026-09-05 01:30:00,78907985673,Neha Kumar,ACC710233,Rajesh Chopra,82982,DEBIT,Delhi,Kotak,IMPS,1
TXN556401,2026-09-03 09:23:00,31778562499,Vikram Yadav,ACC169797,Sunita Gupta,7396,DEBIT,Indore,ICICI,ATM,0
TXN928759,2026-09-09 22:34:00,71492139864,Manish Mishra,ACC629588,Sneha Malhotra,8622,DEBIT,Mumbai,HDFC,IMPS,0
TXN202494,2026-09-11 15:02:00,27440891126,Rajesh Kumar,ACC298814,Arjun Gupta,177,DEBIT,Indore,Kotak,IMPS,0
TXN872078,2026-09-07 09:56:00,ATM6339,Cash Deposit,73165735166,Priya Malhotra,4228,CREDIT,Pune,Kotak,UPI,0
TXN687203,2026-09-04 22:56:00,19051614020,Sunita Verma,ACC276139,Sunita Sharma,3151,DEBIT,Indore,Kotak,UPI,0
TXN623910,2026-09-10 03:13:00,ACC770123,Kavita Reddy,44572126008,Sunita Singh,51711,CREDIT,Jaipur,Yes Bank,IMPS,1
TXN950453,2026-09-12 12:45:00,89806732081,Pooja Agarwal,ACC176127,Amit Sharma,13336,DEBIT,Chennai,Kotak,UPI,0
TXN222631,2026-09-06 10:42:00,ATM4058,Cash Deposit,85225093763,Suresh Reddy,20575,CREDIT,Ahmedabad,PNB,IMPS,0
TXN314186,2026-09-01 12:11:00,ATM8743,Cash Deposit,51960581410,Pooja Patel,1890,CREDIT,Chennai,HDFC,NEFT,0
TXN502790,2026-09-04 22:26:00,ATM7891,Cash Deposit,29257767423,Divya Singh,16807,CREDIT,Bhopal,Yes Bank,NEFT,0
TXN221437,2026-09-01 10:54:00,17657106190,Pooja Chopra,ACC522204,Karan Mishra,14986,DEBIT,Chennai,BOB,ATM,0
TXN467325,2026-09-09 07:31:00,63239552412,Kavita Singh,ACC439282,Neha Chopra,3158,DEBIT,Bangalore,PNB,NEFT,0
TXN549950,2026-09-12 10:12:00,ATM3558,Cash Deposit,88942334351,Rohit Jain,12173,CREDIT,Delhi,PNB,UPI,0
TXN129129,2026-09-10 21:24:00,21996807497,Pooja Mishra,ACC416112,Divya Mishra,2130,DEBIT,Delhi,ICICI,UPI,0
TXN711624,2026-09-13 06:16:00,ATM8874,Cash Deposit,42803635759,Sneha Mishra,9716,CREDIT,Bhopal,SBI,IMPS,0
TXN203410,2026-09-13 10:09:00,35295201261,Kavita Chopra,ACC877588,Manish Reddy,13837,DEBIT,Indore,PNB,NEFT,0
TXN669378,2026-09-08 04:06:00,61881044912,Meera Mishra,ACC893748,Suresh Kumar,40278,DEBIT,Indore,HDFC,UPI,1
TXN474756,2026-09-12 17:51:00,ATM6305,Cash Deposit,78243523866,Sunita Yadav,19252,CREDIT,Bangalore,PNB,IMPS,0
TXN697183,2026-09-02 16:13:00,12083619635,Suresh Jain,ACC112246,Rohit Chopra,9484,DEBIT,Mumbai,Kotak,NEFT,0
TXN718271,2026-09-02 20:55:00,65712049807,Meera Yadav,ACC757643,Meera Sharma,2557,DEBIT,Mumbai,Yes Bank,ATM,0
TXN687017,2026-09-06 01:10:00,ACC553497,Neha Malhotra,17487414647,Sunita Kumar,71426,CREDIT,Indore,BOB,IMPS,1
TXN860680,2026-09-09 07:43:00,13085810396,Suresh Gupta,ACC156909,Kavita Gupta,10904,DEBIT,Indore,ICICI,IMPS,0
TXN719417,2026-09-08 08:31:00,14947141822,Amit Patel,ACC856913,Neha Sharma,13398,DEBIT,Delhi,PNB,NEFT,0
TXN262848,2026-09-03 17:27:00,27440891126,Rajesh Kumar,ACC691380,Sneha Agarwal,13342,DEBIT,Indore,Kotak,UPI,0
TXN179444,2026-09-08 19:03:00,16266114041,Priya Kumar,ACC512305,Amit Chopra,6701,DEBIT,Hyderabad,HDFC,ATM,0
TXN697132,2026-09-06 19:40:00,14952110579,Meera Gupta,ACC289824,Neha Patel,10912,DEBIT,Bangalore,BOB,UPI,0
TXN774760,2026-09-02 07:33:00,ATM4685,Cash Deposit,73165735166,Priya Malhotra,18560,CREDIT,Pune,Kotak,UPI,0
TXN447799,2026-09-04 04:39:00,ACC786803,Deepak Yadav,77546893355,Sunita Singh,72870,CREDIT,Bhopal,Kotak,IMPS,1
TXN438034,2026-09-06 19:13:00,31778562499,Vikram Yadav,ACC160352,Amit Mishra,12735,DEBIT,Indore,ICICI,ATM,0
TXN585810,2026-09-05 10:56:00,ATM4101,Cash Deposit,42803635759,Sneha Mishra,12512,CREDIT,Bhopal,SBI,ATM,0
TXN478150,2026-09-03 18:23:00,84158488165,Rajesh Gupta,ACC369759,Sneha Yadav,1099,DEBIT,Bhopal,Kotak,NEFT,0
TXN725545,2026-09-05 22:50:00,ATM2635,Cash Deposit,25455864065,Arjun Jain,674,CREDIT,Indore,PNB,IMPS,0
TXN768686,2026-09-02 02:10:00,80303994054,Deepak Singh,ACC451397,Rohit Yadav,48214,DEBIT,Delhi,HDFC,UPI,1
TXN905024,2026-09-06 20:13:00,ATM5329,Cash Deposit,73934227238,Vikram Malhotra,2926,CREDIT,Pune,BOB,UPI,0
TXN563206,2026-09-03 20:45:00,ATM9530,Cash Deposit,54834963718,Priya Mishra,7592,CREDIT,Bangalore,Yes Bank,ATM,0
TXN460322,2026-09-05 14:14:00,ATM3087,Cash Deposit,42847446185,Sneha Gupta,6549,CREDIT,Ahmedabad,HDFC,NEFT,0
TXN952403,2026-09-11 16:44:00,ATM2126,Cash Deposit,77546893355,Sunita Singh,11845,CREDIT,Bangalore,Kotak,IMPS,0
TXN359732,2026-09-01 11:23:00,ATM6788,Cash Deposit,28811835994,Rohit Patel,1969,CREDIT,Delhi,HDFC,NEFT,0
TXN988289,2026-09-09 22:56:00,ATM6855,Cash Deposit,78907985673,Neha Kumar,24042,CREDIT,Mumbai,Kotak,ATM,0
TXN737459,2026-09-03 08:48:00,ATM6912,Cash Deposit,63239552412,Kavita Singh,11443,CREDIT,Bangalore,PNB,NEFT,0
TXN612972,2026-09-02 14:09:00,42847446185,Sneha Gupta,ACC132267,Rajesh Sharma,1107,DEBIT,Ahmedabad,HDFC,ATM,0
TXN929170,2026-09-10 06:58:00,ATM8412,Cash Deposit,44704140239,Suresh Singh,7012,CREDIT,Indore,Kotak,NEFT,0
TXN256497,2026-09-09 12:53:00,25455864065,Arjun Jain,ACC439664,Karan Agarwal,996,DEBIT,Indore,PNB,NEFT,0
TXN538114,2026-09-06 06:16:00,21996807497,Pooja Mishra,ACC467007,Manish Sharma,7916,DEBIT,Delhi,ICICI,IMPS,0
TXN496033,2026-09-05 02:15:00,19051614020,Sunita Verma,ACC157773,Kavita Chopra,67727,DEBIT,Indore,Kotak,IMPS,1
TXN228760,2026-09-03 10:40:00,ATM2748,Cash Deposit,73165735166,Priya Malhotra,17612,CREDIT,Pune,Kotak,UPI,0
TXN982960,2026-09-11 09:16:00,ATM5268,Cash Deposit,89273122515,Divya Malhotra,16684,CREDIT,Pune,Kotak,UPI,0
TXN213210,2026-09-05 01:27:00,ACC784380,Sneha Malhotra,78907985673,Neha Kumar,91316,CREDIT,Jaipur,Kotak,IMPS,1
TXN319677,2026-09-06 02:52:00,ACC418274,Manish Reddy,25949442983,Ritu Verma,69497,CREDIT,Bhopal,SBI,IMPS,1
TXN220208,2026-09-08 21:44:00,62295994188,Priya Kumar,ACC683916,Arjun Gupta,14023,DEBIT,Indore,Yes Bank,IMPS,0
TXN553879,2026-09-10 16:15:00,63323345311,Neha Singh,ACC577420,Arjun Agarwal,2528,DEBIT,Mumbai,BOB,UPI,0
TXN962424,2026-09-11 17:51:00,28811835994,Rohit Patel,ACC916523,Deepak Malhotra,12813,DEBIT,Delhi,HDFC,NEFT,0
TXN444921,2026-09-11 04:30:00,78907985673,Neha Kumar,ACC777651,Priya Sharma,54827,DEBIT,Bhopal,Kotak,IMPS,1
TXN664111,2026-09-12 17:42:00,ATM4352,Cash Deposit,29257767423,Divya Singh,1371,CREDIT,Bhopal,Yes Bank,IMPS,0
TXN535623,2026-09-13 18:08:00,ATM1727,Cash Deposit,63239552412,Kavita Singh,5343,CREDIT,Bangalore,PNB,NEFT,0
TXN785616,2026-09-08 04:04:00,61881044912,Meera Mishra,ACC664554,Kavita Verma,48431,DEBIT,Bhopal,HDFC,UPI,1
TXN630679,2026-09-02 12:26:00,44572126008,Sunita Singh,ACC426383,Karan Chopra,6996,DEBIT,Jaipur,Yes Bank,UPI,0
TXN900615,2026-09-06 19:11:00,86884726222,Sneha Jain,ACC902574,Sunita Singh,13867,DEBIT,Bhopal,Kotak,UPI,0
TXN477372,2026-09-12 20:35:00,ATM2723,Cash Deposit,28722783625,Divya Jain,6004,CREDIT,Indore,BOB,IMPS,0
TXN118865,2026-09-01 20:05:00,29260902250,Rohit Verma,ACC830614,Manish Chopra,13240,DEBIT,Indore,Kotak,UPI,0
TXN844108,2026-09-07 15:45:00,ATM3982,Cash Deposit,78243523866,Sunita Yadav,4798,CREDIT,Bangalore,PNB,ATM,0
TXN435704,2026-09-04 06:52:00,ATM2906,Cash Deposit,48417346628,Amit Mishra,17519,CREDIT,Ahmedabad,SBI,NEFT,0
TXN900964,2026-09-05 15:47:00,38249320022,Divya Mishra,ACC273073,Rohit Patel,10170,DEBIT,Mumbai,Kotak,UPI,0
TXN375805,2026-09-07 12:50:00,51082808163,Amit Mishra,ACC183937,Sunita Agarwal,10751,DEBIT,Indore,Kotak,NEFT,0
TXN200535,2026-09-04 14:51:00,ATM2917,Cash Deposit,54834963718,Priya Mishra,1137,CREDIT,Bangalore,Yes Bank,NEFT,0
TXN780735,2026-09-03 10:01:00,27513732321,Divya Mishra,ACC565355,Sunita Yadav,4803,DEBIT,Ahmedabad,Kotak,IMPS,0
TXN155258,2026-09-05 06:22:00,ATM4085,Cash Deposit,51082808163,Amit Mishra,11049,CREDIT,Indore,Kotak,ATM,0
TXN256109,2026-09-09 12:11:00,56014698390,Priya Sharma,ACC670624,Anjali Chopra,8394,DEBIT,Hyderabad,Yes Bank,IMPS,0
TXN782571,2026-09-13 20:48:00,16079375387,Meera Chopra,ACC945478,Divya Patel,9244,DEBIT,Mumbai,BOB,IMPS,0
TXN636095,2026-09-08 04:09:00,12904529504,Deepak Kumar,ACC509119,Deepak Gupta,48586,DEBIT,Indore,HDFC,IMPS,1
TXN918709,2026-09-12 22:05:00,33519243485,Rahul Singh,ACC221947,Meera Verma,9995,DEBIT,Bangalore,Kotak,UPI,0
TXN588802,2026-09-04 19:34:00,14358083466,Deepak Chopra,ACC429936,Neha Kumar,13337,DEBIT,Bangalore,ICICI,IMPS,0
TXN203629,2026-09-12 12:52:00,ATM7449,Cash Deposit,14952110579,Meera Gupta,4509,CREDIT,Bangalore,BOB,IMPS,0
TXN733538,2026-09-12 08:35:00,21152597151,Amit Agarwal,ACC326303,Meera Reddy,1634,DEBIT,Pune,Kotak,IMPS,0
TXN866206,2026-09-08 21:06:00,ATM6729,Cash Deposit,27513732321,Divya Mishra,3659,CREDIT,Ahmedabad,Kotak,UPI,0
TXN841695,2026-09-05 06:09:00,33806719594,Pooja Mishra,ACC276277,Rahul Reddy,3456,DEBIT,Pune,Yes Bank,IMPS,0
TXN506870,2026-09-09 09:59:00,ATM3237,Cash Deposit,21996807497,Pooja Mishra,20743,CREDIT,Delhi,ICICI,IMPS,0
TXN156911,2026-09-11 05:06:00,21724016482,Divya Patel,ACC823144,Deepak Malhotra,41373,DEBIT,Delhi,PNB,UPI,1
TXN312656,2026-09-07 09:29:00,ATM6809,Cash Deposit,46217358382,Vikram Yadav,4505,CREDIT,Pune,PNB,IMPS,0
TXN168250,2026-09-02 09:25:00,63239552412,Kavita Singh,ACC963937,Manish Patel,789,DEBIT,Bangalore,PNB,ATM,0
TXN794329,2026-09-01 20:53:00,65712049807,Meera Yadav,ACC600650,Suresh Gupta,11875,DEBIT,Mumbai,Yes Bank,UPI,0
TXN637928,2026-09-10 09:14:00,ATM4908,Cash Deposit,12083619635,Suresh Jain,5863,CREDIT,Mumbai,Kotak,ATM,0
TXN563999,2026-09-01 14:00:00,59838307340,Rohit Malhotra,ACC340061,Neha Agarwal,13562,DEBIT,Delhi,ICICI,ATM,0
TXN596569,2026-09-13 19:52:00,ATM1352,Cash Deposit,25046528783,Amit Verma,5438,CREDIT,Bangalore,HDFC,IMPS,0
TXN977844,2026-09-01 01:45:00,ACC481399,Rajesh Yadav,72401764333,Manish Reddy,72914,CREDIT,Jaipur,ICICI,IMPS,1
TXN189395,2026-09-03 11:15:00,ATM4022,Cash Deposit,62016806938,Divya Kumar,16951,CREDIT,Indore,PNB,IMPS,0
TXN608934,2026-09-05 22:25:00,89273122515,Divya Malhotra,ACC574051,Priya Verma,620,DEBIT,Pune,Kotak,UPI,0
TXN477257,2026-09-05 03:42:00,ACC444283,Rohit Verma,29260902250,Rohit Verma,54560,CREDIT,Bhopal,Kotak,IMPS,1
TXN153606,2026-09-13 18:26:00,89806732081,Pooja Agarwal,ACC395668,Rajesh Mishra,1943,DEBIT,Chennai,Kotak,UPI,0
TXN839959,2026-09-08 05:04:00,29257767423,Divya Singh,ACC784466,Rohit Kumar,48771,DEBIT,Delhi,Yes Bank,UPI,1
TXN747394,2026-09-07 20:05:00,ATM3606,Cash Deposit,54834963718,Priya Mishra,19032,CREDIT,Bangalore,Yes Bank,UPI,0
TXN295420,2026-09-05 18:15:00,61103002938,Vikram Gupta,ACC605242,Rohit Malhotra,3320,DEBIT,Indore,Yes Bank,IMPS,0
TXN531446,2026-09-09 14:09:00,ATM9869,Cash Deposit,62295994188,Priya Kumar,12615,CREDIT,Indore,Yes Bank,UPI,0
TXN742151,2026-09-06 19:49:00,ATM9976,Cash Deposit,63323345311,Neha Singh,12214,CREDIT,Mumbai,BOB,IMPS,0
TXN359832,2026-09-02 17:41:00,ATM6461,Cash Deposit,28572739832,Priya Singh,15249,CREDIT,Indore,BOB,IMPS,0
TXN639468,2026-09-07 12:29:00,48417346628,Amit Mishra,ACC597153,Anjali Agarwal,8480,DEBIT,Ahmedabad,SBI,NEFT,0
TXN195494,2026-09-07 06:43:00,ATM1591,Cash Deposit,48417346628,Amit Mishra,4093,CREDIT,Ahmedabad,SBI,NEFT,0
TXN344312,2026-09-05 21:49:00,78907985673,Neha Kumar,ACC803940,Divya Kumar,7796,DEBIT,Mumbai,Kotak,IMPS,0
TXN398418,2026-09-09 08:40:00,51082808163,Amit Mishra,ACC948618,Amit Jain,14379,DEBIT,Indore,Kotak,ATM,0
TXN682592,2026-09-07 01:00:00,53524230603,Arjun Singh,ACC894488,Suresh Patel,47993,DEBIT,Indore,SBI,UPI,1
TXN513046,2026-09-08 03:17:00,80051400936,Rohit Sharma,ACC946001,Pooja Mishra,50952,DEBIT,Bhopal,HDFC,IMPS,1
TXN218350,2026-09-12 12:17:00,ATM9482,Cash Deposit,88942334351,Rohit Jain,6399,CREDIT,Delhi,PNB,NEFT,0
TXN176528,2026-09-01 16:34:00,ATM2929,Cash Deposit,92283572728,Kavita Chopra,20128,CREDIT,Ahmedabad,ICICI,UPI,0
TXN739901,2026-09-02 11:15:00,ATM2113,Cash Deposit,47353171337,Meera Singh,11320,CREDIT,Jaipur,BOB,ATM,0
TXN359513,2026-09-11 10:00:00,ATM3017,Cash Deposit,54834963718,Priya Mishra,8094,CREDIT,Bangalore,Yes Bank,ATM,0
TXN524509,2026-09-13 15:23:00,ATM8315,Cash Deposit,27440891126,Rajesh Kumar,1849,CREDIT,Indore,Kotak,NEFT,0
TXN705969,2026-09-05 10:09:00,53524230603,Arjun Singh,ACC601572,Karan Gupta,10635,DEBIT,Indore,SBI,UPI,0
TXN599069,2026-09-12 19:58:00,ATM9903,Cash Deposit,21152597151,Amit Agarwal,7820,CREDIT,Pune,Kotak,NEFT,0
TXN634892,2026-09-06 06:48:00,33519243485,Rahul Singh,ACC227405,Manish Agarwal,14076,DEBIT,Bangalore,Kotak,UPI,0
TXN501984,2026-09-11 04:26:00,ACC855991,Pooja Sharma,78907985673,Neha Kumar,87647,CREDIT,Indore,Kotak,IMPS,1
TXN960195,2026-09-11 15:41:00,38696334298,Rajesh Gupta,ACC391142,Meera Malhotra,9068,DEBIT,Hyderabad,ICICI,NEFT,0
TXN424973,2026-09-01 09:42:00,ATM5105,Cash Deposit,25455864065,Arjun Jain,2145,CREDIT,Indore,PNB,UPI,0
TXN111781,2026-09-05 08:20:00,ATM6848,Cash Deposit,35295201261,Kavita Chopra,18243,CREDIT,Indore,PNB,ATM,0
TXN416161,2026-09-04 13:49:00,ATM4709,Cash Deposit,85225093763,Suresh Reddy,4028,CREDIT,Ahmedabad,PNB,ATM,0
TXN911482,2026-09-03 10:57:00,ATM7116,Cash Deposit,18465419838,Rahul Chopra,23634,CREDIT,Delhi,SBI,UPI,0
TXN395663,2026-09-12 13:02:00,ATM4566,Cash Deposit,61271874238,Kavita Reddy,10361,CREDIT,Mumbai,Axis,NEFT,0
TXN382861,2026-09-11 17:10:00,ATM6947,Cash Deposit,56014698390,Priya Sharma,12146,CREDIT,Hyderabad,Yes Bank,NEFT,0
TXN821753,2026-09-05 06:53:00,ATM6729,Cash Deposit,79724425656,Sneha Singh,22286,CREDIT,Indore,PNB,UPI,0
TXN337598,2026-09-06 05:00:00,24118041504,Meera Chopra,ACC683394,Pooja Malhotra,43683,DEBIT,Jaipur,HDFC,UPI,1
TXN863923,2026-09-04 07:39:00,10954761743,Rahul Mishra,ACC816722,Meera Reddy,7030,DEBIT,Hyderabad,ICICI,ATM,0
TXN623203,2026-09-10 09:28:00,ATM4627,Cash Deposit,81765026938,Neha Yadav,9175,CREDIT,Chennai,BOB,NEFT,0
TXN328363,2026-09-03 08:09:00,21152597151,Amit Agarwal,ACC949155,Sneha Chopra,2545,DEBIT,Pune,Kotak,NEFT,0
TXN806563,2026-09-08 08:45:00,89806732081,Pooja Agarwal,ACC185947,Manish Sharma,5021,DEBIT,Chennai,Kotak,ATM,0
TXN380854,2026-09-04 19:14:00,60223152223,Pooja Sharma,ACC637245,Karan Jain,13907,DEBIT,Delhi,BOB,NEFT,0
TXN842678,2026-09-10 21:19:00,ATM4968,Cash Deposit,59838307340,Rohit Malhotra,9180,CREDIT,Delhi,ICICI,NEFT,0
TXN799395,2026-09-03 13:29:00,62016806938,Divya Kumar,ACC441397,Karan Sharma,4238,DEBIT,Indore,PNB,UPI,0
TXN492356,2026-09-12 21:08:00,ATM7409,Cash Deposit,62330766032,Meera Agarwal,4292,CREDIT,Jaipur,SBI,UPI,0
TXN549063,2026-09-04 15:47:00,51960581410,Pooja Patel,ACC894527,Neha Singh,4547,DEBIT,Chennai,HDFC,ATM,0
TXN698505,2026-09-08 02:00:00,93001408673,Rahul Gupta,ACC813261,Sneha Yadav,47587,DEBIT,Delhi,BOB,UPI,1
TXN555945,2026-09-05 22:50:00,51960581410,Pooja Patel,ACC287867,Suresh Malhotra,13574,DEBIT,Chennai,HDFC,NEFT,0
TXN108752,2026-09-13 15:08:00,61881044912,Meera Mishra,ACC126755,Divya Agarwal,7481,DEBIT,Mumbai,HDFC,IMPS,0
TXN841892,2026-09-11 12:15:00,ATM4165,Cash Deposit,35295201261,Kavita Chopra,3207,CREDIT,Indore,PNB,IMPS,0
TXN174073,2026-09-11 11:47:00,46217358382,Vikram Yadav,ACC289760,Pooja Gupta,973,DEBIT,Pune,PNB,NEFT,0
TXN776905,2026-09-04 04:41:00,77546893355,Sunita Singh,ACC233267,Ritu Agarwal,59987,DEBIT,Jaipur,Kotak,IMPS,1
TXN973333,2026-09-01 10:58:00,29260902250,Rohit Verma,ACC912373,Arjun Kumar,13258,DEBIT,Indore,Kotak,UPI,0
TXN125976,2026-09-01 13:44:00,73934227238,Vikram Malhotra,ACC252241,Pooja Mishra,7575,DEBIT,Pune,BOB,UPI,0
TXN622755,2026-09-08 11:39:00,ATM7261,Cash Deposit,10954761743,Rahul Mishra,14058,CREDIT,Hyderabad,ICICI,NEFT,0
TXN582797,2026-09-05 17:45:00,ATM4137,Cash Deposit,14358083466,Deepak Chopra,11399,CREDIT,Bangalore,ICICI,NEFT,0
TXN811100,2026-09-04 19:02:00,73165735166,Priya Malhotra,ACC386507,Anjali Gupta,14123,DEBIT,Pune,Kotak,UPI,0
TXN784686,2026-09-11 08:37:00,ATM4866,Cash Deposit,79119838474,Ritu Kumar,5959,CREDIT,Pune,BOB,IMPS,0
TXN448911,2026-09-06 20:16:00,ATM3015,Cash Deposit,88947653928,Manish Patel,9331,CREDIT,Delhi,Kotak,NEFT,0
TXN924781,2026-09-12 21:46:00,73934227238,Vikram Malhotra,ACC539293,Neha Gupta,8318,DEBIT,Pune,BOB,IMPS,0
TXN540933,2026-09-02 09:10:00,ATM1690,Cash Deposit,67789516347,Rahul Singh,22311,CREDIT,Delhi,Axis,NEFT,0
TXN244971,2026-09-13 10:20:00,ATM7213,Cash Deposit,44572126008,Sunita Singh,13975,CREDIT,Jaipur,Yes Bank,UPI,0
TXN163137,2026-09-05 12:48:00,ATM3027,Cash Deposit,24118041504,Meera Chopra,11572,CREDIT,Chennai,HDFC,IMPS,0
TXN210318,2026-09-11 20:27:00,ATM2199,Cash Deposit,44572126008,Sunita Singh,19134,CREDIT,Jaipur,Yes Bank,NEFT,0
TXN512739,2026-09-10 21:10:00,ATM5083,Cash Deposit,56014698390,Priya Sharma,10355,CREDIT,Hyderabad,Yes Bank,ATM,0
TXN348651,2026-09-02 22:52:00,ATM1433,Cash Deposit,89806732081,Pooja Agarwal,1338,CREDIT,Chennai,Kotak,NEFT,0
TXN138949,2026-09-01 06:22:00,28722783625,Divya Jain,ACC614383,Deepak Mishra,8556,DEBIT,Indore,BOB,UPI,0
TXN609500,2026-09-10 13:18:00,ATM6070,Cash Deposit,28572739832,Priya Singh,19424,CREDIT,Indore,BOB,ATM,0
TXN661451,2026-09-11 08:33:00,67789516347,Rahul Singh,ACC429687,Arjun Gupta,14536,DEBIT,Delhi,Axis,IMPS,0
TXN146107,2026-09-10 20:56:00,ATM2897,Cash Deposit,74738100507,Neha Chopra,8847,CREDIT,Hyderabad,Kotak,UPI,0
TXN399589,2026-09-09 07:46:00,81765026938,Neha Yadav,ACC452244,Suresh Verma,10687,DEBIT,Chennai,BOB,UPI,0
TXN912067,2026-09-07 20:54:00,74738100507,Neha Chopra,ACC106980,Neha Agarwal,11198,DEBIT,Hyderabad,Kotak,ATM,0
TXN101609,2026-09-01 05:06:00,16079375387,Meera Chopra,ACC485999,Pooja Kumar,41713,DEBIT,Jaipur,BOB,UPI,1
TXN100394,2026-09-09 18:03:00,54834963718,Priya Mishra,ACC866560,Arjun Malhotra,11427,DEBIT,Bangalore,Yes Bank,NEFT,0
TXN263063,2026-09-10 06:47:00,25046528783,Amit Verma,ACC346192,Ritu Reddy,208,DEBIT,Bangalore,HDFC,IMPS,0
TXN486595,2026-09-08 04:00:00,15993060213,Manish Verma,ACC415624,Rohit Gupta,41941,DEBIT,Jaipur,BOB,UPI,1
TXN367950,2026-09-04 20:41:00,ATM5305,Cash Deposit,61271874238,Kavita Reddy,20114,CREDIT,Mumbai,Axis,UPI,0
TXN653022,2026-09-09 02:40:00,ACC264235,Amit Patel,38249320022,Divya Mishra,62651,CREDIT,Delhi,Kotak,IMPS,1
TXN696692,2026-09-12 11:34:00,85477217606,Amit Sharma,ACC349798,Sneha Jain,2471,DEBIT,Pune,Yes Bank,ATM,0
TXN776623,2026-09-08 07:00:00,ATM2190,Cash Deposit,33806719594,Pooja Mishra,14225,CREDIT,Pune,Yes Bank,ATM,0
TXN504424,2026-09-12 12:08:00,33939602316,Rahul Singh,ACC447738,Rohit Verma,14979,DEBIT,Pune,HDFC,ATM,0
TXN767699,2026-09-03 15:32:00,88947653928,Manish Patel,ACC769745,Neha Jain,7083,DEBIT,Delhi,Kotak,NEFT,0
TXN821792,2026-09-02 16:51:00,ATM4485,Cash Deposit,31778562499,Vikram Yadav,3604,CREDIT,Indore,ICICI,NEFT,0
TXN776127,2026-09-01 11:16:00,88942334351,Rohit Jain,ACC398390,Ritu Chopra,1697,DEBIT,Delhi,PNB,IMPS,0
TXN684951,2026-09-08 12:55:00,ATM4244,Cash Deposit,92692462426,Rajesh Malhotra,2895,CREDIT,Hyderabad,ICICI,IMPS,0
TXN683378,2026-09-10 07:19:00,ATM6258,Cash Deposit,27513732321,Divya Mishra,13161,CREDIT,Ahmedabad,Kotak,IMPS,0
TXN965641,2026-09-05 19:11:00,ATM5988,Cash Deposit,23459607651,Deepak Gupta,15305,CREDIT,Jaipur,SBI,ATM,0
TXN862075,2026-09-09 02:45:00,38249320022,Divya Mishra,ACC500606,Neha Jain,49774,DEBIT,Bhopal,Kotak,IMPS,1
TXN115437,2026-09-04 06:44:00,ATM2366,Cash Deposit,92283572728,Kavita Chopra,16115,CREDIT,Ahmedabad,ICICI,NEFT,0
TXN245213,2026-09-07 06:21:00,ATM9090,Cash Deposit,31832239312,Rajesh Singh,17207,CREDIT,Bangalore,SBI,UPI,0
TXN151493,2026-09-02 11:06:00,16079375387,Meera Chopra,ACC876072,Sunita Yadav,14630,DEBIT,Mumbai,BOB,UPI,0
TXN995378,2026-09-04 13:24:00,ATM3238,Cash Deposit,14358083466,Deepak Chopra,2325,CREDIT,Bangalore,ICICI,ATM,0
TXN587728,2026-09-05 17:18:00,78786959606,Sunita Gupta,ACC230010,Rahul Malhotra,4922,DEBIT,Mumbai,HDFC,NEFT,0
TXN750385,2026-09-04 06:51:00,65712049807,Meera Yadav,ACC237533,Divya Kumar,4978,DEBIT,Mumbai,Yes Bank,ATM,0
TXN506845,2026-09-03 16:52:00,48417346628,Amit Mishra,ACC493009,Pooja Reddy,2660,DEBIT,Ahmedabad,SBI,UPI,0
TXN562603,2026-09-01 05:07:00,16079375387,Meera Chopra,ACC457779,Pooja Patel,48867,DEBIT,Indore,BOB,UPI,1
TXN884611,2026-09-09 20:28:00,25455864065,Arjun Jain,ACC142513,Arjun Mishra,7436,DEBIT,Indore,PNB,IMPS,0
TXN515805,2026-09-12 10:05:00,74738100507,Neha Chopra,ACC853969,Vikram Patel,8401,DEBIT,Hyderabad,Kotak,UPI,0
TXN938978,2026-09-07 03:58:00,ACC893925,Sunita Verma,79724425656,Sneha Singh,80653,CREDIT,Delhi,PNB,IMPS,1
TXN342365,2026-09-08 06:29:00,12083619635,Suresh Jain,ACC453845,Karan Singh,6175,DEBIT,Mumbai,Kotak,ATM,0
TXN682261,2026-09-04 11:26:00,59838307340,Rohit Malhotra,ACC583650,Sunita Singh,14855,DEBIT,Delhi,ICICI,UPI,0
TXN145039,2026-09-09 20:33:00,ATM3315,Cash Deposit,74738100507,Neha Chopra,4804,CREDIT,Hyderabad,Kotak,IMPS,0
TXN322425,2026-09-13 10:11:00,ATM7903,Cash Deposit,72495807646,Deepak Mishra,5825,CREDIT,Mumbai,HDFC,UPI,0
TXN681368,2026-09-02 14:41:00,ATM9187,Cash Deposit,29257767423,Divya Singh,18470,CREDIT,Bhopal,Yes Bank,UPI,0
TXN912961,2026-09-10 01:18:00,64812761163,Ritu Jain,ACC307359,Karan Yadav,42193,DEBIT,Jaipur,PNB,UPI,1
TXN563236,2026-09-13 22:27:00,ATM4059,Cash Deposit,85477217606,Amit Sharma,14617,CREDIT,Pune,Yes Bank,IMPS,0
TXN521550,2026-09-01 18:13:00,27513732321,Divya Mishra,ACC614615,Kavita Gupta,1711,DEBIT,Ahmedabad,Kotak,NEFT,0
