txn_id,timestamp,sender_account,sender_name,receiver_account,receiver_name,amount,type,city,bank,channel,is_fraud,hour,amount_log,is_late_night,is_high_value,risk_score,verdict,pattern
TXN726956,2026-09-08 22:20:00,ATM4123,Cash Deposit,29260902250,Rohit Verma,24646,CREDIT,Indore,Kotak,UPI,0,22,10.112410468210365,0,0,56,⚠️ SUSPICIOUS,Normal pattern
TXN321094,2026-09-08 02:18:00,93001408673,Rahul Gupta,ACC362479,Rajesh Malhotra,47797,DEBIT,Delhi,BOB,UPI,1,2,10.774739076600005,1,1,54,⚠️ SUSPICIOUS,High amount | Late-night | High-value + late-night
TXN249150,2026-09-06 13:52:00,ATM5027,Cash Deposit,42847446185,Sneha Gupta,7042,CREDIT,Ahmedabad,HDFC,ATM,0,13,8.85978949474541,0,0,6,✅ SAFE,Normal pattern
TXN554434,2026-09-04 15:33:00,ATM9476,Cash Deposit,88947653928,Manish Patel,17826,CREDIT,Delhi,Kotak,UPI,0,15,9.788469440951861,0,0,12,✅ SAFE,Normal pattern
TXN944840,2026-09-10 15:48:00,ATM4545,Cash Deposit,72401764333,Manish Reddy,12638,CREDIT,Hyderabad,ICICI,IMPS,0,15,9.444542550647126,0,0,2,✅ SAFE,Normal pattern
TXN969664,2026-09-11 16:37:00,39714949352,Karan Verma,ACC961163,Divya Chopra,11375,DEBIT,Jaipur,PNB,NEFT,0,16,9.339261152043022,0,0,7,✅ SAFE,Normal pattern
TXN810888,2026-09-07 08:15:00,ATM1421,Cash Deposit,89273122515,Divya Malhotra,16741,CREDIT,Pune,Kotak,IMPS,0,8,9.725675811220002,0,0,18,✅ SAFE,Normal pattern
TXN763545,2026-09-09 15:09:00,65712049807,Meera Yadav,ACC694966,Sneha Mishra,7523,DEBIT,Mumbai,Yes Bank,UPI,0,15,8.925853190420922,0,0,7,✅ SAFE,Normal pattern
TXN973643,2026-09-08 09:08:00,33806719594,Pooja Mishra,ACC111996,Kavita Agarwal,2715,DEBIT,Pune,Yes Bank,NEFT,0,9,7.906915488678587,0,0,25,✅ SAFE,Normal pattern
TXN329094,2026-09-07 06:40:00,ATM8040,Cash Deposit,23459607651,Deepak Gupta,20549,CREDIT,Jaipur,SBI,ATM,0,6,9.930616219924381,0,0,36,✅ SAFE,Normal pattern
TXN710624,2026-09-11 13:18:00,38249320022,Divya Mishra,ACC497182,Arjun Patel,13783,DEBIT,Mumbai,Kotak,ATM,0,13,9.531263778207766,0,0,4,✅ SAFE,Normal pattern
TXN199391,2026-09-04 22:57:00,15993060213,Manish Verma,ACC988577,Sneha Yadav,3609,DEBIT,Pune,BOB,NEFT,0,22,8.191463051326927,0,0,42,✅ SAFE,Normal pattern
TXN762508,2026-09-02 04:08:00,14947141822,Amit Patel,ACC909279,Arjun Singh,42433,DEBIT,Jaipur,PNB,UPI,1,4,10.655705206673062,1,1,70,🚨 CRITICAL,High amount | Late-night | High-value + late-night
TXN177866,2026-09-12 12:07:00,72401764333,Manish Reddy,ACC241542,Sneha Chopra,6048,DEBIT,Hyderabad,ICICI,UPI,0,12,8.707648248106914,0,0,7,✅ SAFE,Normal pattern
TXN407542,2026-09-12 08:59:00,27513732321,Divya Mishra,ACC643687,Rohit Jain,10332,DEBIT,Ahmedabad,Kotak,ATM,0,8,9.243097936214355,0,0,10,✅ SAFE,Normal pattern
TXN420776,2026-09-12 04:21:00,37876608445,Kavita Verma,ACC595149,Pooja Verma,76574,DEBIT,Jaipur,PNB,IMPS,1,4,11.246025931700975,1,1,78,🚨 CRITICAL,High amount | Late-night | High-value + late-night
TXN205474,2026-09-05 09:08:00,21996807497,Pooja Mishra,ACC586356,Deepak Sharma,6585,DEBIT,Delhi,ICICI,NEFT,0,9,8.792701462936309,0,0,7,✅ SAFE,Normal pattern
TXN714569,2026-09-13 09:01:00,18163563523,Pooja Chopra,ACC726325,Suresh Agarwal,4557,DEBIT,Delhi,SBI,UPI,0,9,8.42463920980563,0,0,11,✅ SAFE,Normal pattern
TXN143877,2026-09-01 11:05:00,ATM3103,Cash Deposit,47353171337,Meera Singh,4949,CREDIT,Jaipur,BOB,UPI,0,11,8.507142855562735,0,0,10,✅ SAFE,Normal pattern
TXN567195,2026-09-09 11:31:00,ATM6326,Cash Deposit,16266114041,Priya Kumar,17217,CREDIT,Hyderabad,HDFC,IMPS,0,11,9.7537106272179,0,0,9,✅ SAFE,Normal pattern
TXN586535,2026-09-02 04:29:00,ACC902924,Kavita Verma,31778562499,Vikram Yadav,79484,CREDIT,Indore,ICICI,IMPS,1,4,11.283323603594972,1,1,78,🚨 CRITICAL,High amount | Late-night | High-value + late-night
TXN649077,2026-09-06 04:00:00,37876608445,Kavita Verma,ACC350166,Anjali Verma,44105,DEBIT,Jaipur,PNB,UPI,1,4,10.694351106602143,1,1,66,⚠️ SUSPICIOUS,High amount | Late-night | High-value + late-night
TXN807402,2026-09-11 19:28:00,44704140239,Suresh Singh,ACC130357,Deepak Kumar,180,DEBIT,Indore,Kotak,UPI,0,19,5.198497031265826,0,0,91,🚨 CRITICAL,Normal pattern
TXN627403,2026-09-03 15:34:00,81765026938,Neha Yadav,ACC224405,Pooja Gupta,14575,DEBIT,Chennai,BOB,IMPS,0,15,9.58713161949974,0,0,5,✅ SAFE,Normal pattern
TXN250570,2026-09-13 08:50:00,ATM2016,Cash Deposit,23459607651,Deepak Gupta,24578,CREDIT,Jaipur,SBI,UPI,0,8,10.109647698809924,0,0,38,✅ SAFE,Normal pattern
TXN906024,2026-09-13 06:39:00,ATM7401,Cash Deposit,23459607651,Deepak Gupta,22763,CREDIT,Jaipur,SBI,ATM,0,6,10.032935619723014,0,0,42,✅ SAFE,Normal pattern
TXN600862,2026-09-07 03:00:00,62295994188,Priya Kumar,ACC246621,Arjun Yadav,44109,DEBIT,Bhopal,Yes Bank,UPI,1,3,10.694441793098985,1,1,69,⚠️ SUSPICIOUS,High amount | Late-night | High-value + late-night
TXN448653,2026-09-03 21:28:00,ATM6285,Cash Deposit,84158488165,Rajesh Gupta,1242,CREDIT,Bhopal,Kotak,IMPS,0,21,7.1252830915107115,0,0,54,⚠️ SUSPICIOUS,Normal pattern
TXN113661,2026-09-07 22:45:00,38696334298,Rajesh Gupta,ACC370800,Meera Chopra,4452,DEBIT,Hyderabad,ICICI,ATM,0,22,8.401333305321703,0,0,40,✅ SAFE,Normal pattern
TXN136149,2026-09-04 17:19:00,71492139864,Manish Mishra,ACC206447,Manish Patel,11599,DEBIT,Mumbai,HDFC,NEFT,0,17,9.358760377094455,0,0,8,✅ SAFE,Normal pattern
TXN302503,2026-09-11 14:21:00,ATM5591,Cash Deposit,21152597151,Amit Agarwal,7717,CREDIT,Pune,Kotak,NEFT,0,14,8.951310542097564,0,0,4,✅ SAFE,Normal pattern
TXN111431,2026-09-06 21:34:00,62330766032,Meera Agarwal,ACC957137,Suresh Patel,12093,DEBIT,Jaipur,SBI,UPI,0,21,9.400464740833158,0,0,15,✅ SAFE,Normal pattern
TXN868492,2026-09-03 09:08:00,38696334298,Rajesh Gupta,ACC844321,Meera Malhotra,13903,DEBIT,Hyderabad,ICICI,NEFT,0,9,9.539931847505173,0,0,6,✅ SAFE,Normal pattern
TXN323380,2026-09-02 04:00:00,14947141822,Amit Patel,ACC727600,Amit Verma,41597,DEBIT,Jaipur,PNB,UPI,1,4,10.635807368170546,1,1,73,🚨 CRITICAL,High amount | Late-night | High-value + late-night
TXN425507,2026-09-11 08:32:00,84158488165,Rajesh Gupta,ACC412190,Karan Verma,4776,DEBIT,Bhopal,Kotak,IMPS,0,8,8.471568013389962,0,0,18,✅ SAFE,Normal pattern
TXN949259,2026-09-09 20:58:00,74738100507,Neha Chopra,ACC724104,Divya Kumar,11208,DEBIT,Hyderabad,Kotak,ATM,0,20,9.324472306021095,0,0,7,✅ SAFE,Normal pattern
TXN821281,2026-09-13 16:58:00,33806719594,Pooja Mishra,ACC594870,Rahul Jain,10904,DEBIT,Pune,Yes Bank,ATM,0,16,9.29697667863573,0,0,7,✅ SAFE,Normal pattern
TXN527421,2026-09-03 22:46:00,ATM8311,Cash Deposit,48003803600,Rahul Mishra,10818,CREDIT,Jaipur,Kotak,UPI,0,22,9.289059126687574,0,0,23,✅ SAFE,Normal pattern
TXN182908,2026-09-11 06:34:00,ATM2734,Cash Deposit,84158488165,Rajesh Gupta,20877,CREDIT,Bhopal,Kotak,UPI,0,6,9.946451251968243,0,0,37,✅ SAFE,Normal pattern
TXN760611,2026-09-10 12:28:00,ATM8595,Cash Deposit,89273122515,Divya Malhotra,5143,CREDIT,Pune,Kotak,UPI,0,12,8.545586265917455,0,0,8,✅ SAFE,Normal pattern
TXN723572,2026-09-04 12:45:00,25046528783,Amit Verma,ACC640715,Divya Agarwal,12755,DEBIT,Bangalore,HDFC,ATM,0,12,9.453757028129948,0,0,2,✅ SAFE,Normal pattern
TXN361319,2026-09-08 12:32:00,29257767423,Divya Singh,ACC689542,Rohit Singh,12612,DEBIT,Bhopal,Yes Bank,UPI,0,12,9.442483307087192,0,0,2,✅ SAFE,Normal pattern
TXN721819,2026-09-07 12:41:00,ATM5903,Cash Deposit,19051614020,Sunita Verma,21101,CREDIT,Indore,Kotak,NEFT,0,12,9.957123101702038,0,0,19,✅ SAFE,Normal pattern
TXN753850,2026-09-08 15:59:00,17487414647,Sunita Kumar,ACC887320,Suresh Agarwal,3402,DEBIT,Bangalore,BOB,IMPS,0,15,8.132412674500905,0,0,21,✅ SAFE,Normal pattern
TXN631519,2026-09-04 02:07:00,ACC437298,Rajesh Kumar,38249320022,Divya Mishra,75120,CREDIT,Bhopal,Kotak,IMPS,1,2,11.226855425827619,1,1,84,🚨 CRITICAL,High amount | Late-night | High-value + late-night
TXN652363,2026-09-12 14:41:00,ATM7061,Cash Deposit,18465419838,Rahul Chopra,6120,CREDIT,Delhi,SBI,UPI,0,14,8.71948076085107,0,0,6,✅ SAFE,Normal pattern
TXN640175,2026-09-09 11:15:00,56410977202,Kavita Agarwal,ACC120535,Arjun Reddy,11937,DEBIT,Indore,SBI,UPI,0,11,9.387481868728596,0,0,1,✅ SAFE,Normal pattern
TXN994394,2026-09-10 01:21:00,ACC821810,Sunita Reddy,14358083466,Deepak Chopra,87162,CREDIT,Jaipur,ICICI,IMPS,1,1,11.375535207924687,1,1,96,🚨 CRITICAL,High amount | Late-night | High-value + late-night
TXN140969,2026-09-06 14:05:00,38249320022,Divya Mishra,ACC275175,Divya Verma,12036,DEBIT,Mumbai,Kotak,IMPS,0,14,9.395740518379736,0,0,1,✅ SAFE,Normal pattern
TXN466879,2026-09-11 14:59:00,ATM6807,Cash Deposit,28572739832,Priya Singh,5489,CREDIT,Indore,BOB,NEFT,0,14,8.610683534503575,0,0,9,✅ SAFE,Normal pattern
TXN899080,2026-09-04 21:17:00,ATM5656,Cash Deposit,28572739832,Priya Singh,10150,CREDIT,Indore,BOB,UPI,0,21,9.225327501784431,0,0,14,✅ SAFE,Normal pattern
TXN670162,2026-09-03 10:17:00,94010037709,Meera Reddy,ACC175047,Neha Malhotra,5601,DEBIT,Indore,ICICI,UPI,0,10,8.630878955820053,0,0,7,✅ SAFE,Normal pattern
TXN291638,2026-09-11 10:22:00,ATM5389,Cash Deposit,25949442983,Ritu Verma,18159,CREDIT,Indore,SBI,IMPS,0,10,9.806976652155285,0,0,10,✅ SAFE,Normal pattern
TXN513021,2026-09-13 19:40:00,61648595985,Kavita Yadav,ACC761921,Priya Gupta,4197,DEBIT,Pune,PNB,ATM,0,19,8.342363500380579,0,0,21,✅ SAFE,Normal pattern
TXN391734,2026-09-10 10:28:00,62295994188,Priya Kumar,ACC512885,Pooja Mishra,5018,DEBIT,Indore,Yes Bank,UPI,0,10,8.520985989654934,0,0,8,✅ SAFE,Normal pattern
TXN671757,2026-09-10 12:16:00,ATM6898,Cash Deposit,63323345311,Neha Singh,10481,CREDIT,Mumbai,BOB,NEFT,0,12,9.257414779362112,0,0,2,✅ SAFE,Normal pattern
TXN418557,2026-09-04 13:00:00,ATM7294,Cash Deposit,89806732081,Pooja Agarwal,10356,CREDIT,Chennai,Kotak,UPI,0,13,9.24541789858888,0,0,1,✅ SAFE,Normal pattern
TXN619930,2026-09-04 07:43:00,72401764333,Manish Reddy,ACC612156,Sneha Reddy,6745,DEBIT,Hyderabad,ICICI,UPI,0,7,8.816705015621595,0,0,18,✅ SAFE,Normal pattern
TXN553987,2026-09-02 19:59:00,ATM4432,Cash Deposit,28811835994,Rohit Patel,3940,CREDIT,Delhi,HDFC,NEFT,0,19,8.279189777195004,0,0,21,✅ SAFE,Normal pattern
TXN433106,2026-09-08 20:23:00,ATM4030,Cash Deposit,81765026938,Neha Yadav,22880,CREDIT,Chennai,BOB,IMPS,0,20,10.038062150832348,0,0,30,✅ SAFE,Normal pattern
TXN413209,2026-09-08 01:07:00,42847446185,Sneha Gupta,ACC225141,Anjali Chopra,40342,DEBIT,Bhopal,HDFC,UPI,1,1,10.605173176616129,1,1,86,🚨 CRITICAL,High amount | Late-night | High-value + late-night
TXN169613,2026-09-02 14:55:00,ATM8506,Cash Deposit,94010037709,Meera Reddy,7507,CREDIT,Indore,ICICI,NEFT,0,14,8.9237243977064,0,0,4,✅ SAFE,Normal pattern
TXN540053,2026-09-07 19:25:00,ATM9762,Cash Deposit,42803635759,Sneha Mishra,4174,CREDIT,Bhopal,SBI,ATM,0,19,8.336869637284956,0,0,21,✅ SAFE,Normal pattern
TXN382470,2026-09-07 15:59:00,ATM5180,Cash Deposit,72495807646,Deepak Mishra,22114,CREDIT,Mumbai,HDFC,ATM,0,15,10.004011390302427,0,0,24,✅ SAFE,Normal pattern
TXN475202,2026-09-05 15:35:00,ATM8456,Cash Deposit,33806719594,Pooja Mishra,24038,CREDIT,Pune,Yes Bank,NEFT,0,15,10.087432790446181,0,0,27,✅ SAFE,Normal pattern
TXN759035,2026-09-02 21:50:00,ATM1259,Cash Deposit,81765026938,Neha Yadav,10589,CREDIT,Chennai,BOB,IMPS,0,21,9.267665438595452,0,0,14,✅ SAFE,Normal pattern
TXN111121,2026-09-08 03:16:00,ACC508988,Anjali Verma,80051400936,Rohit Sharma,89164,CREDIT,Delhi,HDFC,IMPS,1,3,11.398243864886613,1,1,98,🚨 CRITICAL,High amount | Late-night | High-value + late-night
TXN110165,2026-09-01 13:07:00,ATM7062,Cash Deposit,63323345311,Neha Singh,8882,CREDIT,Mumbai,BOB,ATM,0,13,9.0918946167697,0,0,2,✅ SAFE,Normal pattern
TXN977217,2026-09-13 13:52:00,ATM2522,Cash Deposit,60223152223,Pooja Sharma,14869,CREDIT,Delhi,BOB,UPI,0,13,9.6071010394542,0,0,6,✅ SAFE,Normal pattern
TXN795222,2026-09-04 19:46:00,17487414647,Sunita Kumar,ACC894047,Anjali Singh,1642,DEBIT,Bangalore,BOB,UPI,0,19,7.404279118037268,0,0,35,✅ SAFE,Normal pattern
TXN364026,2026-09-09 18:42:00,ATM8640,Cash Deposit,48417346628,Amit Mishra,23147,CREDIT,Ahmedabad,SBI,UPI,0,18,10.04966366269373,0,0,35,✅ SAFE,Normal pattern
TXN385876,2026-09-09 07:01:00,ATM1080,Cash Deposit,88947653928,Manish Patel,16774,CREDIT,Delhi,Kotak,ATM,0,7,9.727644961839882,0,0,21,✅ SAFE,Normal pattern
TXN423941,2026-09-03 21:48:00,ATM3147,Cash Deposit,48003803600,Rahul Mishra,5361,CREDIT,Jaipur,Kotak,UPI,0,21,8.587092318795905,0,0,20,✅ SAFE,Normal pattern
TXN471182,2026-09-10 10:27:00,56410977202,Kavita Agarwal,ACC396782,Manish Reddy,4676,DEBIT,Indore,SBI,ATM,0,10,8.450412157725886,0,0,11,✅ SAFE,Normal pattern
TXN501502,2026-09-08 22:31:00,18465419838,Rahul Chopra,ACC934294,Kavita Singh,11603,DEBIT,Delhi,SBI,NEFT,0,22,9.359105145241294,0,0,25,✅ SAFE,Normal pattern
TXN953034,2026-09-01 19:21:00,ATM3352,Cash Deposit,21724016482,Divya Patel,1850,CREDIT,Delhi,PNB,IMPS,0,19,7.523481312573497,0,0,32,✅ SAFE,Normal pattern
TXN586733,2026-09-06 17:52:00,48417346628,Amit Mishra,ACC893157,Rajesh Chopra,14910,DEBIT,Ahmedabad,SBI,IMPS,0,17,9.609854474590907,0,0,13,✅ SAFE,Normal pattern
TXN471219,2026-09-10 01:03:00,64812761163,Ritu Jain,ACC816725,Suresh Sharma,41476,DEBIT,Bhopal,PNB,UPI,1,1,10.632894335716385,1,1,80,🚨 CRITICAL,High amount | Late-night | High-value + late-night
TXN203141,2026-09-12 14:13:00,62016806938,Divya Kumar,ACC334935,Rahul Gupta,10986,DEBIT,Indore,PNB,IMPS,0,14,9.30446803470088,0,0,1,✅ SAFE,Normal pattern
TXN827610,2026-09-02 13:01:00,17657106190,Pooja Chopra,ACC534805,Rohit Chopra,1348,DEBIT,Chennai,BOB,NEFT,0,13,7.207118856207756,0,0,36,✅ SAFE,Normal pattern
TXN957755,2026-09-05 21:55:00,ATM9591,Cash Deposit,92283572728,Kavita Chopra,5114,CREDIT,Ahmedabad,ICICI,UPI,0,21,8.539932678385727,0,0,21,✅ SAFE,Normal pattern
TXN511938,2026-09-04 09:30:00,63323345311,Neha Singh,ACC753565,Anjali Yadav,5825,DEBIT,Mumbai,BOB,ATM,0,9,8.67008593751938,0,0,5,✅ SAFE,Normal pattern
TXN511827,2026-09-06 15:53:00,33519243485,Rahul Singh,ACC633284,Kavita Verma,8134,DEBIT,Bangalore,Kotak,NEFT,0,15,9.003931019653137,0,0,5,✅ SAFE,Normal pattern
TXN468970,2026-09-02 13:21:00,ATM7933,Cash Deposit,88942334351,Rohit Jain,18048,CREDIT,Delhi,PNB,ATM,0,13,9.800845560564248,0,0,9,✅ SAFE,Normal pattern
TXN510129,2026-09-05 11:01:00,ATM7785,Cash Deposit,14952110579,Meera Gupta,8801,CREDIT,Bangalore,BOB,ATM,0,11,9.082734247371036,0,0,4,✅ SAFE,Normal pattern
TXN863570,2026-09-08 17:47:00,78907985673,Neha Kumar,ACC710506,Sunita Kumar,11244,DEBIT,Mumbai,Kotak,ATM,0,17,9.327678864393416,0,0,8,✅ SAFE,Normal pattern
TXN306441,2026-09-07 09:02:00,28811835994,Rohit Patel,ACC282212,Vikram Malhotra,1437,DEBIT,Delhi,HDFC,IMPS,0,9,7.271008538280992,0,0,41,✅ SAFE,Normal pattern
TXN155272,2026-09-07 10:15:00,60223152223,Pooja Sharma,ACC875420,Rajesh Mishra,13148,DEBIT,Delhi,BOB,UPI,0,10,9.484100989086919,0,0,2,✅ SAFE,Normal pattern
TXN167514,2026-09-06 05:03:00,24118041504,Meera Chopra,ACC840861,Suresh Patel,40672,DEBIT,Delhi,HDFC,UPI,1,5,10.613319760626345,1,1,88,🚨 CRITICAL,High amount | Late-night | High-value + late-night
TXN973611,2026-09-12 21:44:00,ATM8623,Cash Deposit,61271874238,Kavita Reddy,17941,CREDIT,Mumbai,Axis,UPI,0,21,9.794899612119229,0,0,25,✅ SAFE,Normal pattern
TXN994631,2026-09-11 08:31:00,54834963718,Priya Mishra,ACC700538,Karan Yadav,1472,DEBIT,Bangalore,Yes Bank,IMPS,0,8,7.29505641646263,0,0,45,⚠️ SUSPICIOUS,Normal pattern
TXN552638,2026-09-01 15:35:00,88947653928,Manish Patel,ACC788534,Anjali Verma,5108,DEBIT,Delhi,Kotak,IMPS,0,15,8.538758969330798,0,0,9,✅ SAFE,Normal pattern
TXN287683,2026-09-09 18:18:00,12904529504,Deepak Kumar,ACC271310,Meera Malhotra,8018,DEBIT,Chennai,HDFC,ATM,0,18,8.989569004807029,0,0,14,✅ SAFE,Normal pattern
TXN797147,2026-09-13 16:35:00,59838307340,Rohit Malhotra,ACC620227,Pooja Reddy,8635,DEBIT,Delhi,ICICI,NEFT,0,16,9.063694791634697,0,0,10,✅ SAFE,Normal pattern
TXN730059,2026-09-11 16:42:00,47353171337,Meera Singh,ACC270883,Amit Kumar,2277,DEBIT,Jaipur,BOB,IMPS,0,16,7.731053144007127,0,0,23,✅ SAFE,Normal pattern
TXN940116,2026-09-09 18:32:00,ATM4703,Cash Deposit,33806719594,Pooja Mishra,12586,CREDIT,Pune,Yes Bank,UPI,0,18,9.440419814291506,0,0,8,✅ SAFE,Normal pattern
TXN306177,2026-09-06 13:37:00,53524230603,Arjun Singh,ACC391295,Suresh Chopra,1953,DEBIT,Indore,SBI,IMPS,0,13,7.577633832602728,0,0,24,✅ SAFE,Normal pattern
TXN924618,2026-09-08 14:26:00,ATM9612,Cash Deposit,84158488165,Rajesh Gupta,9727,CREDIT,Bhopal,Kotak,UPI,0,14,9.182763604205949,0,0,2,✅ SAFE,Normal pattern
TXN428353,2026-09-07 09:22:00,89273122515,Divya Malhotra,ACC689092,Sneha Verma,5845,DEBIT,Pune,Kotak,ATM,0,9,8.673512945671192,0,0,6,✅ SAFE,Normal pattern
TXN313595,2026-09-13 20:19:00,ATM3758,Cash Deposit,85225093763,Suresh Reddy,23967,CREDIT,Ahmedabad,PNB,IMPS,0,20,10.084474886316945,0,0,35,✅ SAFE,Normal pattern
TXN219502,2026-09-04 20:06:00,ATM1978,Cash Deposit,57171365272,Rohit Mishra,20994,CREDIT,Ahmedabad,PNB,UPI,0,20,9.952039593118293,0,0,26,✅ SAFE,Normal pattern
TXN250015,2026-09-04 20:42:00,ATM7591,Cash Deposit,13085810396,Suresh Gupta,7732,CREDIT,Indore,ICICI,NEFT,0,20,8.953252164609035,0,0,10,✅ SAFE,Normal pattern
TXN867376,2026-09-08 14:05:00,31778562499,Vikram Yadav,ACC481325,Sneha Yadav,11270,DEBIT,Indore,ICICI,UPI,0,14,9.329988334242078,0,0,3,✅ SAFE,Normal pattern
TXN900452,2026-09-13 07:19:00,ATM1404,Cash Deposit,89273122515,Divya Malhotra,24735,CREDIT,Pune,Kotak,IMPS,0,7,10.116014951387148,0,0,39,✅ SAFE,Normal pattern
TXN789780,2026-09-01 14:40:00,24118041504,Meera Chopra,ACC488368,Priya Yadav,6009,DEBIT,Chennai,HDFC,NEFT,0,14,8.701180027529253,0,0,7,✅ SAFE,Normal pattern
TXN780875,2026-09-01 19:55:00,51960581410,Pooja Patel,ACC719291,Amit Agarwal,14201,DEBIT,Chennai,HDFC,ATM,0,19,9.561138078742038,0,0,13,✅ SAFE,Normal pattern
TXN844718,2026-09-04 21:44:00,ATM4973,Cash Deposit,25046528783,Amit Verma,6081,CREDIT,Bangalore,HDFC,ATM,0,21,8.71308886823731,0,0,19,✅ SAFE,Normal pattern
TXN686158,2026-09-06 09:36:00,ATM5065,Cash Deposit,27513732321,Divya Mishra,6961,CREDIT,Ahmedabad,Kotak,UPI,0,9,8.848222068371385,0,0,7,✅ SAFE,Normal pattern
TXN709329,2026-09-11 11:56:00,ATM4163,Cash Deposit,56014698390,Priya Sharma,11221,CREDIT,Hyderabad,Yes Bank,IMPS,0,11,9.325631416310918,0,0,2,✅ SAFE,Normal pattern
TXN962145,2026-09-05 13:50:00,19051614020,Sunita Verma,ACC459811,Meera Verma,4394,DEBIT,Indore,Kotak,UPI,0,13,8.388222810119277,0,0,12,✅ SAFE,Normal pattern
TXN107791,2026-09-04 20:33:00,64812761163,Ritu Jain,ACC882929,Deepak Singh,14670,DEBIT,Bhopal,PNB,UPI,0,20,9.593628035139645,0,0,13,✅ SAFE,Normal pattern
TXN814913,2026-09-08 04:18:00,15993060213,Manish Verma,ACC588055,Kavita Gupta,47414,DEBIT,Delhi,BOB,UPI,1,4,10.766693913317829,1,1,65,⚠️ SUSPICIOUS,High amount | Late-night | High-value + late-night
TXN409998,2026-09-05 19:49:00,97930489515,Anjali Reddy,ACC694335,Suresh Jain,8503,DEBIT,Ahmedabad,BOB,NEFT,0,19,9.048291920021784,0,0,9,✅ SAFE,Normal pattern
TXN158982,2026-09-01 09:39:00,ATM7328,Cash Deposit,73165735166,Priya Malhotra,15435,CREDIT,Pune,Kotak,NEFT,0,9,9.64445772265751,0,0,11,✅ SAFE,Normal pattern
TXN112133,2026-09-09 16:54:00,ATM6074,Cash Deposit,17487414647,Sunita Kumar,12929,CREDIT,Bangalore,BOB,UPI,0,16,9.467305471765902,0,0,7,✅ SAFE,Normal pattern
TXN222258,2026-09-08 19:41:00,ATM1948,Cash Deposit,23459607651,Deepak Gupta,12568,CREDIT,Jaipur,SBI,IMPS,0,19,9.438988743924838,0,0,8,✅ SAFE,Normal pattern
TXN986018,2026-09-08 04:06:00,ACC367020,Kavita Kumar,12904529504,Deepak Kumar,63927,CREDIT,Delhi,HDFC,IMPS,1,4,11.065512729054298,1,1,74,🚨 CRITICAL,High amount | Late-night | High-value + late-night
TXN561969,2026-09-09 10:26:00,61103002938,Vikram Gupta,ACC872791,Rajesh Mishra,10494,DEBIT,Indore,Yes Bank,IMPS,0,10,9.258654232254733,0,0,2,✅ SAFE,Normal pattern
TXN968417,2026-09-11 15:43:00,13085810396,Suresh Gupta,ACC715575,Meera Gupta,2038,DEBIT,Indore,ICICI,IMPS,0,15,7.620214770574455,0,0,25,✅ SAFE,Normal pattern
TXN458321,2026-09-07 22:29:00,ATM9161,Cash Deposit,61881044912,Meera Mishra,23181,CREDIT,Mumbai,HDFC,ATM,0,22,10.05113139444869,0,0,48,⚠️ SUSPICIOUS,Normal pattern
TXN406302,2026-09-05 01:59:00,54834963718,Priya Mishra,ACC362648,Rajesh Verma,44137,DEBIT,Bhopal,Yes Bank,IMPS,1,1,10.695076368408106,1,1,68,⚠️ SUSPICIOUS,High amount | Late-night | High-value + late-night
TXN251384,2026-09-06 10:22:00,15993060213,Manish Verma,ACC637460,Rajesh Jain,9580,DEBIT,Pune,BOB,IMPS,0,10,9.167537249650874,0,0,3,✅ SAFE,Normal pattern
TXN319094,2026-09-02 01:20:00,21724016482,Divya Patel,ACC377379,Manish Kumar,42502,DEBIT,Bhopal,PNB,UPI,1,1,10.65732994065657,1,1,73,🚨 CRITICAL,High amount | Late-night | High-value + late-night
TXN133646,2026-09-01 13:17:00,ATM6008,Cash Deposit,42847446185,Sneha Gupta,24914,CREDIT,Ahmedabad,HDFC,NEFT,0,13,10.123225310715505,0,0,28,✅ SAFE,Normal pattern
TXN170024,2026-09-06 12:58:00,79119838474,Ritu Kumar,ACC223014,Rajesh Patel,12529,DEBIT,Pune,BOB,UPI,0,12,9.435881047890113,0,0,2,✅ SAFE,Normal pattern
TXN907062,2026-09-10 09:02:00,27513732321,Divya Mishra,ACC691824,Divya Jain,8503,DEBIT,Ahmedabad,Kotak,NEFT,0,9,9.048291920021784,0,0,4,✅ SAFE,Normal pattern
TXN339953,2026-09-03 14:46:00,ATM4175,Cash Deposit,94010037709,Meera Reddy,24209,CREDIT,Indore,ICICI,UPI,0,14,10.094521049932105,0,0,26,✅ SAFE,Normal pattern
TXN692357,2026-09-05 20:15:00,65712049807,Meera Yadav,ACC528289,Arjun Agarwal,3201,DEBIT,Mumbai,Yes Bank,ATM,0,20,8.07153089355666,0,0,21,✅ SAFE,Normal pattern
TXN500942,2026-09-09 07:54:00,42803635759,Sneha Mishra,ACC418319,Kavita Verma,13251,DEBIT,Bhopal,SBI,IMPS,0,7,9.491903763419787,0,0,15,✅ SAFE,Normal pattern
TXN930679,2026-09-13 21:54:00,94010037709,Meera Reddy,ACC770886,Karan Jain,1715,DEBIT,Indore,ICICI,IMPS,0,21,7.447751280047908,0,0,43,✅ SAFE,Normal pattern
TXN717973,2026-09-02 12:53:00,27440891126,Rajesh Kumar,ACC323325,Neha Mishra,7937,DEBIT,Indore,Kotak,NEFT,0,12,8.97941663334301,0,0,5,✅ SAFE,Normal pattern
TXN995784,2026-09-02 14:43:00,ATM6745,Cash Deposit,15257343773,Rohit Jain,17684,CREDIT,Hyderabad,HDFC,ATM,0,14,9.780472101639582,0,0,11,✅ SAFE,Normal pattern
TXN813891,2026-09-03 21:04:00,16266114041,Priya Kumar,ACC876170,Suresh Jain,4489,DEBIT,Hyderabad,HDFC,UPI,0,21,8.4096079807363,0,0,23,✅ SAFE,Normal pattern
TXN753505,2026-09-09 06:06:00,ATM6846,Cash Deposit,38696334298,Rajesh Gupta,8396,CREDIT,Hyderabad,ICICI,UPI,0,6,9.035629778183564,0,0,25,✅ SAFE,Normal pattern
TXN472663,2026-09-10 03:17:00,44572126008,Sunita Singh,ACC103394,Deepak Reddy,74029,DEBIT,Jaipur,Yes Bank,IMPS,1,3,11.212225695437144,1,1,82,🚨 CRITICAL,High amount | Late-night | High-value + late-night
TXN736249,2026-09-11 16:02:00,73934227238,Vikram Malhotra,ACC879635,Rohit Malhotra,311,DEBIT,Pune,BOB,ATM,0,16,5.7430031878094825,0,0,72,🚨 CRITICAL,Normal pattern
TXN665228,2026-09-03 14:03:00,78907985673,Neha Kumar,ACC732006,Manish Sharma,10683,DEBIT,Mumbai,Kotak,ATM,0,14,9.276502574229852,0,0,1,✅ SAFE,Normal pattern
TXN495977,2026-09-05 16:01:00,ATM7492,Cash Deposit,79724425656,Sneha Singh,19393,CREDIT,Indore,PNB,ATM,0,16,9.872719018864492,0,0,17,✅ SAFE,Normal pattern
TXN144085,2026-09-13 12:41:00,25455864065,Arjun Jain,ACC876763,Anjali Singh,7853,DEBIT,Indore,PNB,NEFT,0,12,8.968778235137956,0,0,5,✅ SAFE,Normal pattern
TXN975111,2026-09-07 16:33:00,ATM6076,Cash Deposit,23459607651,Deepak Gupta,16490,CREDIT,Jaipur,SBI,UPI,0,16,9.71057005652877,0,0,13,✅ SAFE,Normal pattern
TXN506200,2026-09-04 19:00:00,86884726222,Sneha Jain,ACC561568,Priya Jain,10741,DEBIT,Bhopal,Kotak,ATM,0,19,9.281916570465405,0,0,7,✅ SAFE,Normal pattern
TXN241268,2026-09-06 18:36:00,12904529504,Deepak Kumar,ACC694869,Rajesh Verma,9654,DEBIT,Chennai,HDFC,IMPS,0,18,9.175231194862615,0,0,9,✅ SAFE,Normal pattern
TXN375180,2026-09-09 07:13:00,ATM9424,Cash Deposit,28722783625,Divya Jain,21831,CREDIT,Indore,BOB,IMPS,0,7,9.991132062388175,0,0,31,✅ SAFE,Normal pattern
TXN501530,2026-09-02 20:36:00,ATM9976,Cash Deposit,15257343773,Rohit Jain,18652,CREDIT,Hyderabad,HDFC,ATM,0,20,9.833762270044563,0,0,20,✅ SAFE,Normal pattern
TXN236124,2026-09-12 17:33:00,12904529504,Deepak Kumar,ACC631485,Vikram Mishra,10930,DEBIT,Chennai,HDFC,IMPS,0,17,9.299358068293836,0,0,7,✅ SAFE,Normal pattern
TXN604839,2026-09-06 07:07:00,ATM5354,Cash Deposit,44704140239,Suresh Singh,12963,CREDIT,Indore,Kotak,UPI,0,7,9.469931564261438,0,0,15,✅ SAFE,Normal pattern
TXN752784,2026-09-05 07:34:00,24118041504,Meera Chopra,ACC675906,Kavita Sharma,8537,DEBIT,Chennai,HDFC,UPI,0,7,9.052282067317908,0,0,15,✅ SAFE,Normal pattern
TXN194834,2026-09-02 04:10:00,14947141822,Amit Patel,ACC457248,Neha Sharma,44029,DEBIT,Delhi,PNB,UPI,1,4,10.6926264987498,1,1,66,⚠️ SUSPICIOUS,High amount | Late-night | High-value + late-night
TXN513613,2026-09-02 15:10:00,13085810396,Suresh Gupta,ACC983271,Neha Malhotra,14135,DEBIT,Indore,ICICI,UPI,0,15,9.556480013999533,0,0,5,✅ SAFE,Normal pattern
TXN650209,2026-09-07 22:39:00,61271874238,Kavita Reddy,ACC903154,Manish Gupta,11992,DEBIT,Mumbai,Axis,NEFT,0,22,9.392078425231722,0,0,25,✅ SAFE,Normal pattern
TXN159446,2026-09-07 22:15:00,21724016482,Divya Patel,ACC942295,Meera Gupta,5642,DEBIT,Delhi,PNB,NEFT,0,22,8.63817111796914,0,0,36,✅ SAFE,Normal pattern
TXN157677,2026-09-07 18:19:00,25046528783,Amit Verma,ACC682076,Manish Verma,4043,DEBIT,Bangalore,HDFC,UPI,0,18,8.304989580140361,0,0,22,✅ SAFE,Normal pattern
TXN522965,2026-09-01 08:31:00,ATM8118,Cash Deposit,16079375387,Meera Chopra,4487,CREDIT,Mumbai,BOB,UPI,0,8,8.409162447202533,0,0,19,✅ SAFE,Normal pattern
TXN873254,2026-09-01 06:09:00,31832239312,Rajesh Singh,ACC987137,Manish Verma,5852,DEBIT,Bangalore,SBI,NEFT,0,6,8.67470962929122,0,0,31,✅ SAFE,Normal pattern
TXN726469,2026-09-01 08:33:00,23459607651,Deepak Gupta,ACC226146,Vikram Malhotra,1113,DEBIT,Jaipur,SBI,IMPS,0,8,7.01571242048723,0,0,52,⚠️ SUSPICIOUS,Normal pattern
TXN191068,2026-09-13 21:02:00,ATM4316,Cash Deposit,15993060213,Manish Verma,8804,CREDIT,Pune,BOB,NEFT,0,21,9.083075020930307,0,0,14,✅ SAFE,Normal pattern
TXN980515,2026-09-06 04:02:00,37876608445,Kavita Verma,ACC468869,Anjali Agarwal,43389,DEBIT,Bhopal,PNB,UPI,1,4,10.677984278792396,1,1,68,⚠️ SUSPICIOUS,High amount | Late-night | High-value + late-night
TXN773326,2026-09-01 16:59:00,ATM7460,Cash Deposit,79119838474,Ritu Kumar,1647,CREDIT,Pune,BOB,IMPS,0,16,7.4073177104694174,0,0,30,✅ SAFE,Normal pattern
TXN397424,2026-09-02 17:31:00,ATM1221,Cash Deposit,25949442983,Ritu Verma,17390,CREDIT,Indore,SBI,UPI,0,17,9.763708110007842,0,0,18,✅ SAFE,Normal pattern
TXN860778,2026-09-01 11:28:00,ATM6632,Cash Deposit,14947141822,Amit Patel,20068,CREDIT,Delhi,PNB,NEFT,0,11,9.906931614938683,0,0,15,✅ SAFE,Normal pattern
TXN554712,2026-09-13 22:55:00,ATM9750,Cash Deposit,19051614020,Sunita Verma,19613,CREDIT,Indore,Kotak,IMPS,0,22,9.883998875952265,0,0,39,✅ SAFE,Normal pattern
TXN508711,2026-09-09 10:26:00,79119838474,Ritu Kumar,ACC801294,Ritu Mishra,3614,DEBIT,Pune,BOB,NEFT,0,10,8.192847134592865,0,0,19,✅ SAFE,Normal pattern
TXN743680,2026-09-10 20:29:00,ATM4954,Cash Deposit,77546893355,Sunita Singh,2349,CREDIT,Bangalore,Kotak,IMPS,0,20,7.762170607138205,0,0,26,✅ SAFE,Normal pattern
TXN179497,2026-09-12 20:30:00,38249320022,Divya Mishra,ACC350672,Vikram Mishra,12393,DEBIT,Mumbai,Kotak,NEFT,0,20,9.424967763522053,0,0,8,✅ SAFE,Normal pattern
TXN742716,2026-09-11 11:12:00,ATM2228,Cash Deposit,37876608445,Kavita Verma,3111,CREDIT,Bhopal,PNB,IMPS,0,11,8.043020885298283,0,0,18,✅ SAFE,Normal pattern
TXN584459,2026-09-13 13:57:00,14952110579,Meera Gupta,ACC375887,Pooja Verma,14134,DEBIT,Bangalore,BOB,NEFT,0,13,9.556409270127691,0,0,5,✅ SAFE,Normal pattern
TXN136181,2026-09-08 14:01:00,28572739832,Priya Singh,ACC980863,Sneha Sharma,4322,DEBIT,Indore,BOB,IMPS,0,14,8.371704884667631,0,0,12,✅ SAFE,Normal pattern
TXN739097,2026-09-13 15:52:00,ATM3117,Cash Deposit,77546893355,Sunita Singh,15959,CREDIT,Bangalore,Kotak,NEFT,0,15,9.6778408710038,0,0,12,✅ SAFE,Normal pattern
TXN271398,2026-09-12 04:16:00,ACC838278,Pooja Reddy,37876608445,Kavita Verma,84170,CREDIT,Bhopal,PNB,IMPS,1,4,11.340605722852642,1,1,87,🚨 CRITICAL,High amount | Late-night | High-value + late-night
TXN593014,2026-09-05 15:48:00,ATM2730,Cash Deposit,59838307340,Rohit Malhotra,2570,CREDIT,Delhi,ICICI,UPI,0,15,7.852050207265889,0,0,21,✅ SAFE,Normal pattern
TXN193966,2026-09-08 06:38:00,ATM7455,Cash Deposit,46217358382,Vikram Yadav,9596,CREDIT,Pune,PNB,NEFT,0,6,9.169205828617628,0,0,25,✅ SAFE,Normal pattern
TXN607832,2026-09-05 19:02:00,ATM3194,Cash Deposit,25455864065,Arjun Jain,2937,CREDIT,Indore,PNB,ATM,0,19,7.9854843567338225,0,0,23,✅ SAFE,Normal pattern
TXN288333,2026-09-05 16:31:00,33519243485,Rahul Singh,ACC538768,Rohit Kumar,2922,DEBIT,Bangalore,Kotak,IMPS,0,16,7.980365765111246,0,0,20,✅ SAFE,Normal pattern
TXN183667,2026-09-11 16:45:00,ATM2580,Cash Deposit,42847446185,Sneha Gupta,13185,CREDIT,Ahmedabad,HDFC,ATM,0,16,9.486910939673246,0,0,7,✅ SAFE,Normal pattern
TXN948885,2026-09-13 19:51:00,25455864065,Arjun Jain,ACC907936,Rohit Singh,3324,DEBIT,Indore,PNB,IMPS,0,19,8.109224953089955,0,0,22,✅ SAFE,Normal pattern
TXN566623,2026-09-04 19:48:00,27513732321,Divya Mishra,ACC249598,Rajesh Malhotra,7591,DEBIT,Ahmedabad,Kotak,UPI,0,19,8.934850340289763,0,0,12,✅ SAFE,Normal pattern
TXN378454,2026-09-12 08:31:00,59838307340,Rohit Malhotra,ACC437019,Arjun Chopra,8639,DEBIT,Delhi,ICICI,UPI,0,8,9.064157861798101,0,0,11,✅ SAFE,Normal pattern
TXN677405,2026-09-04 02:04:00,35295201261,Kavita Chopra,ACC201905,Sunita Patel,62879,DEBIT,Jaipur,PNB,IMPS,1,2,11.048983427103089,1,1,76,🚨 CRITICAL,High amount | Late-night | High-value + late-night
TXN748937,2026-09-12 12:47:00,81765026938,Neha Yadav,ACC348835,Meera Singh,6491,DEBIT,Chennai,BOB,IMPS,0,12,8.778325928634482,0,0,8,✅ SAFE,Normal pattern
TXN584596,2026-09-09 08:39:00,51082808163,Amit Mishra,ACC404993,Pooja Singh,9312,DEBIT,Indore,Kotak,UPI,0,8,9.139166552521658,0,0,11,✅ SAFE,Normal pattern
TXN674743,2026-09-11 14:40:00,14358083466,Deepak Chopra,ACC280387,Karan Kumar,8201,DEBIT,Bangalore,ICICI,UPI,0,14,9.012133305952004,0,0,4,✅ SAFE,Normal pattern
TXN138715,2026-09-10 10:30:00,ATM1157,Cash Deposit,33519243485,Rahul Singh,21798,CREDIT,Bangalore,Kotak,UPI,0,10,9.989619376165415,0,0,20,✅ SAFE,Normal pattern
TXN971365,2026-09-07 19:39:00,60223152223,Pooja Sharma,ACC644789,Pooja Verma,10331,DEBIT,Delhi,BOB,UPI,0,19,9.243001154215731,0,0,7,✅ SAFE,Normal pattern
TXN985467,2026-09-12 01:03:00,13085810396,Suresh Gupta,ACC191154,Arjun Jain,47697,DEBIT,Delhi,ICICI,UPI,1,1,10.772644747276225,1,1,68,⚠️ SUSPICIOUS,High amount | Late-night | High-value + late-night
TXN430217,2026-09-11 18:55:00,ATM2897,Cash Deposit,61648595985,Kavita Yadav,18962,CREDIT,Pune,PNB,UPI,0,18,9.850244991140409,0,0,21,✅ SAFE,Normal pattern
TXN994387,2026-09-12 09:55:00,ATM5647,Cash Deposit,62330766032,Meera Agarwal,7620,CREDIT,Jaipur,SBI,IMPS,0,9,8.938662873666118,0,0,5,✅ SAFE,Normal pattern
TXN717773,2026-09-10 01:00:00,64812761163,Ritu Jain,ACC213933,Rajesh Yadav,46029,DEBIT,Indore,PNB,UPI,1,1,10.737048636811288,1,1,68,⚠️ SUSPICIOUS,High amount | Late-night | High-value + late-night
TXN805537,2026-09-05 14:46:00,74738100507,Neha Chopra,ACC150743,Vikram Verma,1245,DEBIT,Hyderabad,Kotak,IMPS,0,14,7.1276936993473985,0,0,36,✅ SAFE,Normal pattern
TXN730992,2026-09-07 14:17:00,79724425656,Sneha Singh,ACC216202,Suresh Yadav,2250,DEBIT,Indore,PNB,UPI,0,14,7.719129840906732,0,0,25,✅ SAFE,Normal pattern
TXN944832,2026-09-04 12:05:00,ATM2367,Cash Deposit,16079375387,Meera Chopra,21900,CREDIT,Mumbai,BOB,IMPS,0,12,9.994287576862567,0,0,20,✅ SAFE,Normal pattern
TXN130513,2026-09-12 16:28:00,ATM4701,Cash Deposit,73165735166,Priya Malhotra,7804,CREDIT,Pune,Kotak,ATM,0,16,8.962519832949532,0,0,12,✅ SAFE,Normal pattern
TXN656867,2026-09-08 10:20:00,79724425656,Sneha Singh,ACC544661,Vikram Chopra,3342,DEBIT,Indore,PNB,UPI,0,10,8.114623886420098,0,0,20,✅ SAFE,Normal pattern
TXN843593,2026-09-07 01:08:00,53524230603,Arjun Singh,ACC558905,Deepak Yadav,41871,DEBIT,Delhi,SBI,UPI,1,1,10.642372624769926,1,1,76,🚨 CRITICAL,High amount | Late-night | High-value + late-night
TXN711097,2026-09-12 11:29:00,54834963718,Priya Mishra,ACC261891,Kavita Gupta,7839,DEBIT,Bangalore,Yes Bank,IMPS,0,11,8.966994113344454,0,0,5,✅ SAFE,Normal pattern
TXN533716,2026-09-02 09:51:00,ATM4189,Cash Deposit,14947141822,Amit Patel,11235,CREDIT,Delhi,PNB,IMPS,0,9,9.326878188224134,0,0,5,✅ SAFE,Normal pattern
TXN219646,2026-09-11 18:21:00,12904529504,Deepak Kumar,ACC209544,Sneha Mishra,6616,DEBIT,Chennai,HDFC,IMPS,0,18,8.797397374012059,0,0,18,✅ SAFE,Normal pattern
TXN250457,2026-09-09 09:02:00,ATM9844,Cash Deposit,81765026938,Neha Yadav,10354,CREDIT,Chennai,BOB,NEFT,0,9,9.245224773829685,0,0,4,✅ SAFE,Normal pattern
TXN558148,2026-09-09 18:54:00,ATM8660,Cash Deposit,61648595985,Kavita Yadav,21080,CREDIT,Pune,PNB,IMPS,0,18,9.956127439860307,0,0,29,✅ SAFE,Normal pattern
TXN277506,2026-09-02 21:13:00,ATM3107,Cash Deposit,54834963718,Priya Mishra,4233,CREDIT,Bangalore,Yes Bank,UPI,0,21,8.350902451694811,0,0,24,✅ SAFE,Normal pattern
TXN784277,2026-09-09 16:02:00,ATM6521,Cash Deposit,48003803600,Rahul Mishra,811,CREDIT,Jaipur,Kotak,NEFT,0,16,6.699500340161678,0,0,51,⚠️ SUSPICIOUS,Normal pattern
TXN682998,2026-09-02 12:23:00,ATM3813,Cash Deposit,33806719594,Pooja Mishra,20694,CREDIT,Pune,Yes Bank,UPI,0,12,9.937647404182833,0,0,15,✅ SAFE,Normal pattern
TXN131525,2026-09-07 13:23:00,72495807646,Deepak Mishra,ACC629928,Rohit Patel,11622,DEBIT,Mumbai,HDFC,ATM,0,13,9.360741172643708,0,0,3,✅ SAFE,Normal pattern
TXN850507,2026-09-04 14:07:00,ATM9762,Cash Deposit,17657106190,Pooja Chopra,24016,CREDIT,Chennai,BOB,IMPS,0,14,10.086517191913764,0,0,25,✅ SAFE,Normal pattern
TXN882224,2026-09-10 11:42:00,ATM6014,Cash Deposit,54834963718,Priya Mishra,5550,CREDIT,Bangalore,Yes Bank,IMPS,0,11,8.621733370690162,0,0,8,✅ SAFE,Normal pattern
TXN592230,2026-09-06 11:42:00,21152597151,Amit Agarwal,ACC924886,Amit Yadav,13510,DEBIT,Pune,Kotak,ATM,0,11,9.51125944745996,0,0,3,✅ SAFE,Normal pattern
TXN468964,2026-09-08 13:13:00,ATM5353,Cash Deposit,37876608445,Kavita Verma,12398,CREDIT,Bhopal,PNB,ATM,0,13,9.425371103179842,0,0,1,✅ SAFE,Normal pattern
TXN456127,2026-09-11 16:01:00,ATM3700,Cash Deposit,71492139864,Manish Mishra,24498,CREDIT,Mumbai,HDFC,ATM,0,16,10.106387579373278,0,0,31,✅ SAFE,Normal pattern
TXN587166,2026-09-11 12:58:00,ATM9913,Cash Deposit,85225093763,Suresh Reddy,10408,CREDIT,Ahmedabad,PNB,NEFT,0,12,9.250426095515468,0,0,1,✅ SAFE,Normal pattern
TXN103375,2026-09-11 17:33:00,ATM3430,Cash Deposit,83550185220,Rohit Jain,17246,CREDIT,Jaipur,BOB,NEFT,0,17,9.7553934942914,0,0,19,✅ SAFE,Normal pattern
TXN122606,2026-09-05 06:35:00,33519243485,Rahul Singh,ACC700203,Kavita Agarwal,2122,DEBIT,Bangalore,Kotak,ATM,0,6,7.660585461703256,0,0,46,⚠️ SUSPICIOUS,Normal pattern
TXN945485,2026-09-05 11:39:00,73934227238,Vikram Malhotra,ACC373774,Pooja Malhotra,11865,DEBIT,Pune,BOB,NEFT,0,11,9.381432446818588,0,0,1,✅ SAFE,Normal pattern
TXN208168,2026-09-09 09:22:00,78907985673,Neha Kumar,ACC405995,Vikram Yadav,9715,DEBIT,Mumbai,Kotak,ATM,0,9,9.181529290122063,0,0,4,✅ SAFE,Normal pattern
TXN184240,2026-09-12 13:38:00,63239552412,Kavita Singh,ACC283000,Sneha Patel,10382,DEBIT,Bangalore,PNB,UPI,0,13,9.247925132303454,0,0,1,✅ SAFE,Normal pattern
TXN570389,2026-09-13 21:17:00,79119838474,Ritu Kumar,ACC313948,Rajesh Singh,7470,DEBIT,Pune,BOB,UPI,0,21,8.918784137975802,0,0,15,✅ SAFE,Normal pattern
TXN884170,2026-09-04 13:31:00,ATM1642,Cash Deposit,80303994054,Deepak Singh,10395,CREDIT,Jaipur,HDFC,NEFT,0,13,9.249176395761381,0,0,0,✅ SAFE,Normal pattern
TXN734283,2026-09-07 04:25:00,15993060213,Manish Verma,ACC916940,Manish Verma,68361,DEBIT,Delhi,BOB,IMPS,1,4,11.132572393676918,1,1,75,🚨 CRITICAL,High amount | Late-night | High-value + late-night
TXN475561,2026-09-04 12:58:00,21152597151,Amit Agarwal,ACC493657,Manish Jain,3928,DEBIT,Pune,Kotak,IMPS,0,12,8.27614021955846,0,0,17,✅ SAFE,Normal pattern
TXN846506,2026-09-05 19:30:00,60223152223,Pooja Sharma,ACC984373,Neha Gupta,4866,DEBIT,Delhi,BOB,ATM,0,19,8.490233009833455,0,0,17,✅ SAFE,Normal pattern
TXN280808,2026-09-13 10:17:00,ATM9890,Cash Deposit,48003803600,Rahul Mishra,22068,CREDIT,Jaipur,Kotak,NEFT,0,10,10.00192918784816,0,0,20,✅ SAFE,Normal pattern
TXN242911,2026-09-09 08:06:00,21996807497,Pooja Mishra,ACC766648,Rohit Patel,4392,DEBIT,Delhi,ICICI,IMPS,0,8,8.38776764397578,0,0,19,✅ SAFE,Normal pattern
TXN562336,2026-09-03 10:26:00,ATM9974,Cash Deposit,18163563523,Pooja Chopra,2493,CREDIT,Delhi,SBI,IMPS,0,10,7.821643126239982,0,0,24,✅ SAFE,Normal pattern
TXN473479,2026-09-13 10:44:00,31832239312,Rajesh Singh,ACC100244,Amit Kumar,1183,DEBIT,Bangalore,SBI,NEFT,0,10,7.076653815443951,0,0,41,✅ SAFE,Normal pattern
TXN385721,2026-09-02 18:17:00,85225093763,Suresh Reddy,ACC585746,Kavita Kumar,2404,DEBIT,Ahmedabad,PNB,NEFT,0,18,7.785305182539862,0,0,25,✅ SAFE,Normal pattern
TXN614259,2026-09-01 05:00:00,16079375387,Meera Chopra,ACC181136,Kavita Chopra,47223,DEBIT,Bhopal,BOB,UPI,1,5,10.762657516920525,1,1,86,🚨 CRITICAL,High amount | Late-night | High-value + late-night
TXN187339,2026-09-01 11:57:00,ATM2240,Cash Deposit,80051400936,Rohit Sharma,22017,CREDIT,Chennai,HDFC,IMPS,0,11,9.999615579630348,0,0,20,✅ SAFE,Normal pattern
TXN826138,2026-09-12 21:58:00,28811835994,Rohit Patel,ACC332139,Kavita Singh,4418,DEBIT,Delhi,HDFC,IMPS,0,21,8.39366870513074,0,0,23,✅ SAFE,Normal pattern
TXN747732,2026-09-10 09:10:00,ATM7253,Cash Deposit,62330766032,Meera Agarwal,20513,CREDIT,Jaipur,SBI,NEFT,0,9,9.928862858867356,0,0,20,✅ SAFE,Normal pattern
TXN757731,2026-09-04 07:41:00,35295201261,Kavita Chopra,ACC467115,Sunita Reddy,10093,DEBIT,Indore,PNB,ATM,0,7,9.219696466900208,0,0,17,✅ SAFE,Normal pattern
TXN629456,2026-09-12 21:45:00,ATM6653,Cash Deposit,42803635759,Sneha Mishra,627,CREDIT,Bhopal,SBI,UPI,0,21,6.4425401664681985,0,0,72,🚨 CRITICAL,Normal pattern
TXN736687,2026-09-07 19:02:00,ATM7805,Cash Deposit,15257343773,Rohit Jain,17974,CREDIT,Hyderabad,HDFC,UPI,0,19,9.796737182589247,0,0,20,✅ SAFE,Normal pattern
TXN550750,2026-09-01 12:42:00,12083619635,Suresh Jain,ACC687725,Anjali Kumar,12596,DEBIT,Mumbai,Kotak,IMPS,0,12,9.441213969352303,0,0,2,✅ SAFE,Normal pattern
TXN880249,2026-09-06 01:11:00,17487414647,Sunita Kumar,ACC499386,Vikram Malhotra,54495,DEBIT,Indore,BOB,IMPS,1,1,10.905882583462414,1,1,77,🚨 CRITICAL,High amount | Late-night | High-value + late-night
TXN235817,2026-09-01 17:45:00,ATM5081,Cash Deposit,78243523866,Sunita Yadav,504,CREDIT,Bangalore,PNB,IMPS,0,17,6.22455842927536,0,0,67,⚠️ SUSPICIOUS,Normal pattern
TXN724387,2026-09-07 02:03:00,21152597151,Amit Agarwal,ACC682304,Manish Singh,47246,DEBIT,Bhopal,Kotak,UPI,1,2,10.76314443884269,1,1,55,⚠️ SUSPICIOUS,High amount | Late-night | High-value + late-night
TXN790455,2026-09-09 17:09:00,ATM2991,Cash Deposit,89806732081,Pooja Agarwal,23627,CREDIT,Chennai,Kotak,ATM,0,17,10.070187728427126,0,0,32,✅ SAFE,Normal pattern
TXN569548,2026-09-12 07:20:00,ATM9840,Cash Deposit,80303994054,Deepak Singh,23969,CREDIT,Jaipur,HDFC,NEFT,0,7,10.08455832742843,0,0,36,✅ SAFE,Normal pattern
TXN236347,2026-09-06 07:45:00,ATM7967,Cash Deposit,38696334298,Rajesh Gupta,17266,CREDIT,Hyderabad,ICICI,NEFT,0,7,9.75655244441243,0,0,20,✅ SAFE,Normal pattern
TXN559764,2026-09-11 09:41:00,ATM1801,Cash Deposit,12904529504,Deepak Kumar,3831,CREDIT,Chennai,HDFC,IMPS,0,9,8.251142139090751,0,0,17,✅ SAFE,Normal pattern
TXN463900,2026-09-07 06:36:00,78786959606,Sunita Gupta,ACC642189,Pooja Yadav,12402,DEBIT,Mumbai,HDFC,NEFT,0,6,9.42569365781533,0,0,23,✅ SAFE,Normal pattern
TXN424476,2026-09-09 14:21:00,18465419838,Rahul Chopra,ACC200884,Amit Agarwal,10057,DEBIT,Delhi,SBI,ATM,0,14,9.21612361673191,0,0,3,✅ SAFE,Normal pattern
TXN239511,2026-09-03 21:35:00,53524230603,Arjun Singh,ACC188695,Sunita Agarwal,14372,DEBIT,Indore,SBI,NEFT,0,21,9.573106725551233,0,0,20,✅ SAFE,Normal pattern
TXN216057,2026-09-04 11:05:00,39714949352,Karan Verma,ACC291161,Kavita Verma,6972,DEBIT,Jaipur,PNB,IMPS,0,11,8.84980082722101,0,0,7,✅ SAFE,Normal pattern
TXN154540,2026-09-03 18:39:00,25949442983,Ritu Verma,ACC802253,Neha Agarwal,3658,DEBIT,Indore,SBI,ATM,0,18,8.204945165019208,0,0,22,✅ SAFE,Normal pattern
TXN107778,2026-09-03 11:37:00,ATM9177,Cash Deposit,42847446185,Sneha Gupta,1240,CREDIT,Ahmedabad,HDFC,ATM,0,11,7.123672785204607,0,0,37,✅ SAFE,Normal pattern
TXN881046,2026-09-12 16:03:00,94010037709,Meera Reddy,ACC265151,Neha Singh,4583,DEBIT,Indore,ICICI,ATM,0,16,8.430327258394575,0,0,16,✅ SAFE,Normal pattern
TXN910850,2026-09-10 20:22:00,46217358382,Vikram Yadav,ACC821115,Divya Reddy,4161,DEBIT,Pune,PNB,UPI,0,20,8.33375100695358,0,0,20,✅ SAFE,Normal pattern
TXN162112,2026-09-06 11:29:00,97930489515,Anjali Reddy,ACC934584,Priya Jain,6404,DEBIT,Ahmedabad,BOB,IMPS,0,11,8.764834214330834,0,0,7,✅ SAFE,Normal pattern
TXN952954,2026-09-01 14:18:00,84158488165,Rajesh Gupta,ACC195873,Sneha Verma,8156,DEBIT,Bhopal,Kotak,UPI,0,14,9.00663173330058,0,0,3,✅ SAFE,Normal pattern
TXN726414,2026-09-01 09:49:00,25046528783,Amit Verma,ACC572727,Kavita Mishra,6123,DEBIT,Bangalore,HDFC,UPI,0,9,8.719970756777574,0,0,5,✅ SAFE,Normal pattern
TXN980524,2026-09-05 16:06:00,15257343773,Rohit Jain,ACC855257,Rohit Verma,10278,DEBIT,Hyderabad,HDFC,IMPS,0,16,9.237858258012922,0,0,8,✅ SAFE,Normal pattern
TXN342105,2026-09-13 22:14:00,25455864065,Arjun Jain,ACC257227,Rohit Verma,7285,DEBIT,Indore,PNB,UPI,0,22,8.89370997756851,0,0,32,✅ SAFE,Normal pattern
TXN420401,2026-09-08 18:51:00,24118041504,Meera Chopra,ACC972652,Vikram Yadav,914,DEBIT,Chennai,HDFC,NEFT,0,18,6.818924065275521,0,0,53,⚠️ SUSPICIOUS,Normal pattern
TXN748628,2026-09-07 07:14:00,ATM1314,Cash Deposit,72401764333,Manish Reddy,20727,CREDIT,Hyderabad,ICICI,NEFT,0,7,9.939240722241946,0,0,27,✅ SAFE,Normal pattern
TXN621794,2026-09-09 08:24:00,ATM4111,Cash Deposit,93001408673,Rahul Gupta,16322,CREDIT,Pune,BOB,UPI,0,8,9.700330435154035,0,0,17,✅ SAFE,Normal pattern
TXN711714,2026-09-04 09:49:00,ATM6383,Cash Deposit,18465419838,Rahul Chopra,10964,CREDIT,Delhi,SBI,NEFT,0,9,9.302463660851988,0,0,4,✅ SAFE,Normal pattern
TXN693546,2026-09-02 02:03:00,80303994054,Deepak Singh,ACC571791,Priya Agarwal,46290,DEBIT,Bhopal,HDFC,UPI,1,2,10.742702836729976,1,1,59,⚠️ SUSPICIOUS,High amount | Late-night | High-value + late-night
TXN573069,2026-09-02 18:57:00,ATM9144,Cash Deposit,59838307340,Rohit Malhotra,10997,CREDIT,Delhi,ICICI,NEFT,0,18,9.30546871706776,0,0,7,✅ SAFE,Normal pattern
TXN394723,2026-09-02 11:40:00,88947653928,Manish Patel,ACC885118,Karan Mishra,2879,DEBIT,Delhi,Kotak,UPI,0,11,7.965545573129992,0,0,20,✅ SAFE,Normal pattern
TXN691957,2026-09-11 05:04:00,21724016482,Divya Patel,ACC110074,Ritu Chopra,40718,DEBIT,Indore,PNB,UPI,1,5,10.614450092966075,1,1,87,🚨 CRITICAL,High amount | Late-night | High-value + late-night
TXN675199,2026-09-05 22:25:00,15257343773,Rohit Jain,ACC997009,Manish Chopra,10597,DEBIT,Hyderabad,HDFC,ATM,0,22,9.268420583052707,0,0,24,✅ SAFE,Normal pattern
TXN894043,2026-09-02 20:33:00,ATM2964,Cash Deposit,25455864065,Arjun Jain,23395,CREDIT,Indore,PNB,IMPS,0,20,10.060320346562916,0,0,32,✅ SAFE,Normal pattern
TXN575149,2026-09-01 18:57:00,12904529504,Deepak Kumar,ACC576639,Suresh Chopra,10476,DEBIT,Chennai,HDFC,IMPS,0,18,9.256937657352966,0,0,7,✅ SAFE,Normal pattern
TXN420115,2026-09-03 19:05:00,81765026938,Neha Yadav,ACC760427,Suresh Kumar,3589,DEBIT,Chennai,BOB,IMPS,0,19,8.185907481482324,0,0,21,✅ SAFE,Normal pattern
TXN827740,2026-09-08 20:58:00,ATM1752,Cash Deposit,59838307340,Rohit Malhotra,1410,CREDIT,Delhi,ICICI,UPI,0,20,7.252053951852814,0,0,43,✅ SAFE,Normal pattern
TXN980797,2026-09-08 22:40:00,ATM3697,Cash Deposit,53524230603,Arjun Singh,20742,CREDIT,Indore,SBI,NEFT,0,22,9.939964119346145,0,0,40,✅ SAFE,Normal pattern
TXN323487,2026-09-09 16:28:00,61271874238,Kavita Reddy,ACC753752,Anjali Chopra,1630,DEBIT,Mumbai,Axis,NEFT,0,16,7.396948602621014,0,0,30,✅ SAFE,Normal pattern
TXN749435,2026-09-03 01:39:00,ACC977461,Ritu Yadav,94010037709,Meera Reddy,45079,CREDIT,Delhi,ICICI,IMPS,1,1,10.716193968153712,1,1,69,⚠️ SUSPICIOUS,High amount | Late-night | High-value + late-night
TXN674681,2026-09-05 20:50:00,ATM9525,Cash Deposit,16079375387,Meera Chopra,6913,CREDIT,Mumbai,BOB,NEFT,0,20,8.84130362048157,0,0,12,✅ SAFE,Normal pattern
TXN428225,2026-09-13 19:54:00,61881044912,Meera Mishra,ACC493929,Manish Jain,144,DEBIT,Mumbai,HDFC,NEFT,0,19,4.976733742420574,0,0,95,🚨 CRITICAL,Normal pattern
TXN819933,2026-09-07 22:27:00,ATM5629,Cash Deposit,38249320022,Divya Mishra,9155,CREDIT,Mumbai,Kotak,NEFT,0,22,9.122164681072457,0,0,25,✅ SAFE,Normal pattern
TXN721853,2026-09-08 19:30:00,ATM9540,Cash Deposit,78786959606,Sunita Gupta,2565,CREDIT,Mumbai,HDFC,UPI,0,19,7.850103545175582,0,0,24,✅ SAFE,Normal pattern
TXN454503,2026-09-03 09:14:00,ATM7697,Cash Deposit,71492139864,Manish Mishra,4015,CREDIT,Mumbai,HDFC,ATM,0,9,8.298041661371565,0,0,18,✅ SAFE,Normal pattern
TXN700837,2026-09-08 02:56:00,ACC263675,Meera Agarwal,46217358382,Vikram Yadav,85500,CREDIT,Bhopal,PNB,IMPS,1,2,11.356283350762888,1,1,93,🚨 CRITICAL,High amount | Late-night | High-value + late-night
TXN360491,2026-09-10 16:43:00,ATM9709,Cash Deposit,78907985673,Neha Kumar,23378,CREDIT,Mumbai,Kotak,UPI,0,16,10.059593462511671,0,0,26,✅ SAFE,Normal pattern
TXN905410,2026-09-10 08:38:00,16266114041,Priya Kumar,ACC101801,Neha Malhotra,9664,DEBIT,Hyderabad,HDFC,UPI,0,8,9.17626639164243,0,0,10,✅ SAFE,Normal pattern
TXN736795,2026-09-08 08:07:00,ATM7614,Cash Deposit,42847446185,Sneha Gupta,2013,CREDIT,Ahmedabad,HDFC,UPI,0,8,7.607878073278507,0,0,37,✅ SAFE,Normal pattern
TXN287337,2026-09-08 18:22:00,84158488165,Rajesh Gupta,ACC610398,Manish Verma,9529,DEBIT,Bhopal,Kotak,UPI,0,18,9.162199996648248,0,0,9,✅ SAFE,Normal pattern
TXN895112,2026-09-04 14:09:00,ATM8374,Cash Deposit,62330766032,Meera Agarwal,2033,CREDIT,Jaipur,SBI,ATM,0,14,7.617759576608505,0,0,25,✅ SAFE,Normal pattern
TXN836379,2026-09-12 17:42:00,10954761743,Rahul Mishra,ACC135580,Sneha Kumar,9950,DEBIT,Hyderabad,ICICI,IMPS,0,17,9.205428327615163,0,0,10,✅ SAFE,Normal pattern
TXN298482,2026-09-06 06:49:00,80303994054,Deepak Singh,ACC333226,Kavita Reddy,3728,DEBIT,Jaipur,HDFC,NEFT,0,6,8.22389538017882,0,0,38,✅ SAFE,Normal pattern
TXN818558,2026-09-04 14:12:00,79119838474,Ritu Kumar,ACC529704,Meera Kumar,12651,DEBIT,Pune,BOB,IMPS,0,14,9.445570584425539,0,0,2,✅ SAFE,Normal pattern
TXN544052,2026-09-03 22:17:00,94010037709,Meera Reddy,ACC269167,Rahul Patel,10342,DEBIT,Indore,ICICI,IMPS,0,22,9.244065241377804,0,0,23,✅ SAFE,Normal pattern
TXN676929,2026-09-12 17:47:00,ATM5834,Cash Deposit,35295201261,Kavita Chopra,6695,CREDIT,Indore,PNB,IMPS,0,17,8.80926561216931,0,0,18,✅ SAFE,Normal pattern
TXN476185,2026-09-12 03:38:00,25949442983,Ritu Verma,ACC295161,Meera Sharma,45532,DEBIT,Indore,SBI,IMPS,1,3,10.726192616779704,1,1,67,⚠️ SUSPICIOUS,High amount | Late-night | High-value + late-night
TXN293365,2026-09-13 22:33:00,89806732081,Pooja Agarwal,ACC937600,Kavita Agarwal,13486,DEBIT,Chennai,Kotak,IMPS,0,22,9.509481537516857,0,0,29,✅ SAFE,Normal pattern
TXN279407,2026-09-07 07:42:00,ATM1893,Cash Deposit,25455864065,Arjun Jain,18887,CREDIT,Indore,PNB,UPI,0,7,9.846282078765348,0,0,22,✅ SAFE,Normal pattern
TXN122032,2026-09-01 13:56:00,ATM9715,Cash Deposit,28572739832,Priya Singh,13074,CREDIT,Indore,BOB,UPI,0,13,9.478457288933123,0,0,2,✅ SAFE,Normal pattern
TXN831554,2026-09-04 15:56:00,39714949352,Karan Verma,ACC555858,Deepak Sharma,11923,DEBIT,Jaipur,PNB,NEFT,0,15,9.386308454797962,0,0,2,✅ SAFE,Normal pattern
TXN439140,2026-09-01 22:18:00,67789516347,Rahul Singh,ACC891063,Deepak Jain,1368,DEBIT,Delhi,Axis,NEFT,0,22,7.221835825288449,0,0,61,⚠️ SUSPICIOUS,Normal pattern
TXN511847,2026-09-11 20:08:00,ATM4598,Cash Deposit,60223152223,Pooja Sharma,7670,CREDIT,Delhi,BOB,NEFT,0,20,8.945202263959297,0,0,11,✅ SAFE,Normal pattern
TXN157716,2026-09-10 06:06:00,ATM7075,Cash Deposit,10954761743,Rahul Mishra,12354,CREDIT,Hyderabad,ICICI,UPI,0,6,9.42181611842271,0,0,23,✅ SAFE,Normal pattern
TXN728587,2026-09-05 15:34:00,81765026938,Neha Yadav,ACC920094,Sunita Gupta,3592,DEBIT,Chennai,BOB,NEFT,0,15,8.186742787113518,0,0,19,✅ SAFE,Normal pattern
TXN737633,2026-09-08 03:07:00,62295994188,Priya Kumar,ACC113247,Ritu Patel,48952,DEBIT,Delhi,Yes Bank,UPI,1,3,10.798615933108263,1,1,64,⚠️ SUSPICIOUS,High amount | Late-night | High-value + late-night
TXN892372,2026-09-05 22:29:00,ATM8766,Cash Deposit,29257767423,Divya Singh,10223,CREDIT,Bhopal,Yes Bank,ATM,0,22,9.232493176617316,0,0,22,✅ SAFE,Normal pattern
TXN917636,2026-09-11 16:11:00,ATM9658,Cash Deposit,21152597151,Amit Agarwal,21780,CREDIT,Pune,Kotak,NEFT,0,16,9.988793309115229,0,0,24,✅ SAFE,Normal pattern
TXN129871,2026-09-02 17:55:00,27440891126,Rajesh Kumar,ACC492584,Karan Reddy,3044,DEBIT,Indore,Kotak,UPI,0,17,8.021256180143997,0,0,23,✅ SAFE,Normal pattern
TXN249129,2026-09-07 20:07:00,77546893355,Sunita Singh,ACC385198,Ritu Kumar,8147,DEBIT,Bangalore,Kotak,IMPS,0,20,9.005527777346696,0,0,10,✅ SAFE,Normal pattern
TXN641004,2026-09-09 01:05:00,25949442983,Ritu Verma,ACC646504,Priya Agarwal,71545,DEBIT,Jaipur,SBI,IMPS,1,1,11.17809587846029,1,1,84,🚨 CRITICAL,High amount | Late-night | High-value + late-night
TXN246580,2026-09-06 10:42:00,ATM9116,Cash Deposit,42803635759,Sneha Mishra,19089,CREDIT,Bhopal,SBI,NEFT,0,10,9.856919916719793,0,0,14,✅ SAFE,Normal pattern
TXN561034,2026-09-13 16:29:00,56410977202,Kavita Agarwal,ACC462271,Karan Mishra,331,DEBIT,Indore,SBI,UPI,0,16,5.805134968916488,0,0,71,🚨 CRITICAL,Normal pattern
TXN133561,2026-09-07 03:18:00,62295994188,Priya Kumar,ACC408699,Sneha Jain,47576,DEBIT,Jaipur,Yes Bank,UPI,1,3,10.770104730166711,1,1,63,⚠️ SUSPICIOUS,High amount | Late-night | High-value + late-night
TXN544824,2026-09-04 08:04:00,67789516347,Rahul Singh,ACC763085,Amit Jain,5118,DEBIT,Delhi,Axis,UPI,0,8,8.540714386457584,0,0,18,✅ SAFE,Normal pattern
TXN350016,2026-09-08 06:22:00,ATM9345,Cash Deposit,83550185220,Rohit Jain,21496,CREDIT,Jaipur,BOB,IMPS,0,6,9.975668669496136,0,0,39,✅ SAFE,Normal pattern
TXN826194,2026-09-03 06:12:00,80051400936,Rohit Sharma,ACC852400,Suresh Kumar,3067,DEBIT,Chennai,HDFC,UPI,0,6,8.028781162487148,0,0,39,✅ SAFE,Normal pattern
TXN441525,2026-09-12 14:22:00,ATM2689,Cash Deposit,21152597151,Amit Agarwal,23375,CREDIT,Pune,Kotak,UPI,0,14,10.05946513399048,0,0,22,✅ SAFE,Normal pattern
TXN173738,2026-09-07 09:51:00,ATM5608,Cash Deposit,14952110579,Meera Gupta,11005,CREDIT,Bangalore,BOB,ATM,0,9,9.306195857619704,0,0,4,✅ SAFE,Normal pattern
TXN956734,2026-09-01 22:05:00,15993060213,Manish Verma,ACC279218,Amit Mishra,2295,DEBIT,Pune,BOB,NEFT,0,22,7.738923757439457,0,0,46,⚠️ SUSPICIOUS,Normal pattern
TXN974337,2026-09-07 16:43:00,61648595985,Kavita Yadav,ACC350531,Arjun Verma,14795,DEBIT,Pune,PNB,NEFT,0,16,9.602112152952344,0,0,9,✅ SAFE,Normal pattern
TXN911617,2026-09-04 19:52:00,78243523866,Sunita Yadav,ACC713065,Anjali Sharma,132,DEBIT,Bangalore,PNB,IMPS,0,19,4.890349128221754,0,0,95,🚨 CRITICAL,Normal pattern
TXN980372,2026-09-01 12:02:00,15257343773,Rohit Jain,ACC882832,Ritu Jain,8794,DEBIT,Hyderabad,HDFC,UPI,0,12,9.081938657171658,0,0,3,✅ SAFE,Normal pattern
TXN929118,2026-09-11 06:56:00,25455864065,Arjun Jain,ACC990846,Rohit Malhotra,8851,DEBIT,Indore,PNB,NEFT,0,6,9.08839870117094,0,0,25,✅ SAFE,Normal pattern
TXN752739,2026-09-08 10:47:00,ATM1258,Cash Deposit,18163563523,Pooja Chopra,7924,CREDIT,Delhi,SBI,IMPS,0,10,8.977777598745481,0,0,4,✅ SAFE,Normal pattern
TXN223461,2026-09-11 19:51:00,27513732321,Divya Mishra,ACC287234,Priya Gupta,4956,DEBIT,Ahmedabad,Kotak,UPI,0,19,8.508555998020574,0,0,17,✅ SAFE,Normal pattern
TXN665171,2026-09-04 18:32:00,42803635759,Sneha Mishra,ACC952753,Deepak Mishra,922,DEBIT,Bhopal,SBI,UPI,0,18,6.827629234502852,0,0,53,⚠️ SUSPICIOUS,Normal pattern
TXN105886,2026-09-04 11:48:00,ATM6734,Cash Deposit,88942334351,Rohit Jain,2108,CREDIT,Delhi,PNB,NEFT,0,11,7.653969180478774,0,0,24,✅ SAFE,Normal pattern
TXN446126,2026-09-06 21:47:00,78243523866,Sunita Yadav,ACC553430,Rahul Gupta,2466,DEBIT,Bangalore,PNB,UPI,0,21,7.810758116529357,0,0,35,✅ SAFE,Normal pattern
TXN399078,2026-09-03 06:24:00,56410977202,Kavita Agarwal,ACC243445,Neha Gupta,4620,DEBIT,Indore,SBI,NEFT,0,6,8.438366410870266,0,0,35,✅ SAFE,Normal pattern
TXN172444,2026-09-11 21:26:00,ATM1424,Cash Deposit,27440891126,Rajesh Kumar,23100,CREDIT,Indore,Kotak,NEFT,0,21,10.047631185616188,0,0,38,✅ SAFE,Normal pattern
TXN422238,2026-09-01 20:57:00,78907985673,Neha Kumar,ACC396003,Amit Gupta,3501,DEBIT,Mumbai,Kotak,IMPS,0,20,8.161089512845797,0,0,21,✅ SAFE,Normal pattern
TXN719851,2026-09-06 11:20:00,ATM3668,Cash Deposit,60223152223,Pooja Sharma,12409,CREDIT,Delhi,BOB,UPI,0,11,9.426257878198653,0,0,1,✅ SAFE,Normal pattern
TXN731788,2026-09-13 07:54:00,56410977202,Kavita Agarwal,ACC577092,Divya Singh,1261,DEBIT,Indore,SBI,ATM,0,7,7.140453043101158,0,0,55,⚠️ SUSPICIOUS,Normal pattern
TXN683275,2026-09-10 11:45:00,ATM1306,Cash Deposit,78907985673,Neha Kumar,7992,CREDIT,Mumbai,Kotak,ATM,0,11,8.98632143762602,0,0,5,✅ SAFE,Normal pattern
TXN205078,2026-09-06 21:28:00,92692462426,Rajesh Malhotra,ACC977826,Anjali Jain,12642,DEBIT,Hyderabad,ICICI,ATM,0,21,9.444858981311897,0,0,16,✅ SAFE,Normal pattern
TXN295456,2026-09-09 22:02:00,ATM3920,Cash Deposit,88942334351,Rohit Jain,4471,CREDIT,Delhi,PNB,UPI,0,22,8.405591014834934,0,0,40,✅ SAFE,Normal pattern
TXN342295,2026-09-07 01:06:00,53524230603,Arjun Singh,ACC611324,Deepak Sharma,42199,DEBIT,Delhi,SBI,UPI,1,1,10.650175500024103,1,1,73,🚨 CRITICAL,High amount | Late-night | High-value + late-night
TXN945185,2026-09-06 10:10:00,ATM8221,Cash Deposit,61271874238,Kavita Reddy,2180,CREDIT,Mumbai,Axis,IMPS,0,10,7.687538766201629,0,0,25,✅ SAFE,Normal pattern
TXN407111,2026-09-09 15:07:00,ATM3018,Cash Deposit,78907985673,Neha Kumar,16305,CREDIT,Mumbai,Kotak,IMPS,0,15,9.699288417222856,0,0,13,✅ SAFE,Normal pattern
TXN266942,2026-09-05 07:59:00,ATM5563,Cash Deposit,86884726222,Sneha Jain,6005,CREDIT,Bhopal,Kotak,IMPS,0,7,8.700514248543275,0,0,17,✅ SAFE,Normal pattern
TXN298116,2026-09-11 05:00:00,21724016482,Divya Patel,ACC196200,Pooja Singh,48613,DEBIT,Indore,PNB,UPI,1,5,10.791666834249208,1,1,85,🚨 CRITICAL,High amount | Late-night | High-value + late-night
TXN632440,2026-09-04 06:39:00,61648595985,Kavita Yadav,ACC462012,Karan Jain,11287,DEBIT,Pune,PNB,UPI,0,6,9.33149549353265,0,0,27,✅ SAFE,Normal pattern
TXN422598,2026-09-01 22:35:00,15257343773,Rohit Jain,ACC652971,Neha Gupta,3169,DEBIT,Hyderabad,HDFC,NEFT,0,22,8.061486866871327,0,0,40,✅ SAFE,Normal pattern
TXN128377,2026-09-13 08:28:00,88947653928,Manish Patel,ACC214648,Sunita Kumar,885,DEBIT,Delhi,Kotak,UPI,0,8,6.786716950605081,0,0,61,⚠️ SUSPICIOUS,Normal pattern
TXN350012,2026-09-02 04:34:00,31778562499,Vikram Yadav,ACC761042,Sunita Patel,50836,DEBIT,Jaipur,ICICI,IMPS,1,4,10.836379714907709,1,1,69,⚠️ SUSPICIOUS,High amount | Late-night | High-value + late-night
TXN852062,2026-09-05 15:24:00,ATM6788,Cash Deposit,38696334298,Rajesh Gupta,1167,CREDIT,Hyderabad,ICICI,NEFT,0,15,7.0630481633881725,0,0,39,✅ SAFE,Normal pattern
TXN858128,2026-09-06 19:22:00,64812761163,Ritu Jain,ACC950196,Neha Gupta,8366,DEBIT,Bhopal,PNB,UPI,0,19,9.032050676295599,0,0,9,✅ SAFE,Normal pattern
TXN869061,2026-09-06 21:21:00,ATM5920,Cash Deposit,15993060213,Manish Verma,23250,CREDIT,Pune,BOB,NEFT,0,21,10.054103420843255,0,0,38,✅ SAFE,Normal pattern
TXN689814,2026-09-07 06:31:00,ATM4784,Cash Deposit,61648595985,Kavita Yadav,22799,CREDIT,Pune,PNB,UPI,0,6,10.034515814942532,0,0,42,✅ SAFE,Normal pattern
TXN197716,2026-09-09 08:30:00,ATM8540,Cash Deposit,61881044912,Meera Mishra,13614,CREDIT,Mumbai,HDFC,NEFT,0,8,9.51892740510786,0,0,11,✅ SAFE,Normal pattern
TXN929884,2026-09-12 07:23:00,51082808163,Amit Mishra,ACC794214,Vikram Chopra,9296,DEBIT,Indore,Kotak,NEFT,0,7,9.137447046455858,0,0,17,✅ SAFE,Normal pattern
TXN246463,2026-09-12 11:30:00,17487414647,Sunita Kumar,ACC702262,Priya Sharma,13251,DEBIT,Bangalore,BOB,ATM,0,11,9.491903763419787,0,0,3,✅ SAFE,Normal pattern
TXN153564,2026-09-03 17:13:00,ATM4534,Cash Deposit,80051400936,Rohit Sharma,5253,CREDIT,Chennai,HDFC,ATM,0,17,8.566744970245486,0,0,17,✅ SAFE,Normal pattern
TXN395169,2026-09-11 22:12:00,ATM6100,Cash Deposit,78243523866,Sunita Yadav,23966,CREDIT,Bangalore,PNB,ATM,0,22,10.084433163150152,0,0,53,⚠️ SUSPICIOUS,Normal pattern
TXN174894,2026-09-09 10:44:00,ATM4228,Cash Deposit,67789516347,Rahul Singh,8834,CREDIT,Delhi,Axis,UPI,0,10,9.086476384753796,0,0,3,✅ SAFE,Normal pattern
TXN917682,2026-09-03 06:42:00,80051400936,Rohit Sharma,ACC284598,Neha Jain,1918,DEBIT,Chennai,HDFC,ATM,0,6,7.5595594960077,0,0,50,⚠️ SUSPICIOUS,Normal pattern
TXN777490,2026-09-12 11:54:00,54834963718,Priya Mishra,ACC544151,Rajesh Jain,2299,DEBIT,Bangalore,Yes Bank,NEFT,0,11,7.7406644019172415,0,0,22,✅ SAFE,Normal pattern
TXN572850,2026-09-03 06:40:00,ATM8201,Cash Deposit,88947653928,Manish Patel,20822,CREDIT,Delhi,Kotak,UPI,0,6,9.943813424007693,0,0,37,✅ SAFE,Normal pattern
TXN898408,2026-09-03 21:47:00,ATM2907,Cash Deposit,28811835994,Rohit Patel,23706,CREDIT,Delhi,HDFC,IMPS,0,21,10.073525642163233,0,0,40,✅ SAFE,Normal pattern
TXN543212,2026-09-12 07:03:00,ATM6861,Cash Deposit,23459607651,Deepak Gupta,7864,CREDIT,Jaipur,SBI,NEFT,0,7,8.970177815492379,0,0,17,✅ SAFE,Normal pattern
TXN717769,2026-09-05 13:46:00,ATM4176,Cash Deposit,25949442983,Ritu Verma,14291,CREDIT,Indore,SBI,IMPS,0,13,9.5674552191433,0,0,6,✅ SAFE,Normal pattern
TXN164837,2026-09-05 15:03:00,ATM3229,Cash Deposit,25046528783,Amit Verma,20689,CREDIT,Bangalore,HDFC,ATM,0,15,9.93740577073959,0,0,18,✅ SAFE,Normal pattern
TXN610167,2026-09-07 16:01:00,ATM7002,Cash Deposit,64812761163,Ritu Jain,16897,CREDIT,Bhopal,PNB,NEFT,0,16,9.73495055071279,0,0,14,✅ SAFE,Normal pattern
TXN648840,2026-09-03 16:41:00,ATM3446,Cash Deposit,94010037709,Meera Reddy,19557,CREDIT,Indore,ICICI,IMPS,0,16,9.88113968887222,0,0,19,✅ SAFE,Normal pattern
TXN721529,2026-09-05 09:03:00,ATM1551,Cash Deposit,77546893355,Sunita Singh,19055,CREDIT,Bangalore,Kotak,IMPS,0,9,9.855137291595081,0,0,18,✅ SAFE,Normal pattern
TXN360664,2026-09-06 06:48:00,74738100507,Neha Chopra,ACC669811,Divya Yadav,577,DEBIT,Hyderabad,Kotak,IMPS,0,6,6.359573868672378,0,0,84,🚨 CRITICAL,Normal pattern
TXN820186,2026-09-05 09:20:00,47353171337,Meera Singh,ACC322338,Priya Patel,7295,DEBIT,Jaipur,BOB,NEFT,0,9,8.895081531754167,0,0,5,✅ SAFE,Normal pattern
TXN552989,2026-09-05 17:56:00,93001408673,Rahul Gupta,ACC778238,Amit Sharma,9729,DEBIT,Pune,BOB,UPI,0,17,9.18296917518005,0,0,10,✅ SAFE,Normal pattern
TXN152695,2026-09-03 13:18:00,ATM2272,Cash Deposit,78907985673,Neha Kumar,18161,CREDIT,Mumbai,Kotak,UPI,0,13,9.807086778249774,0,0,11,✅ SAFE,Normal pattern
TXN571161,2026-09-04 13:23:00,ATM6814,Cash Deposit,28811835994,Rohit Patel,12760,CREDIT,Delhi,HDFC,UPI,0,13,9.454148923733976,0,0,0,✅ SAFE,Normal pattern
TXN420566,2026-09-09 18:00:00,ATM1529,Cash Deposit,80051400936,Rohit Sharma,21465,CREDIT,Chennai,HDFC,IMPS,0,18,9.97422556704147,0,0,32,✅ SAFE,Normal pattern
TXN357558,2026-09-12 10:18:00,ATM7244,Cash Deposit,10954761743,Rahul Mishra,21575,CREDIT,Hyderabad,ICICI,ATM,0,10,9.979336864819565,0,0,19,✅ SAFE,Normal pattern
TXN604005,2026-09-12 08:00:00,29257767423,Divya Singh,ACC323327,Sunita Yadav,8734,DEBIT,Bhopal,Yes Bank,UPI,0,8,9.075093222568157,0,0,11,✅ SAFE,Normal pattern
TXN614956,2026-09-11 06:51:00,ATM7560,Cash Deposit,60223152223,Pooja Sharma,18404,CREDIT,Delhi,BOB,ATM,0,6,9.820377645813121,0,0,32,✅ SAFE,Normal pattern
TXN406326,2026-09-10 16:18:00,ATM4059,Cash Deposit,33519243485,Rahul Singh,18863,CREDIT,Bangalore,Kotak,ATM,0,16,9.845010622777153,0,0,16,✅ SAFE,Normal pattern
TXN439605,2026-09-04 13:41:00,ATM6866,Cash Deposit,51082808163,Amit Mishra,22737,CREDIT,Indore,Kotak,ATM,0,13,10.031792812689051,0,0,20,✅ SAFE,Normal pattern
TXN429438,2026-09-07 20:20:00,31832239312,Rajesh Singh,ACC297500,Meera Reddy,1853,DEBIT,Bangalore,SBI,UPI,0,20,7.5251007461258,0,0,33,✅ SAFE,Normal pattern
TXN181225,2026-09-07 08:02:00,15257343773,Rohit Jain,ACC723718,Meera Jain,2947,DEBIT,Hyderabad,HDFC,UPI,0,8,7.988882253309227,0,0,32,✅ SAFE,Normal pattern
TXN532104,2026-09-02 13:11:00,23459607651,Deepak Gupta,ACC289714,Rohit Malhotra,10778,DEBIT,Jaipur,SBI,UPI,0,13,9.285355075781629,0,0,0,✅ SAFE,Normal pattern
TXN956428,2026-09-01 15:24:00,81765026938,Neha Yadav,ACC702186,Vikram Jain,4409,DEBIT,Chennai,BOB,UPI,0,15,8.391629968440892,0,0,13,✅ SAFE,Normal pattern
TXN716742,2026-09-05 14:34:00,17657106190,Pooja Chopra,ACC201536,Sunita Mishra,895,DEBIT,Chennai,BOB,NEFT,0,14,6.79794041297493,0,0,51,⚠️ SUSPICIOUS,Normal pattern
TXN298219,2026-09-02 12:21:00,ATM9698,Cash Deposit,21996807497,Pooja Mishra,18684,CREDIT,Delhi,ICICI,ATM,0,12,9.835476341919584,0,0,13,✅ SAFE,Normal pattern
TXN814759,2026-09-01 11:25:00,ATM2317,Cash Deposit,17487414647,Sunita Kumar,21531,CREDIT,Bangalore,BOB,UPI,0,11,9.977295479680848,0,0,19,✅ SAFE,Normal pattern
TXN538144,2026-09-01 11:10:00,67789516347,Rahul Singh,ACC783783,Rajesh Agarwal,13765,DEBIT,Delhi,Axis,IMPS,0,11,9.52995706295831,0,0,2,✅ SAFE,Normal pattern
TXN680429,2026-09-05 22:58:00,66832962350,Ritu Singh,ACC668476,Deepak Reddy,1589,DEBIT,Bhopal,Axis,ATM,0,22,7.371489295214277,0,0,56,⚠️ SUSPICIOUS,Normal pattern
TXN413610,2026-09-08 03:00:00,62295994188,Priya Kumar,ACC952590,Rajesh Reddy,41870,DEBIT,Indore,Yes Bank,UPI,1,3,10.642348742176754,1,1,77,🚨 CRITICAL,High amount | Late-night | High-value + late-night
TXN947353,2026-09-02 01:07:00,21724016482,Divya Patel,ACC914555,Sneha Malhotra,44350,DEBIT,Jaipur,PNB,UPI,1,1,10.699890535397843,1,1,68,⚠️ SUSPICIOUS,High amount | Late-night | High-value + late-night
TXN572717,2026-09-09 10:04:00,27440891126,Rajesh Kumar,ACC820498,Ritu Yadav,6316,DEBIT,Indore,Kotak,IMPS,0,10,8.7509996908987,0,0,6,✅ SAFE,Normal pattern
TXN503507,2026-09-12 01:20:00,13085810396,Suresh Gupta,ACC410234,Karan Patel,43188,DEBIT,Jaipur,ICICI,UPI,1,1,10.673341112178944,1,1,71,🚨 CRITICAL,High amount | Late-night | High-value + late-night
TXN439012,2026-09-07 22:35:00,15993060213,Manish Verma,ACC370708,Anjali Verma,2112,DEBIT,Pune,BOB,IMPS,0,22,7.655864017616056,0,0,47,⚠️ SUSPICIOUS,Normal pattern
TXN238271,2026-09-04 06:14:00,14952110579,Meera Gupta,ACC539400,Rajesh Sharma,11512,DEBIT,Bangalore,BOB,ATM,0,6,9.351232110673664,0,0,25,✅ SAFE,Normal pattern
TXN338857,2026-09-13 15:23:00,ATM1465,Cash Deposit,67789516347,Rahul Singh,7878,CREDIT,Delhi,Axis,ATM,0,15,8.971956271245688,0,0,7,✅ SAFE,Normal pattern
TXN924442,2026-09-02 08:01:00,94010037709,Meera Reddy,ACC816983,Divya Mishra,8851,DEBIT,Indore,ICICI,UPI,0,8,9.08839870117094,0,0,11,✅ SAFE,Normal pattern
TXN942052,2026-09-13 16:24:00,ATM8163,Cash Deposit,33939602316,Rahul Singh,13222,CREDIT,Pune,HDFC,IMPS,0,16,9.489713016556824,0,0,8,✅ SAFE,Normal pattern
TXN730106,2026-09-13 02:00:00,33519243485,Rahul Singh,ACC441620,Suresh Chopra,48994,DEBIT,Indore,Kotak,UPI,1,2,10.79947353106992,1,1,57,⚠️ SUSPICIOUS,High amount | Late-night | High-value + late-night
TXN483578,2026-09-08 04:48:00,27440891126,Rajesh Kumar,ACC719764,Priya Gupta,76199,DEBIT,Jaipur,Kotak,IMPS,1,4,11.241116741674738,1,1,78,🚨 CRITICAL,High amount | Late-night | High-value + late-night
TXN694029,2026-09-02 12:24:00,83550185220,Rohit Jain,ACC328646,Suresh Verma,2055,DEBIT,Jaipur,BOB,IMPS,0,12,7.628517626575055,0,0,24,✅ SAFE,Normal pattern
TXN182704,2026-09-12 15:40:00,81765026938,Neha Yadav,ACC433061,Sneha Patel,3203,DEBIT,Chennai,BOB,ATM,0,15,8.07215530818825,0,0,19,✅ SAFE,Normal pattern
TXN937258,2026-09-06 15:31:00,ATM3835,Cash Deposit,28722783625,Divya Jain,15431,CREDIT,Indore,BOB,IMPS,0,15,9.644198554585564,0,0,8,✅ SAFE,Normal pattern
TXN278542,2026-09-08 10:33:00,28722783625,Divya Jain,ACC898470,Arjun Malhotra,11300,DEBIT,Indore,BOB,NEFT,0,10,9.332646496360152,0,0,2,✅ SAFE,Normal pattern
TXN728825,2026-09-01 08:52:00,ATM5747,Cash Deposit,23459607651,Deepak Gupta,16266,CREDIT,Jaipur,SBI,ATM,0,8,9.696893794766453,0,0,17,✅ SAFE,Normal pattern
TXN569333,2026-09-11 19:54:00,85477217606,Amit Sharma,ACC464261,Priya Chopra,12238,DEBIT,Pune,Yes Bank,NEFT,0,19,9.412382853382338,0,0,7,✅ SAFE,Normal pattern
TXN233293,2026-09-03 21:15:00,ATM1857,Cash Deposit,14947141822,Amit Patel,19904,CREDIT,Delhi,PNB,UPI,0,21,9.898726235434417,0,0,29,✅ SAFE,Normal pattern
TXN767450,2026-09-03 10:25:00,28722783625,Divya Jain,ACC873315,Rajesh Malhotra,3539,DEBIT,Indore,BOB,ATM,0,10,8.17188200612782,0,0,19,✅ SAFE,Normal pattern
TXN126910,2026-09-03 12:39:00,56410977202,Kavita Agarwal,ACC178055,Karan Jain,14142,DEBIT,Indore,SBI,IMPS,0,12,9.5569750810205,0,0,6,✅ SAFE,Normal pattern
TXN992440,2026-09-03 14:53:00,35295201261,Kavita Chopra,ACC239276,Priya Chopra,9326,DEBIT,Indore,PNB,ATM,0,14,9.140668698726863,0,0,3,✅ SAFE,Normal pattern
TXN877453,2026-09-13 18:05:00,33519243485,Rahul Singh,ACC120308,Rahul Patel,3625,DEBIT,Bangalore,Kotak,IMPS,0,18,8.195885391314796,0,0,22,✅ SAFE,Normal pattern
TXN106252,2026-09-06 06:29:00,61271874238,Kavita Reddy,ACC638048,Sunita Malhotra,2953,DEBIT,Mumbai,Axis,ATM,0,6,7.9909154630913255,0,0,39,✅ SAFE,Normal pattern
TXN151738,2026-09-11 09:40:00,ATM1239,Cash Deposit,64812761163,Ritu Jain,22464,CREDIT,Bhopal,PNB,IMPS,0,9,10.01971382150426,0,0,27,✅ SAFE,Normal pattern
TXN783666,2026-09-06 13:36:00,ATM7780,Cash Deposit,66832962350,Ritu Singh,4195,CREDIT,Bhopal,Axis,ATM,0,13,8.341886969516187,0,0,15,✅ SAFE,Normal pattern
TXN865705,2026-09-06 16:28:00,ATM4659,Cash Deposit,53524230603,Arjun Singh,1917,CREDIT,Indore,SBI,ATM,0,16,7.559038255443384,0,0,26,✅ SAFE,Normal pattern
TXN448509,2026-09-03 10:25:00,33519243485,Rahul Singh,ACC316887,Manish Yadav,6260,DEBIT,Bangalore,Kotak,UPI,0,10,8.74209519574531,0,0,6,✅ SAFE,Normal pattern
TXN748063,2026-09-01 15:40:00,33806719594,Pooja Mishra,ACC955735,Priya Patel,6212,DEBIT,Pune,Yes Bank,IMPS,0,15,8.734399150063695,0,0,8,✅ SAFE,Normal pattern
TXN484770,2026-09-13 16:29:00,ATM1143,Cash Deposit,16079375387,Meera Chopra,12309,CREDIT,Mumbai,BOB,IMPS,0,16,9.4181672191785,0,0,5,✅ SAFE,Normal pattern
TXN613157,2026-09-07 12:08:00,17487414647,Sunita Kumar,ACC797160,Sunita Mishra,11043,DEBIT,Bangalore,BOB,IMPS,0,12,9.309642573050045,0,0,1,✅ SAFE,Normal pattern
TXN476322,2026-09-11 11:16:00,ATM3113,Cash Deposit,73934227238,Vikram Malhotra,11239,CREDIT,Pune,BOB,ATM,0,11,9.327234123447681,0,0,2,✅ SAFE,Normal pattern
TXN566464,2026-09-04 06:54:00,ATM2564,Cash Deposit,16079375387,Meera Chopra,12213,CREDIT,Mumbai,BOB,IMPS,0,6,9.41033811378308,0,0,22,✅ SAFE,Normal pattern
TXN670786,2026-09-11 10:37:00,94010037709,Meera Reddy,ACC974310,Kavita Sharma,606,DEBIT,Indore,ICICI,NEFT,0,10,6.408528791059498,0,0,67,⚠️ SUSPICIOUS,Normal pattern
TXN217640,2026-09-01 11:16:00,18465419838,Rahul Chopra,ACC666828,Anjali Yadav,9873,DEBIT,Delhi,SBI,ATM,0,11,9.197660318818809,0,0,4,✅ SAFE,Normal pattern
TXN797948,2026-09-01 17:51:00,64812761163,Ritu Jain,ACC834481,Karan Gupta,14420,DEBIT,Bhopal,PNB,ATM,0,17,9.57644075656207,0,0,13,✅ SAFE,Normal pattern
TXN494426,2026-09-12 13:59:00,88947653928,Manish Patel,ACC990079,Neha Kumar,1731,DEBIT,Delhi,Kotak,IMPS,0,13,7.4570320891223805,0,0,28,✅ SAFE,Normal pattern
TXN591176,2026-09-01 16:31:00,ATM4625,Cash Deposit,44572126008,Sunita Singh,16514,CREDIT,Jaipur,Yes Bank,UPI,0,16,9.71202433782489,0,0,13,✅ SAFE,Normal pattern
TXN114509,2026-09-06 15:19:00,16079375387,Meera Chopra,ACC104296,Kavita Jain,4472,DEBIT,Mumbai,BOB,ATM,0,15,8.405814603432848,0,0,13,✅ SAFE,Normal pattern
TXN759036,2026-09-01 18:50:00,93001408673,Rahul Gupta,ACC751454,Ritu Yadav,11624,DEBIT,Pune,BOB,ATM,0,18,9.360913230455557,0,0,8,✅ SAFE,Normal pattern
TXN637508,2026-09-07 11:02:00,ATM4915,Cash Deposit,62330766032,Meera Agarwal,18569,CREDIT,Jaipur,SBI,IMPS,0,11,9.829302654346751,0,0,11,✅ SAFE,Normal pattern
TXN633400,2026-09-12 06:40:00,ATM4033,Cash Deposit,44572126008,Sunita Singh,1438,CREDIT,Jaipur,Yes Bank,IMPS,0,6,7.271703706887368,0,0,60,⚠️ SUSPICIOUS,Normal pattern
TXN874179,2026-09-02 01:00:00,21724016482,Divya Patel,ACC203677,Amit Patel,48734,DEBIT,Indore,PNB,UPI,1,1,10.794152736771311,1,1,70,🚨 CRITICAL,High amount | Late-night | High-value + late-night
TXN816743,2026-09-10 12:13:00,ATM2422,Cash Deposit,79724425656,Sneha Singh,22529,CREDIT,Indore,PNB,IMPS,0,12,10.02260303342629,0,0,22,✅ SAFE,Normal pattern
TXN807364,2026-09-04 19:25:00,27513732321,Divya Mishra,ACC158866,Ritu Chopra,9493,DEBIT,Ahmedabad,Kotak,NEFT,0,19,9.158415299111264,0,0,8,✅ SAFE,Normal pattern
TXN399609,2026-09-11 09:59:00,94010037709,Meera Reddy,ACC932374,Karan Gupta,11307,DEBIT,Indore,ICICI,IMPS,0,9,9.33326571881348,0,0,5,✅ SAFE,Normal pattern
TXN869346,2026-09-01 16:05:00,51960581410,Pooja Patel,ACC619264,Rohit Gupta,6125,DEBIT,Chennai,HDFC,UPI,0,16,8.72029728739272,0,0,14,✅ SAFE,Normal pattern
TXN721391,2026-09-05 02:10:00,ACC537692,Deepak Jain,19051614020,Sunita Verma,51873,CREDIT,Jaipur,Kotak,IMPS,1,2,10.85657298023876,1,1,62,⚠️ SUSPICIOUS,High amount | Late-night | High-value + late-night
TXN835117,2026-09-09 21:34:00,ATM7788,Cash Deposit,78786959606,Sunita Gupta,17606,CREDIT,Mumbai,HDFC,IMPS,0,21,9.776051829226445,0,0,25,✅ SAFE,Normal pattern
TXN295638,2026-09-04 12:41:00,61881044912,Meera Mishra,ACC597863,Vikram Verma,8775,DEBIT,Mumbai,HDFC,UPI,0,12,9.079776001955066,0,0,3,✅ SAFE,Normal pattern
TXN967950,2026-09-02 11:48:00,ATM7442,Cash Deposit,21996807497,Pooja Mishra,13037,CREDIT,Delhi,ICICI,IMPS,0,11,9.475623449484484,0,0,2,✅ SAFE,Normal pattern
TXN172031,2026-09-11 13:55:00,ATM6778,Cash Deposit,44572126008,Sunita Singh,11689,CREDIT,Jaipur,Yes Bank,ATM,0,13,9.366489054466115,0,0,2,✅ SAFE,Normal pattern
TXN515016,2026-09-06 14:21:00,ATM9033,Cash Deposit,88947653928,Manish Patel,19485,CREDIT,Delhi,Kotak,IMPS,0,14,9.877451537985287,0,0,15,✅ SAFE,Normal pattern
TXN991391,2026-09-11 22:08:00,ATM7025,Cash Deposit,78786959606,Sunita Gupta,865,CREDIT,Mumbai,HDFC,UPI,0,22,6.763884908562435,0,0,70,🚨 CRITICAL,Normal pattern
TXN698750,2026-09-12 13:26:00,ATM4838,Cash Deposit,61648595985,Kavita Yadav,16750,CREDIT,Pune,PNB,UPI,0,13,9.726213236963687,0,0,10,✅ SAFE,Normal pattern
TXN939852,2026-09-10 13:45:00,56014698390,Priya Sharma,ACC407762,Karan Verma,13020,DEBIT,Hyderabad,Yes Bank,IMPS,0,13,9.474318717728728,0,0,2,✅ SAFE,Normal pattern
TXN954307,2026-09-04 02:01:00,ACC356427,Karan Jain,35295201261,Kavita Chopra,73631,CREDIT,Indore,PNB,IMPS,1,2,11.206834992835093,1,1,82,🚨 CRITICAL,High amount | Late-night | High-value + late-night
TXN752974,2026-09-03 11:04:00,ATM7112,Cash Deposit,73934227238,Vikram Malhotra,3235,CREDIT,Pune,BOB,UPI,0,11,8.082093278178382,0,0,18,✅ SAFE,Normal pattern
TXN595893,2026-09-13 21:08:00,ATM8287,Cash Deposit,59838307340,Rohit Malhotra,3221,CREDIT,Delhi,ICICI,ATM,0,21,8.07775756373692,0,0,28,✅ SAFE,Normal pattern
TXN830371,2026-09-07 22:37:00,19051614020,Sunita Verma,ACC951119,Rahul Patel,14484,DEBIT,Indore,Kotak,ATM,0,22,9.580868910203451,0,0,32,✅ SAFE,Normal pattern
TXN720544,2026-09-13 07:33:00,ATM6789,Cash Deposit,51082808163,Amit Mishra,3338,CREDIT,Indore,Kotak,ATM,0,7,8.113426639943654,0,0,28,✅ SAFE,Normal pattern
TXN934155,2026-09-12 09:31:00,37876608445,Kavita Verma,ACC883762,Neha Singh,6067,DEBIT,Bhopal,PNB,NEFT,0,9,8.710784340468424,0,0,5,✅ SAFE,Normal pattern
TXN664764,2026-09-12 20:40:00,21152597151,Amit Agarwal,ACC220107,Rajesh Reddy,6048,DEBIT,Pune,Kotak,IMPS,0,20,8.707648248106914,0,0,15,✅ SAFE,Normal pattern
TXN481696,2026-09-10 20:24:00,ATM1768,Cash Deposit,37876608445,Kavita Verma,3166,CREDIT,Bhopal,PNB,ATM,0,20,8.06054004653864,0,0,21,✅ SAFE,Normal pattern
TXN122333,2026-09-13 22:24:00,21152597151,Amit Agarwal,ACC183880,Rahul Chopra,2614,DEBIT,Pune,Kotak,NEFT,0,22,7.869019376499023,0,0,44,✅ SAFE,Normal pattern
TXN397118,2026-09-08 18:28:00,ATM7337,Cash Deposit,80303994054,Deepak Singh,7961,CREDIT,Jaipur,HDFC,ATM,0,18,8.982435503560263,0,0,14,✅ SAFE,Normal pattern
TXN212819,2026-09-10 19:10:00,ATM2257,Cash Deposit,16079375387,Meera Chopra,6399,CREDIT,Mumbai,BOB,NEFT,0,19,8.764053269347762,0,0,15,✅ SAFE,Normal pattern
TXN499695,2026-09-03 18:52:00,80303994054,Deepak Singh,ACC734358,Karan Yadav,13337,DEBIT,Jaipur,HDFC,IMPS,0,18,9.498372383192251,0,0,11,✅ SAFE,Normal pattern
TXN575838,2026-09-07 17:33:00,ATM6132,Cash Deposit,25455864065,Arjun Jain,1194,CREDIT,Indore,PNB,UPI,0,17,7.085901464365611,0,0,43,✅ SAFE,Normal pattern
TXN540634,2026-09-02 12:08:00,62016806938,Divya Kumar,ACC713018,Amit Singh,7036,DEBIT,Indore,PNB,NEFT,0,12,8.85893722196655,0,0,7,✅ SAFE,Normal pattern
TXN887784,2026-09-09 11:51:00,44572126008,Sunita Singh,ACC470119,Pooja Kumar,4815,DEBIT,Jaipur,Yes Bank,NEFT,0,11,8.479698986988657,0,0,10,✅ SAFE,Normal pattern
TXN770318,2026-09-11 09:39:00,97930489515,Anjali Reddy,ACC737525,Pooja Chopra,521,DEBIT,Ahmedabad,BOB,NEFT,0,9,6.257667587882639,0,0,72,🚨 CRITICAL,Normal pattern
TXN437422,2026-09-05 06:39:00,78907985673,Neha Kumar,ACC215173,Anjali Sharma,454,DEBIT,Mumbai,Kotak,NEFT,0,6,6.12029741895095,0,0,89,🚨 CRITICAL,Normal pattern
TXN185995,2026-09-10 08:00:00,ATM9237,Cash Deposit,54834963718,Priya Mishra,11403,CREDIT,Bangalore,Yes Bank,IMPS,0,8,9.341719450032562,0,0,11,✅ SAFE,Normal pattern
TXN366217,2026-09-02 13:55:00,51960581410,Pooja Patel,ACC436749,Karan Yadav,5289,DEBIT,Chennai,HDFC,UPI,0,13,8.573573524852344,0,0,10,✅ SAFE,Normal pattern
TXN891822,2026-09-09 16:34:00,ATM1624,Cash Deposit,10954761743,Rahul Mishra,23494,CREDIT,Hyderabad,ICICI,IMPS,0,16,10.064542911536916,0,0,27,✅ SAFE,Normal pattern
TXN304490,2026-09-11 20:11:00,ATM3788,Cash Deposit,46217358382,Vikram Yadav,21993,CREDIT,Pune,PNB,UPI,0,20,9.99852496787088,0,0,28,✅ SAFE,Normal pattern
TXN687536,2026-09-02 11:07:00,74738100507,Neha Chopra,ACC776911,Ritu Mishra,3312,DEBIT,Hyderabad,Kotak,IMPS,0,11,8.105609402299896,0,0,19,✅ SAFE,Normal pattern
TXN682855,2026-09-02 16:27:00,ATM2876,Cash Deposit,33519243485,Rahul Singh,21324,CREDIT,Bangalore,Kotak,UPI,0,16,9.96763537235988,0,0,24,✅ SAFE,Normal pattern
TXN588665,2026-09-03 09:06:00,19051614020,Sunita Verma,ACC210610,Amit Kumar,6692,DEBIT,Indore,Kotak,ATM,0,9,8.808817483100642,0,0,7,✅ SAFE,Normal pattern
TXN985989,2026-09-02 11:28:00,33939602316,Rahul Singh,ACC502608,Amit Agarwal,10660,DEBIT,Pune,HDFC,ATM,0,11,9.274347501950475,0,0,2,✅ SAFE,Normal pattern
TXN201383,2026-09-07 22:09:00,ATM8657,Cash Deposit,12083619635,Suresh Jain,18637,CREDIT,Mumbai,Kotak,NEFT,0,22,9.8329577863456,0,0,36,✅ SAFE,Normal pattern
TXN740418,2026-09-12 08:09:00,21996807497,Pooja Mishra,ACC733681,Sneha Kumar,8903,DEBIT,Delhi,ICICI,IMPS,0,8,9.094255892955381,0,0,11,✅ SAFE,Normal pattern
TXN106602,2026-09-01 07:55:00,61271874238,Kavita Reddy,ACC552822,Suresh Agarwal,7040,DEBIT,Mumbai,Axis,ATM,0,7,8.859505484519133,0,0,17,✅ SAFE,Normal pattern
TXN767694,2026-09-12 14:43:00,62295994188,Priya Kumar,ACC558623,Ritu Yadav,9164,DEBIT,Indore,Yes Bank,NEFT,0,14,9.123147160273806,0,0,3,✅ SAFE,Normal pattern
TXN475431,2026-09-04 21:49:00,51082808163,Amit Mishra,ACC420365,Sunita Sharma,6862,DEBIT,Indore,Kotak,NEFT,0,21,8.833899942908635,0,0,19,✅ SAFE,Normal pattern
TXN219811,2026-09-08 13:20:00,ATM6126,Cash Deposit,15993060213,Manish Verma,7202,CREDIT,Pune,BOB,ATM,0,13,8.882252884889363,0,0,5,✅ SAFE,Normal pattern
TXN798098,2026-09-10 12:50:00,ATM2258,Cash Deposit,79119838474,Ritu Kumar,17223,CREDIT,Pune,BOB,UPI,0,12,9.754059039044199,0,0,11,✅ SAFE,Normal pattern
TXN725928,2026-09-09 13:53:00,56410977202,Kavita Agarwal,ACC991605,Vikram Kumar,12530,DEBIT,Indore,SBI,ATM,0,13,9.435960853165286,0,0,0,✅ SAFE,Normal pattern
TXN699696,2026-09-07 06:56:00,ATM8885,Cash Deposit,28811835994,Rohit Patel,15383,CREDIT,Delhi,HDFC,NEFT,0,6,9.641083287268616,0,0,30,✅ SAFE,Normal pattern
TXN780120,2026-09-08 21:54:00,21996807497,Pooja Mishra,ACC461811,Priya Agarwal,14596,DEBIT,Delhi,ICICI,IMPS,0,21,9.588571307130579,0,0,20,✅ SAFE,Normal pattern
TXN561594,2026-09-13 09:46:00,71492139864,Manish Mishra,ACC918423,Meera Kumar,3099,DEBIT,Mumbai,HDFC,UPI,0,9,8.039157390473237,0,0,22,✅ SAFE,Normal pattern
TXN962533,2026-09-03 19:49:00,62016806938,Divya Kumar,ACC434325,Vikram Singh,12496,DEBIT,Indore,PNB,IMPS,0,19,9.433243894485784,0,0,7,✅ SAFE,Normal pattern
TXN831456,2026-09-07 06:41:00,ATM9128,Cash Deposit,62295994188,Priya Kumar,20028,CREDIT,Indore,Yes Bank,UPI,0,6,9.904936502301233,0,0,35,✅ SAFE,Normal pattern
TXN198219,2026-09-03 19:08:00,84158488165,Rajesh Gupta,ACC227200,Divya Malhotra,1398,DEBIT,Bhopal,Kotak,ATM,0,19,7.243512974665482,0,0,42,✅ SAFE,Normal pattern
TXN902880,2026-09-02 07:55:00,92283572728,Kavita Chopra,ACC479281,Arjun Singh,1965,DEBIT,Ahmedabad,ICICI,UPI,0,7,7.583756300707112,0,0,40,✅ SAFE,Normal pattern
TXN334090,2026-09-01 22:29:00,89273122515,Divya Malhotra,ACC271266,Neha Sharma,8782,DEBIT,Pune,Kotak,UPI,0,22,9.080573313917117,0,0,26,✅ SAFE,Normal pattern
TXN298851,2026-09-04 14:46:00,ATM3635,Cash Deposit,42803635759,Sneha Mishra,18991,CREDIT,Bhopal,SBI,UPI,0,14,9.851773116849449,0,0,14,✅ SAFE,Normal pattern
TXN511943,2026-09-05 20:57:00,ATM4942,Cash Deposit,33806719594,Pooja Mishra,6193,CREDIT,Pune,Yes Bank,IMPS,0,20,8.731336360533149,0,0,15,✅ SAFE,Normal pattern
TXN563013,2026-09-02 02:00:00,80303994054,Deepak Singh,ACC495304,Kavita Yadav,43694,DEBIT,Indore,HDFC,UPI,1,2,10.684988958061645,1,1,64,⚠️ SUSPICIOUS,High amount | Late-night | High-value + late-night
TXN224433,2026-09-13 14:43:00,85225093763,Suresh Reddy,ACC602301,Manish Verma,11433,DEBIT,Ahmedabad,PNB,UPI,0,14,9.344346651823917,0,0,3,✅ SAFE,Normal pattern
TXN317879,2026-09-12 10:16:00,74738100507,Neha Chopra,ACC232292,Arjun Yadav,1713,DEBIT,Hyderabad,Kotak,ATM,0,10,7.446585099157725,0,0,30,✅ SAFE,Normal pattern
TXN217114,2026-09-02 07:43:00,73165735166,Priya Malhotra,ACC845850,Manish Jain,4981,DEBIT,Pune,Kotak,UPI,0,7,8.513586695822125,0,0,21,✅ SAFE,Normal pattern
TXN118095,2026-09-08 04:51:00,ACC833944,Rohit Agarwal,21996807497,Pooja Mishra,82876,CREDIT,Indore,ICICI,IMPS,1,4,11.325112859926989,1,1,86,🚨 CRITICAL,High amount | Late-night | High-value + late-night
TXN880955,2026-09-11 06:17:00,21724016482,Divya Patel,ACC781889,Rahul Patel,13586,DEBIT,Delhi,PNB,ATM,0,6,9.516868732224324,0,0,25,✅ SAFE,Normal pattern
TXN558861,2026-09-07 10:15:00,ATM8837,Cash Deposit,73934227238,Vikram Malhotra,17535,CREDIT,Pune,BOB,NEFT,0,10,9.772011189747742,0,0,10,✅ SAFE,Normal pattern
TXN558374,2026-09-04 21:14:00,56410977202,Kavita Agarwal,ACC808573,Pooja Chopra,6771,DEBIT,Indore,SBI,NEFT,0,21,8.820551743253025,0,0,19,✅ SAFE,Normal pattern
TXN931994,2026-09-12 08:21:00,28572739832,Priya Singh,ACC573990,Suresh Singh,13977,DEBIT,Indore,BOB,UPI,0,8,9.545239944037075,0,0,11,✅ SAFE,Normal pattern
TXN532008,2026-09-04 22:45:00,15993060213,Manish Verma,ACC749445,Rahul Agarwal,9103,DEBIT,Pune,BOB,UPI,0,22,9.116469156366112,0,0,26,✅ SAFE,Normal pattern
TXN227536,2026-09-03 10:46:00,ATM9413,Cash Deposit,63323345311,Neha Singh,18955,CREDIT,Mumbai,BOB,UPI,0,10,9.849875783087478,0,0,14,✅ SAFE,Normal pattern
TXN731007,2026-09-07 10:48:00,ATM6006,Cash Deposit,79724425656,Sneha Singh,21328,CREDIT,Indore,PNB,NEFT,0,10,9.967822928041022,0,0,19,✅ SAFE,Normal pattern
TXN816979,2026-09-05 12:01:00,ATM6520,Cash Deposit,33519243485,Rahul Singh,799,CREDIT,Bangalore,Kotak,UPI,0,12,6.684611727667927,0,0,55,⚠️ SUSPICIOUS,Normal pattern
TXN957268,2026-09-09 01:01:00,ACC826904,Ritu Mishra,25949442983,Ritu Verma,74520,CREDIT,Delhi,SBI,IMPS,1,1,11.218836243841805,1,1,86,🚨 CRITICAL,High amount | Late-night | High-value + late-night
TXN638507,2026-09-04 11:26:00,ATM1075,Cash Deposit,28572739832,Priya Singh,20900,CREDIT,Indore,BOB,ATM,0,11,9.94755228369823,0,0,17,✅ SAFE,Normal pattern
TXN933851,2026-09-07 15:26:00,ATM9761,Cash Deposit,61103002938,Vikram Gupta,22054,CREDIT,Indore,Yes Bank,UPI,0,15,10.00129461253904,0,0,24,✅ SAFE,Normal pattern
TXN899303,2026-09-05 03:46:00,29260902250,Rohit Verma,ACC828463,Manish Chopra,50805,DEBIT,Jaipur,Kotak,IMPS,1,3,10.835769736828329,1,1,66,⚠️ SUSPICIOUS,High amount | Late-night | High-value + late-night
TXN323434,2026-09-02 10:14:00,89806732081,Pooja Agarwal,ACC640446,Vikram Singh,7649,DEBIT,Chennai,Kotak,ATM,0,10,8.942460926820582,0,0,4,✅ SAFE,Normal pattern
TXN594967,2026-09-05 18:43:00,ATM2670,Cash Deposit,10954761743,Rahul Mishra,15098,CREDIT,Hyderabad,ICICI,NEFT,0,18,9.62238379544447,0,0,15,✅ SAFE,Normal pattern
TXN238835,2026-09-02 07:09:00,ATM2017,Cash Deposit,92283572728,Kavita Chopra,2003,CREDIT,Ahmedabad,ICICI,IMPS,0,7,7.602900462204755,0,0,39,✅ SAFE,Normal pattern
TXN234088,2026-09-06 21:48:00,ATM7655,Cash Deposit,33519243485,Rahul Singh,13160,CREDIT,Bangalore,Kotak,NEFT,0,21,9.485013189834323,0,0,17,✅ SAFE,Normal pattern
TXN274960,2026-09-08 01:20:00,42847446185,Sneha Gupta,ACC372092,Meera Sharma,42704,DEBIT,Bhopal,HDFC,UPI,1,1,10.662071288380247,1,1,73,🚨 CRITICAL,High amount | Late-night | High-value + late-night
TXN557210,2026-09-02 08:03:00,ATM1595,Cash Deposit,14952110579,Meera Gupta,1282,CREDIT,Bangalore,BOB,ATM,0,8,7.1569563646156364,0,0,50,⚠️ SUSPICIOUS,Normal pattern
TXN261322,2026-09-07 07:51:00,ATM1786,Cash Deposit,89806732081,Pooja Agarwal,18084,CREDIT,Chennai,Kotak,ATM,0,7,9.802838144386198,0,0,20,✅ SAFE,Normal pattern
TXN735866,2026-09-12 12:49:00,ATM5657,Cash Deposit,97930489515,Anjali Reddy,9627,CREDIT,Ahmedabad,BOB,NEFT,0,12,9.172430798902962,0,0,4,✅ SAFE,Normal pattern
TXN463308,2026-09-12 09:58:00,14952110579,Meera Gupta,ACC276931,Anjali Jain,9601,DEBIT,Bangalore,BOB,UPI,0,9,9.169726689090886,0,0,4,✅ SAFE,Normal pattern
TXN383358,2026-09-12 08:39:00,29260902250,Rohit Verma,ACC640531,Rohit Malhotra,12438,DEBIT,Indore,Kotak,ATM,0,8,9.428591977209965,0,0,12,✅ SAFE,Normal pattern
TXN408756,2026-09-01 17:03:00,10954761743,Rahul Mishra,ACC621214,Priya Singh,13839,DEBIT,Hyderabad,ICICI,UPI,0,17,9.535318229171661,0,0,10,✅ SAFE,Normal pattern
TXN263176,2026-09-01 08:56:00,35295201261,Kavita Chopra,ACC203108,Manish Yadav,5587,DEBIT,Indore,PNB,UPI,0,8,8.628376720376853,0,0,16,✅ SAFE,Normal pattern
TXN489779,2026-09-13 19:58:00,78907985673,Neha Kumar,ACC173188,Pooja Yadav,9542,DEBIT,Mumbai,Kotak,ATM,0,19,9.163563180417254,0,0,8,✅ SAFE,Normal pattern
TXN657682,2026-09-12 13:15:00,ATM2529,Cash Deposit,39714949352,Karan Verma,11811,CREDIT,Jaipur,PNB,IMPS,0,13,9.376871242863814,0,0,2,✅ SAFE,Normal pattern
TXN330542,2026-09-08 19:39:00,ATM8593,Cash Deposit,33806719594,Pooja Mishra,1962,CREDIT,Pune,Yes Bank,NEFT,0,19,7.5822291942764615,0,0,30,✅ SAFE,Normal pattern
TXN771877,2026-09-13 15:48:00,28722783625,Divya Jain,ACC673854,Priya Yadav,11012,DEBIT,Indore,BOB,UPI,0,15,9.306831672164943,0,0,2,✅ SAFE,Normal pattern
TXN672244,2026-09-10 14:35:00,84158488165,Rajesh Gupta,ACC626588,Sunita Malhotra,630,DEBIT,Bhopal,Kotak,IMPS,0,14,6.447305862541213,0,0,59,⚠️ SUSPICIOUS,Normal pattern
TXN803880,2026-09-09 11:32:00,85225093763,Suresh Reddy,ACC305480,Divya Chopra,5615,DEBIT,Ahmedabad,PNB,ATM,0,11,8.633374945705647,0,0,7,✅ SAFE,Normal pattern
TXN407023,2026-09-02 22:22:00,21724016482,Divya Patel,ACC950682,Manish Sharma,10247,DEBIT,Delhi,PNB,NEFT,0,22,9.234837843576571,0,0,22,✅ SAFE,Normal pattern
TXN979308,2026-09-12 12:15:00,ATM3628,Cash Deposit,21996807497,Pooja Mishra,8390,CREDIT,Delhi,ICICI,IMPS,0,12,9.03491498187007,0,0,4,✅ SAFE,Normal pattern
TXN138164,2026-09-02 15:50:00,53524230603,Arjun Singh,ACC644592,Arjun Malhotra,13550,DEBIT,Indore,SBI,ATM,0,15,9.514215624322715,0,0,3,✅ SAFE,Normal pattern
TXN995693,2026-09-13 08:07:00,27513732321,Divya Mishra,ACC392651,Arjun Malhotra,1124,DEBIT,Ahmedabad,Kotak,NEFT,0,8,7.025538314638521,0,0,51,⚠️ SUSPICIOUS,Normal pattern
TXN289732,2026-09-04 06:08:00,24118041504,Meera Chopra,ACC484217,Neha Yadav,4385,DEBIT,Chennai,HDFC,UPI,0,6,8.386172928977834,0,0,35,✅ SAFE,Normal pattern
TXN529825,2026-09-06 09:25:00,ATM5571,Cash Deposit,33939602316,Rahul Singh,6204,CREDIT,Pune,HDFC,UPI,0,9,8.733110697638708,0,0,6,✅ SAFE,Normal pattern
TXN901314,2026-09-08 13:25:00,ATM2865,Cash Deposit,74738100507,Neha Chopra,10977,CREDIT,Hyderabad,Kotak,IMPS,0,13,9.303648549109834,0,0,0,✅ SAFE,Normal pattern
TXN391954,2026-09-04 08:32:00,56014698390,Priya Sharma,ACC439521,Amit Kumar,2886,DEBIT,Hyderabad,Yes Bank,UPI,0,8,7.967973179662935,0,0,32,✅ SAFE,Normal pattern
TXN184288,2026-09-02 20:40:00,79724425656,Sneha Singh,ACC787801,Rohit Verma,13550,DEBIT,Indore,PNB,ATM,0,20,9.514215624322715,0,0,9,✅ SAFE,Normal pattern
TXN643650,2026-09-13 08:33:00,ATM9784,Cash Deposit,21996807497,Pooja Mishra,20231,CREDIT,Delhi,ICICI,NEFT,0,8,9.915020788349802,0,0,24,✅ SAFE,Normal pattern
TXN698177,2026-09-10 15:07:00,62016806938,Divya Kumar,ACC611230,Sneha Patel,5766,DEBIT,Indore,PNB,UPI,0,15,8.659907293615413,0,0,9,✅ SAFE,Normal pattern
TXN787195,2026-09-07 03:07:00,62295994188,Priya Kumar,ACC890539,Anjali Chopra,48664,DEBIT,Delhi,Yes Bank,UPI,1,3,10.792715364860594,1,1,63,⚠️ SUSPICIOUS,High amount | Late-night | High-value + late-night
TXN749767,2026-09-08 13:12:00,73165735166,Priya Malhotra,ACC281327,Vikram Gupta,5192,DEBIT,Pune,Kotak,NEFT,0,13,8.555066843844319,0,0,9,✅ SAFE,Normal pattern
TXN645499,2026-09-02 13:43:00,ATM8827,Cash Deposit,80303994054,Deepak Singh,2499,CREDIT,Jaipur,HDFC,NEFT,0,13,7.824046010856292,0,0,23,✅ SAFE,Normal pattern
TXN579004,2026-09-06 11:29:00,16266114041,Priya Kumar,ACC318642,Kavita Mishra,14403,DEBIT,Hyderabad,HDFC,NEFT,0,11,9.575261224768767,0,0,4,✅ SAFE,Normal pattern
TXN767554,2026-09-07 15:08:00,62330766032,Meera Agarwal,ACC438223,Sneha Malhotra,10145,DEBIT,Jaipur,SBI,ATM,0,15,9.224834818126634,0,0,5,✅ SAFE,Normal pattern
TXN317274,2026-09-07 21:24:00,42847446185,Sneha Gupta,ACC962633,Karan Sharma,5702,DEBIT,Ahmedabad,HDFC,IMPS,0,21,8.648747631156539,0,0,18,✅ SAFE,Normal pattern
TXN914348,2026-09-09 12:08:00,12904529504,Deepak Kumar,ACC898382,Vikram Patel,14544,DEBIT,Chennai,HDFC,ATM,0,12,9.585002570929301,0,0,7,✅ SAFE,Normal pattern
TXN506550,2026-09-01 14:54:00,62295994188,Priya Kumar,ACC124587,Vikram Sharma,606,DEBIT,Indore,Yes Bank,UPI,0,14,6.408528791059498,0,0,61,⚠️ SUSPICIOUS,Normal pattern
TXN771751,2026-09-03 21:37:00,51082808163,Amit Mishra,ACC334111,Amit Mishra,11190,DEBIT,Indore,Kotak,IMPS,0,21,9.322865162818028,0,0,15,✅ SAFE,Normal pattern
TXN573077,2026-09-06 21:51:00,12083619635,Suresh Jain,ACC264982,Vikram Gupta,5249,DEBIT,Mumbai,Kotak,NEFT,0,21,8.565983355585669,0,0,21,✅ SAFE,Normal pattern
TXN489198,2026-09-02 12:06:00,ATM7699,Cash Deposit,21152597151,Amit Agarwal,17537,CREDIT,Pune,Kotak,NEFT,0,12,9.7721252343393,0,0,11,✅ SAFE,Normal pattern
TXN670896,2026-09-05 13:01:00,ATM5967,Cash Deposit,94010037709,Meera Reddy,6640,CREDIT,Indore,ICICI,NEFT,0,13,8.801017833540714,0,0,10,✅ SAFE,Normal pattern
TXN184970,2026-09-03 06:55:00,27440891126,Rajesh Kumar,ACC465634,Rahul Chopra,10046,DEBIT,Indore,Kotak,IMPS,0,6,9.215029361462314,0,0,25,✅ SAFE,Normal pattern
TXN821988,2026-09-04 21:20:00,62295994188,Priya Kumar,ACC304508,Rohit Chopra,14015,DEBIT,Indore,Yes Bank,NEFT,0,21,9.547954813176172,0,0,18,✅ SAFE,Normal pattern
TXN381435,2026-09-09 11:47:00,61103002938,Vikram Gupta,ACC732235,Rajesh Reddy,6151,DEBIT,Indore,Yes Bank,IMPS,0,11,8.72453251118548,0,0,6,✅ SAFE,Normal pattern
TXN334824,2026-09-06 05:16:00,24118041504,Meera Chopra,ACC109750,Deepak Patel,41449,DEBIT,Delhi,HDFC,UPI,1,5,10.63224316056344,1,1,85,🚨 CRITICAL,High amount | Late-night | High-value + late-night
TXN340227,2026-09-05 18:47:00,31832239312,Rajesh Singh,ACC883575,Rahul Kumar,10148,DEBIT,Bangalore,SBI,NEFT,0,18,9.225130457448818,0,0,7,✅ SAFE,Normal pattern
TXN661808,2026-09-12 07:25:00,ATM6581,Cash Deposit,84158488165,Rajesh Gupta,11345,CREDIT,Bhopal,Kotak,ATM,0,7,9.336620537886512,0,0,17,✅ SAFE,Normal pattern
TXN516208,2026-09-07 04:24:00,ACC103751,Amit Reddy,15993060213,Manish Verma,86476,CREDIT,Bhopal,BOB,IMPS,1,4,11.367633761609616,1,1,91,🚨 CRITICAL,High amount | Late-night | High-value + late-night
TXN184015,2026-09-08 03:12:00,62295994188,Priya Kumar,ACC184001,Ritu Verma,41013,DEBIT,Bhopal,Yes Bank,UPI,1,3,10.621668750815715,1,1,79,🚨 CRITICAL,High amount | Late-night | High-value + late-night
TXN582338,2026-09-10 15:27:00,ATM7605,Cash Deposit,85225093763,Suresh Reddy,2504,CREDIT,Ahmedabad,PNB,ATM,0,15,7.826044013518965,0,0,22,✅ SAFE,Normal pattern
TXN352838,2026-09-02 16:47:00,ATM6171,Cash Deposit,97930489515,Anjali Reddy,3114,CREDIT,Ahmedabad,BOB,IMPS,0,16,8.043984431221553,0,0,22,✅ SAFE,Normal pattern
TXN787085,2026-09-07 09:01:00,ATM7934,Cash Deposit,24118041504,Meera Chopra,17106,CREDIT,Chennai,HDFC,ATM,0,9,9.747243015452291,0,0,13,✅ SAFE,Normal pattern
TXN412797,2026-09-13 08:56:00,ATM4494,Cash Deposit,62295994188,Priya Kumar,10189,CREDIT,Indore,Yes Bank,UPI,0,8,9.229162126216771,0,0,10,✅ SAFE,Normal pattern
TXN430825,2026-09-13 14:02:00,ATM1041,Cash Deposit,57171365272,Rohit Mishra,4063,CREDIT,Ahmedabad,PNB,UPI,0,14,8.309922989258318,0,0,15,✅ SAFE,Normal pattern
TXN194892,2026-09-08 13:52:00,ATM3152,Cash Deposit,44704140239,Suresh Singh,12875,CREDIT,Indore,Kotak,NEFT,0,13,9.463120392418698,0,0,1,✅ SAFE,Normal pattern
TXN421010,2026-09-06 19:50:00,ATM6310,Cash Deposit,31832239312,Rajesh Singh,3932,CREDIT,Bangalore,SBI,IMPS,0,19,8.27715777243181,0,0,21,✅ SAFE,Normal pattern
TXN505614,2026-09-05 07:19:00,28722783625,Divya Jain,ACC242095,Arjun Singh,4476,DEBIT,Indore,BOB,ATM,0,7,8.406708458240965,0,0,22,✅ SAFE,Normal pattern
TXN557305,2026-09-02 19:29:00,ATM3596,Cash Deposit,10954761743,Rahul Mishra,12037,CREDIT,Hyderabad,ICICI,UPI,0,19,9.395823592107716,0,0,7,✅ SAFE,Normal pattern
TXN112551,2026-09-10 07:16:00,44572126008,Sunita Singh,ACC878398,Karan Patel,2630,DEBIT,Jaipur,Yes Bank,NEFT,0,7,7.875119281040293,0,0,31,✅ SAFE,Normal pattern
TXN394801,2026-09-08 04:43:00,ACC281439,Rajesh Patel,27440891126,Rajesh Kumar,53658,CREDIT,Bhopal,Kotak,IMPS,1,4,10.89040448795058,1,1,71,🚨 CRITICAL,High amount | Late-night | High-value + late-night
TXN774084,2026-09-08 02:57:00,46217358382,Vikram Yadav,ACC826303,Arjun Verma,51029,DEBIT,Indore,PNB,IMPS,1,2,10.840168974058017,1,1,61,⚠️ SUSPICIOUS,High amount | Late-night | High-value + late-night
TXN242052,2026-09-03 10:52:00,33519243485,Rahul Singh,ACC420162,Rohit Verma,13116,DEBIT,Bangalore,Kotak,IMPS,0,10,9.481664377815145,0,0,1,✅ SAFE,Normal pattern
TXN936770,2026-09-05 09:51:00,ATM9857,Cash Deposit,51960581410,Pooja Patel,14579,CREDIT,Chennai,HDFC,ATM,0,9,9.587406005562649,0,0,7,✅ SAFE,Normal pattern
TXN125998,2026-09-01 10:35:00,17487414647,Sunita Kumar,ACC331075,Amit Mishra,1622,DEBIT,Bangalore,BOB,UPI,0,10,7.392031567514591,0,0,33,✅ SAFE,Normal pattern
TXN137230,2026-09-05 12:21:00,44572126008,Sunita Singh,ACC273877,Arjun Reddy,5340,DEBIT,Jaipur,Yes Bank,ATM,0,12,8.58316818033977,0,0,9,✅ SAFE,Normal pattern
TXN720081,2026-09-12 07:45:00,14952110579,Meera Gupta,ACC787682,Priya Mishra,14667,DEBIT,Bangalore,BOB,UPI,0,7,9.593423529191217,0,0,17,✅ SAFE,Normal pattern
TXN446582,2026-09-09 11:36:00,42803635759,Sneha Mishra,ACC714744,Divya Reddy,11023,DEBIT,Bhopal,SBI,ATM,0,11,9.30782999325344,0,0,2,✅ SAFE,Normal pattern
TXN284884,2026-09-05 19:39:00,ATM5813,Cash Deposit,33806719594,Pooja Mishra,22653,CREDIT,Pune,Yes Bank,UPI,0,19,10.02809171576066,0,0,33,✅ SAFE,Normal pattern
TXN984728,2026-09-07 20:14:00,16079375387,Meera Chopra,ACC646120,Sneha Patel,5605,DEBIT,Mumbai,BOB,UPI,0,20,8.631592731724734,0,0,15,✅ SAFE,Normal pattern
TXN451476,2026-09-13 06:32:00,ATM2119,Cash Deposit,25046528783,Amit Verma,12574,CREDIT,Bangalore,HDFC,IMPS,0,6,9.43946599496794,0,0,24,✅ SAFE,Normal pattern
TXN336632,2026-09-06 02:53:00,25949442983,Ritu Verma,ACC379242,Pooja Jain,87198,DEBIT,Jaipur,SBI,IMPS,1,2,11.375948141941405,1,1,95,🚨 CRITICAL,High amount | Late-night | High-value + late-night
TXN984812,2026-09-08 05:07:00,29257767423,Divya Singh,ACC735165,Manish Singh,43261,DEBIT,Delhi,Yes Bank,UPI,1,5,10.675029930523447,1,1,85,🚨 CRITICAL,High amount | Late-night | High-value + late-night
TXN447530,2026-09-08 05:00:00,29257767423,Divya Singh,ACC752548,Neha Sharma,40788,DEBIT,Jaipur,Yes Bank,UPI,1,5,10.616167716198387,1,1,87,🚨 CRITICAL,High amount | Late-night | High-value + late-night
TXN373327,2026-09-13 06:25:00,84158488165,Rajesh Gupta,ACC957807,Pooja Singh,8225,DEBIT,Bhopal,Kotak,NEFT,0,6,9.015055148790369,0,0,25,✅ SAFE,Normal pattern
TXN849582,2026-09-03 12:43:00,ATM1109,Cash Deposit,97930489515,Anjali Reddy,17769,CREDIT,Ahmedabad,BOB,NEFT,0,12,9.785266921148697,0,0,11,✅ SAFE,Normal pattern
TXN870204,2026-09-08 13:11:00,17487414647,Sunita Kumar,ACC905621,Suresh Chopra,4151,DEBIT,Bangalore,BOB,IMPS,0,13,8.331345424845724,0,0,15,✅ SAFE,Normal pattern
TXN630287,2026-09-03 01:14:00,93001408673,Rahul Gupta,ACC360179,Neha Patel,75114,DEBIT,Indore,BOB,IMPS,1,1,11.226775551496525,1,1,86,🚨 CRITICAL,High amount | Late-night | High-value + late-night
TXN973513,2026-09-02 22:04:00,80303994054,Deepak Singh,ACC676265,Priya Malhotra,9059,DEBIT,Jaipur,HDFC,ATM,0,22,9.111624399037025,0,0,26,✅ SAFE,Normal pattern
TXN597065,2026-09-09 13:27:00,ATM3403,Cash Deposit,71492139864,Manish Mishra,23186,CREDIT,Mumbai,HDFC,ATM,0,13,10.05134705577498,0,0,19,✅ SAFE,Normal pattern
TXN845590,2026-09-09 17:49:00,ATM4618,Cash Deposit,89273122515,Divya Malhotra,10572,CREDIT,Pune,Kotak,NEFT,0,17,9.266058860732526,0,0,8,✅ SAFE,Normal pattern
TXN955788,2026-09-01 18:58:00,78243523866,Sunita Yadav,ACC854486,Rahul Reddy,11485,DEBIT,Bangalore,PNB,ATM,0,18,9.348884181424243,0,0,8,✅ SAFE,Normal pattern
TXN372280,2026-09-13 06:33:00,ATM8533,Cash Deposit,51082808163,Amit Mishra,19555,CREDIT,Indore,Kotak,ATM,0,6,9.881037423698537,0,0,34,✅ SAFE,Normal pattern
TXN130465,2026-09-01 15:07:00,29257767423,Divya Singh,ACC234331,Suresh Mishra,2188,DEBIT,Bhopal,Yes Bank,UPI,0,15,7.691200097522863,0,0,24,✅ SAFE,Normal pattern
TXN849773,2026-09-09 10:13:00,ATM3986,Cash Deposit,74738100507,Neha Chopra,8608,CREDIT,Hyderabad,Kotak,IMPS,0,10,9.060563446657955,0,0,3,✅ SAFE,Normal pattern
TXN398913,2026-09-06 12:19:00,42803635759,Sneha Mishra,ACC143562,Divya Singh,4907,DEBIT,Bhopal,SBI,ATM,0,12,8.498621805830801,0,0,10,✅ SAFE,Normal pattern
TXN350715,2026-09-03 01:12:00,ACC217698,Priya Yadav,93001408673,Rahul Gupta,91761,CREDIT,Bhopal,BOB,IMPS,1,1,11.42695354755526,1,1,100,🚨 CRITICAL,High amount | Late-night | High-value + late-night
TXN350866,2026-09-09 15:02:00,72401764333,Manish Reddy,ACC335336,Meera Reddy,3345,DEBIT,Hyderabad,ICICI,IMPS,0,15,8.11552088154677,0,0,20,✅ SAFE,Normal pattern
TXN515335,2026-09-10 09:37:00,ATM9527,Cash Deposit,12904529504,Deepak Kumar,3571,CREDIT,Chennai,HDFC,UPI,0,9,8.18088094199639,0,0,20,✅ SAFE,Normal pattern
TXN550690,2026-09-13 11:06:00,46217358382,Vikram Yadav,ACC155851,Arjun Gupta,5331,DEBIT,Pune,PNB,IMPS,0,11,8.5814816812986,0,0,9,✅ SAFE,Normal pattern
TXN536817,2026-09-08 06:37:00,ATM3721,Cash Deposit,39714949352,Karan Verma,24963,CREDIT,Jaipur,PNB,IMPS,0,6,10.125190066053934,0,0,49,⚠️ SUSPICIOUS,Normal pattern
TXN938098,2026-09-08 13:38:00,79119838474,Ritu Kumar,ACC643617,Meera Singh,1418,DEBIT,Pune,BOB,NEFT,0,13,7.257707677160043,0,0,35,✅ SAFE,Normal pattern
TXN540147,2026-09-04 16:43:00,ATM5509,Cash Deposit,74738100507,Neha Chopra,4389,CREDIT,Hyderabad,Kotak,NEFT,0,16,8.387084506069217,0,0,16,✅ SAFE,Normal pattern
TXN144882,2026-09-13 16:28:00,28722783625,Divya Jain,ACC759171,Sunita Singh,977,DEBIT,Indore,BOB,ATM,0,16,6.885509670034818,0,0,46,⚠️ SUSPICIOUS,Normal pattern
TXN285707,2026-09-13 09:24:00,ATM5823,Cash Deposit,44704140239,Suresh Singh,10341,CREDIT,Indore,Kotak,ATM,0,9,9.243968552956167,0,0,4,✅ SAFE,Normal pattern
TXN531679,2026-09-07 21:51:00,60223152223,Pooja Sharma,ACC662347,Ritu Jain,8642,DEBIT,Delhi,BOB,IMPS,0,21,9.064505023752638,0,0,15,✅ SAFE,Normal pattern
TXN231446,2026-09-09 18:28:00,ATM1298,Cash Deposit,62295994188,Priya Kumar,20524,CREDIT,Indore,Yes Bank,NEFT,0,18,9.929398934320629,0,0,27,✅ SAFE,Normal pattern
TXN828055,2026-09-02 16:17:00,ATM4771,Cash Deposit,74738100507,Neha Chopra,16912,CREDIT,Hyderabad,Kotak,NEFT,0,16,9.735837835974042,0,0,15,✅ SAFE,Normal pattern
TXN953834,2026-09-13 22:27:00,92283572728,Kavita Chopra,ACC755153,Suresh Chopra,6138,DEBIT,Ahmedabad,ICICI,NEFT,0,22,8.722417141427496,0,0,36,✅ SAFE,Normal pattern
TXN640377,2026-09-13 16:36:00,ATM5462,Cash Deposit,27513732321,Divya Mishra,17938,CREDIT,Ahmedabad,Kotak,NEFT,0,16,9.79473239269909,0,0,13,✅ SAFE,Normal pattern
TXN695190,2026-09-01 14:02:00,ATM5537,Cash Deposit,72401764333,Manish Reddy,10813,CREDIT,Hyderabad,ICICI,UPI,0,14,9.28859686994195,0,0,1,✅ SAFE,Normal pattern
TXN318905,2026-09-04 17:36:00,62295994188,Priya Kumar,ACC914653,Rohit Chopra,11944,DEBIT,Indore,Yes Bank,IMPS,0,17,9.38806805975991,0,0,7,✅ SAFE,Normal pattern
TXN173334,2026-09-01 21:24:00,ATM5638,Cash Deposit,81765026938,Neha Yadav,22784,CREDIT,Chennai,BOB,NEFT,0,21,10.033857703697983,0,0,37,✅ SAFE,Normal pattern
TXN279282,2026-09-11 09:08:00,92692462426,Rajesh Malhotra,ACC487801,Neha Patel,11435,DEBIT,Hyderabad,ICICI,ATM,0,9,9.344521553442203,0,0,5,✅ SAFE,Normal pattern
TXN906810,2026-09-07 02:08:00,21152597151,Amit Agarwal,ACC725217,Divya Reddy,48484,DEBIT,Delhi,Kotak,UPI,1,2,10.789009750738646,1,1,55,⚠️ SUSPICIOUS,High amount | Late-night | High-value + late-night
TXN756541,2026-09-10 14:32:00,77546893355,Sunita Singh,ACC572466,Kavita Jain,5671,DEBIT,Bangalore,Kotak,NEFT,0,14,8.643297068211963,0,0,8,✅ SAFE,Normal pattern
TXN115753,2026-09-01 02:06:00,19051614020,Sunita Verma,ACC464081,Sunita Jain,47073,DEBIT,Jaipur,Kotak,UPI,1,2,10.759476110601902,1,1,56,⚠️ SUSPICIOUS,High amount | Late-night | High-value + late-night
TXN846264,2026-09-10 13:25:00,42847446185,Sneha Gupta,ACC417843,Anjali Malhotra,6474,DEBIT,Ahmedabad,HDFC,ATM,0,13,8.775703886567738,0,0,8,✅ SAFE,Normal pattern
TXN831115,2026-09-09 11:52:00,ATM4504,Cash Deposit,62330766032,Meera Agarwal,6365,CREDIT,Jaipur,SBI,IMPS,0,11,8.758726607842037,0,0,7,✅ SAFE,Normal pattern
TXN807299,2026-09-13 22:17:00,ATM5759,Cash Deposit,72401764333,Manish Reddy,7964,CREDIT,Hyderabad,ICICI,UPI,0,22,8.98281222234415,0,0,30,✅ SAFE,Normal pattern
TXN775863,2026-09-10 15:21:00,78907985673,Neha Kumar,ACC255378,Arjun Agarwal,10255,DEBIT,Mumbai,Kotak,UPI,0,15,9.23561817916045,0,0,4,✅ SAFE,Normal pattern
TXN700424,2026-09-11 11:37:00,18163563523,Pooja Chopra,ACC189365,Amit Jain,272,DEBIT,Delhi,SBI,IMPS,0,11,5.60947179518496,0,0,81,🚨 CRITICAL,Normal pattern
TXN903686,2026-09-13 21:55:00,ATM5788,Cash Deposit,62295994188,Priya Kumar,12800,CREDIT,Indore,Yes Bank,ATM,0,21,9.45727857185611,0,0,16,✅ SAFE,Normal pattern
TXN350616,2026-09-07 12:11:00,ATM7478,Cash Deposit,59838307340,Rohit Malhotra,14565,CREDIT,Delhi,ICICI,IMPS,0,12,9.586445324777861,0,0,7,✅ SAFE,Normal pattern
TXN448166,2026-09-04 20:46:00,ATM6107,Cash Deposit,25046528783,Amit Verma,8700,CREDIT,Bangalore,HDFC,IMPS,0,20,9.071193240566025,0,0,8,✅ SAFE,Normal pattern
TXN145629,2026-09-11 21:43:00,ATM5518,Cash Deposit,48417346628,Amit Mishra,17008,CREDIT,Ahmedabad,SBI,NEFT,0,21,9.741497894714092,0,0,27,✅ SAFE,Normal pattern
TXN885092,2026-09-11 22:31:00,ATM7741,Cash Deposit,61881044912,Meera Mishra,24001,CREDIT,Mumbai,HDFC,NEFT,0,22,10.085892439191387,0,0,54,⚠️ SUSPICIOUS,Normal pattern
TXN397878,2026-09-07 21:31:00,80303994054,Deepak Singh,ACC553105,Suresh Agarwal,6747,DEBIT,Jaipur,HDFC,ATM,0,21,8.817001443665859,0,0,19,✅ SAFE,Normal pattern
TXN675210,2026-09-12 01:00:00,13085810396,Suresh Gupta,ACC835483,Vikram Jain,47256,DEBIT,Bhopal,ICICI,UPI,1,1,10.763356070097183,1,1,67,⚠️ SUSPICIOUS,High amount | Late-night | High-value + late-night
TXN332052,2026-09-11 07:37:00,ATM3352,Cash Deposit,80051400936,Rohit Sharma,15977,CREDIT,Chennai,HDFC,ATM,0,7,9.678968055041988,0,0,21,✅ SAFE,Normal pattern
TXN896707,2026-09-13 14:35:00,ATM2510,Cash Deposit,16079375387,Meera Chopra,3623,CREDIT,Mumbai,BOB,NEFT,0,14,8.19533366716287,0,0,19,✅ SAFE,Normal pattern
TXN424696,2026-09-02 16:52:00,ATM3601,Cash Deposit,17487414647,Sunita Kumar,13572,CREDIT,Bangalore,BOB,NEFT,0,16,9.515837804297965,0,0,7,✅ SAFE,Normal pattern
TXN289347,2026-09-06 10:48:00,61881044912,Meera Mishra,ACC279951,Suresh Jain,13807,DEBIT,Mumbai,HDFC,NEFT,0,10,9.53300341332321,0,0,1,✅ SAFE,Normal pattern
TXN462454,2026-09-08 17:16:00,38696334298,Rajesh Gupta,ACC849956,Anjali Singh,4520,DEBIT,Hyderabad,ICICI,IMPS,0,17,8.416488487294606,0,0,19,✅ SAFE,Normal pattern
TXN164967,2026-09-09 21:31:00,ATM7464,Cash Deposit,73934227238,Vikram Malhotra,20932,CREDIT,Pune,BOB,NEFT,0,21,9.94908214009452,0,0,30,✅ SAFE,Normal pattern
TXN948691,2026-09-09 21:13:00,ATM9586,Cash Deposit,42847446185,Sneha Gupta,22727,CREDIT,Ahmedabad,HDFC,ATM,0,21,10.031352923534024,0,0,36,✅ SAFE,Normal pattern
TXN702090,2026-09-13 21:50:00,14947141822,Amit Patel,ACC920499,Ritu Verma,8529,DEBIT,Delhi,PNB,UPI,0,21,9.051344640485725,0,0,16,✅ SAFE,Normal pattern
TXN172098,2026-09-03 18:59:00,16266114041,Priya Kumar,ACC566385,Ritu Reddy,5792,DEBIT,Hyderabad,HDFC,IMPS,0,18,8.664405571096625,0,0,18,✅ SAFE,Normal pattern
TXN315850,2026-09-06 14:04:00,ATM8395,Cash Deposit,85225093763,Suresh Reddy,7966,CREDIT,Ahmedabad,PNB,IMPS,0,14,8.983063289380366,0,0,4,✅ SAFE,Normal pattern
TXN881255,2026-09-01 13:44:00,ATM3922,Cash Deposit,25455864065,Arjun Jain,24350,CREDIT,Indore,PNB,IMPS,0,13,10.100328195429285,0,0,25,✅ SAFE,Normal pattern
TXN210799,2026-09-02 08:25:00,ATM6373,Cash Deposit,80051400936,Rohit Sharma,15647,CREDIT,Chennai,HDFC,UPI,0,8,9.6580983922746,0,0,16,✅ SAFE,Normal pattern
TXN691565,2026-09-07 16:56:00,ATM7718,Cash Deposit,14952110579,Meera Gupta,8247,CREDIT,Bangalore,BOB,NEFT,0,16,9.017726025696795,0,0,12,✅ SAFE,Normal pattern
TXN638172,2026-09-12 22:33:00,ATM7672,Cash Deposit,25949442983,Ritu Verma,10108,CREDIT,Indore,SBI,UPI,0,22,9.221181395154058,0,0,23,✅ SAFE,Normal pattern
TXN315607,2026-09-05 06:47:00,62330766032,Meera Agarwal,ACC363427,Vikram Verma,3076,DEBIT,Jaipur,SBI,ATM,0,6,8.031710375322042,0,0,39,✅ SAFE,Normal pattern
TXN997539,2026-09-01 15:43:00,56410977202,Kavita Agarwal,ACC161495,Sunita Mishra,13191,DEBIT,Indore,SBI,IMPS,0,15,9.487365864239434,0,0,3,✅ SAFE,Normal pattern
TXN621297,2026-09-08 07:59:00,21152597151,Amit Agarwal,ACC806428,Divya Verma,2500,DEBIT,Pune,Kotak,NEFT,0,7,7.824445930877619,0,0,32,✅ SAFE,Normal pattern
TXN302911,2026-09-12 15:12:00,ATM4170,Cash Deposit,73934227238,Vikram Malhotra,10397,CREDIT,Pune,BOB,IMPS,0,15,9.24936875894366,0,0,3,✅ SAFE,Normal pattern
TXN169717,2026-09-12 16:10:00,97930489515,Anjali Reddy,ACC462641,Suresh Agarwal,1349,DEBIT,Ahmedabad,BOB,UPI,0,16,7.2078598714324755,0,0,35,✅ SAFE,Normal pattern
TXN569901,2026-09-07 10:32:00,ATM4578,Cash Deposit,88942334351,Rohit Jain,11508,CREDIT,Delhi,PNB,IMPS,0,10,9.350884616968491,0,0,2,✅ SAFE,Normal pattern
TXN835650,2026-09-07 18:31:00,ATM5766,Cash Deposit,80051400936,Rohit Sharma,3203,CREDIT,Chennai,HDFC,UPI,0,18,8.07215530818825,0,0,21,✅ SAFE,Normal pattern
TXN242517,2026-09-01 14:41:00,ATM1865,Cash Deposit,65712049807,Meera Yadav,5546,CREDIT,Mumbai,Yes Bank,UPI,0,14,8.621012520055235,0,0,10,✅ SAFE,Normal pattern
TXN422004,2026-09-12 13:51:00,ATM4797,Cash Deposit,65712049807,Meera Yadav,4435,CREDIT,Mumbai,Yes Bank,IMPS,0,13,8.397508348470257,0,0,12,✅ SAFE,Normal pattern
TXN246832,2026-09-07 04:03:00,79724425656,Sneha Singh,ACC731528,Arjun Mishra,65498,DEBIT,Jaipur,PNB,IMPS,1,4,11.089790154331226,1,1,75,🚨 CRITICAL,High amount | Late-night | High-value + late-night
TXN213945,2026-09-08 14:46:00,ATM3683,Cash Deposit,89806732081,Pooja Agarwal,24542,CREDIT,Chennai,Kotak,IMPS,0,14,10.108181960181808,0,0,28,✅ SAFE,Normal pattern
TXN271555,2026-09-02 16:38:00,67789516347,Rahul Singh,ACC224531,Amit Malhotra,8851,DEBIT,Delhi,Axis,ATM,0,16,9.08839870117094,0,0,10,✅ SAFE,Normal pattern
TXN335365,2026-09-07 08:25:00,10954761743,Rahul Mishra,ACC707029,Rohit Reddy,14378,DEBIT,Hyderabad,ICICI,UPI,0,8,9.57352408782774,0,0,12,✅ SAFE,Normal pattern
TXN991125,2026-09-01 18:19:00,ATM1594,Cash Deposit,21724016482,Divya Patel,1094,CREDIT,Delhi,PNB,IMPS,0,18,6.9985096422506015,0,0,46,⚠️ SUSPICIOUS,Normal pattern
TXN204489,2026-09-02 07:47:00,ATM4545,Cash Deposit,62330766032,Meera Agarwal,13688,CREDIT,Jaipur,SBI,IMPS,0,7,9.524347869595513,0,0,15,✅ SAFE,Normal pattern
TXN135767,2026-09-03 09:43:00,ATM5186,Cash Deposit,88947653928,Manish Patel,956,CREDIT,Delhi,Kotak,NEFT,0,9,6.863803391452954,0,0,52,⚠️ SUSPICIOUS,Normal pattern
TXN971590,2026-09-13 09:00:00,12904529504,Deepak Kumar,ACC605059,Sunita Verma,5637,DEBIT,Chennai,HDFC,IMPS,0,9,8.637284671674058,0,0,6,✅ SAFE,Normal pattern
TXN272111,2026-09-10 13:38:00,14947141822,Amit Patel,ACC948870,Neha Chopra,11566,DEBIT,Delhi,PNB,ATM,0,13,9.355911495295402,0,0,3,✅ SAFE,Normal pattern
TXN452648,2026-09-02 15:13:00,25046528783,Amit Verma,ACC279896,Rohit Sharma,13736,DEBIT,Bangalore,HDFC,ATM,0,15,9.527848201325206,0,0,3,✅ SAFE,Normal pattern
TXN266312,2026-09-09 11:43:00,80303994054,Deepak Singh,ACC837616,Neha Kumar,8950,DEBIT,Jaipur,HDFC,ATM,0,11,9.099520536870939,0,0,4,✅ SAFE,Normal pattern
TXN517636,2026-09-08 12:23:00,ATM1293,Cash Deposit,37876608445,Kavita Verma,15520,CREDIT,Bhopal,PNB,ATM,0,12,9.649949224651184,0,0,10,✅ SAFE,Normal pattern
TXN910741,2026-09-08 13:45:00,ATM8704,Cash Deposit,97930489515,Anjali Reddy,24973,CREDIT,Ahmedabad,BOB,NEFT,0,13,10.125590562675091,0,0,29,✅ SAFE,Normal pattern
TXN833405,2026-09-12 20:13:00,ATM3824,Cash Deposit,14947141822,Amit Patel,18855,CREDIT,Delhi,PNB,NEFT,0,20,9.844586444615967,0,0,20,✅ SAFE,Normal pattern
TXN387585,2026-09-10 06:08:00,62295994188,Priya Kumar,ACC248461,Anjali Kumar,6762,DEBIT,Indore,Yes Bank,ATM,0,6,8.81922185757494,0,0,31,✅ SAFE,Normal pattern
TXN628912,2026-09-05 16:02:00,78907985673,Neha Kumar,ACC906016,Amit Jain,10650,DEBIT,Mumbai,Kotak,NEFT,0,16,9.273409063443166,0,0,8,✅ SAFE,Normal pattern
TXN652082,2026-09-03 21:27:00,ATM1005,Cash Deposit,29257767423,Divya Singh,7242,CREDIT,Bhopal,Yes Bank,IMPS,0,21,8.887790764195326,0,0,16,✅ SAFE,Normal pattern
TXN889783,2026-09-12 07:35:00,33806719594,Pooja Mishra,ACC149417,Sneha Mishra,4567,DEBIT,Pune,Yes Bank,UPI,0,7,8.426830751335846,0,0,22,✅ SAFE,Normal pattern
TXN214642,2026-09-11 20:39:00,ATM1733,Cash Deposit,29257767423,Divya Singh,21878,CREDIT,Bhopal,Yes Bank,NEFT,0,20,9.993282551652342,0,0,28,✅ SAFE,Normal pattern
TXN813517,2026-09-13 13:14:00,ATM7058,Cash Deposit,27440891126,Rajesh Kumar,21048,CREDIT,Indore,Kotak,ATM,0,13,9.954608332043842,0,0,16,✅ SAFE,Normal pattern
TXN776608,2026-09-11 08:56:00,47353171337,Meera Singh,ACC890060,Rohit Gupta,14672,DEBIT,Jaipur,BOB,IMPS,0,8,9.593764349207467,0,0,12,✅ SAFE,Normal pattern
TXN291577,2026-09-06 16:00:00,48417346628,Amit Mishra,ACC906936,Karan Sharma,4347,DEBIT,Ahmedabad,SBI,NEFT,0,16,8.3774712482411,0,0,17,✅ SAFE,Normal pattern
TXN191298,2026-09-11 14:30:00,ATM9947,Cash Deposit,25949442983,Ritu Verma,11462,CREDIT,Indore,SBI,UPI,0,14,9.34687973611501,0,0,3,✅ SAFE,Normal pattern
TXN158343,2026-09-05 22:34:00,72495807646,Deepak Mishra,ACC866946,Arjun Jain,2467,DEBIT,Mumbai,HDFC,UPI,0,22,7.811163385025279,0,0,44,✅ SAFE,Normal pattern
TXN661907,2026-09-09 17:20:00,56014698390,Priya Sharma,ACC213397,Meera Patel,10228,DEBIT,Hyderabad,Yes Bank,IMPS,0,17,9.232982102457008,0,0,8,✅ SAFE,Normal pattern
TXN159844,2026-09-07 10:37:00,85477217606,Amit Sharma,ACC210733,Deepak Agarwal,1362,DEBIT,Pune,Yes Bank,ATM,0,10,7.217443431696533,0,0,38,✅ SAFE,Normal pattern
TXN947763,2026-09-04 18:31:00,92692462426,Rajesh Malhotra,ACC714383,Rohit Kumar,8678,DEBIT,Hyderabad,ICICI,ATM,0,18,9.068661593644245,0,0,11,✅ SAFE,Normal pattern
TXN129143,2026-09-04 18:35:00,16266114041,Priya Kumar,ACC992485,Ritu Mishra,2376,DEBIT,Hyderabad,HDFC,UPI,0,18,7.773594467360194,0,0,25,✅ SAFE,Normal pattern
TXN145459,2026-09-10 14:19:00,16266114041,Priya Kumar,ACC614926,Priya Mishra,2745,DEBIT,Hyderabad,HDFC,IMPS,0,14,7.917900586327916,0,0,23,✅ SAFE,Normal pattern
TXN822730,2026-09-13 11:56:00,ATM9819,Cash Deposit,64812761163,Ritu Jain,14756,CREDIT,Bhopal,PNB,ATM,0,11,9.59947282546345,0,0,4,✅ SAFE,Normal pattern
TXN542506,2026-09-02 18:06:00,ATM3202,Cash Deposit,89273122515,Divya Malhotra,21287,CREDIT,Pune,Kotak,NEFT,0,18,9.965898812657525,0,0,31,✅ SAFE,Normal pattern
TXN246144,2026-09-01 02:00:00,19051614020,Sunita Verma,ACC790490,Rahul Reddy,42060,DEBIT,Delhi,Kotak,UPI,1,2,10.646876224532782,1,1,70,🚨 CRITICAL,High amount | Late-night | High-value + late-night
TXN960492,2026-09-05 13:27:00,ATM9733,Cash Deposit,78786959606,Sunita Gupta,9797,CREDIT,Mumbai,HDFC,UPI,0,13,9.18993356219852,0,0,2,✅ SAFE,Normal pattern
TXN572074,2026-09-11 07:06:00,53524230603,Arjun Singh,ACC545840,Suresh Kumar,1704,DEBIT,Indore,SBI,NEFT,0,7,7.4413203897176174,0,0,44,✅ SAFE,Normal pattern
TXN442921,2026-09-01 06:00:00,56014698390,Priya Sharma,ACC442382,Neha Yadav,3075,DEBIT,Hyderabad,Yes Bank,UPI,0,6,8.031385330625534,0,0,39,✅ SAFE,Normal pattern
TXN460360,2026-09-05 07:37:00,35295201261,Kavita Chopra,ACC823975,Ritu Reddy,5245,DEBIT,Indore,PNB,ATM,0,7,8.56522116042682,0,0,21,✅ SAFE,Normal pattern
TXN258490,2026-09-09 14:36:00,51082808163,Amit Mishra,ACC284296,Neha Malhotra,3650,DEBIT,Indore,Kotak,ATM,0,14,8.202756381655638,0,0,18,✅ SAFE,Normal pattern
TXN246072,2026-09-02 14:29:00,ATM1402,Cash Deposit,37876608445,Kavita Verma,11314,CREDIT,Bhopal,PNB,IMPS,0,14,9.333884558067638,0,0,3,✅ SAFE,Normal pattern
TXN158239,2026-09-05 06:09:00,ATM8135,Cash Deposit,27513732321,Divya Mishra,14669,CREDIT,Ahmedabad,Kotak,NEFT,0,6,9.593559871137028,0,0,27,✅ SAFE,Normal pattern
TXN679989,2026-09-02 15:32:00,ATM8912,Cash Deposit,61103002938,Vikram Gupta,15538,CREDIT,Indore,Yes Bank,UPI,0,15,9.651108271786734,0,0,9,✅ SAFE,Normal pattern
TXN226289,2026-09-03 17:44:00,92283572728,Kavita Chopra,ACC248324,Sneha Singh,1082,DEBIT,Ahmedabad,ICICI,UPI,0,17,6.9874902470009905,0,0,46,⚠️ SUSPICIOUS,Normal pattern
TXN357257,2026-09-11 18:36:00,ATM4890,Cash Deposit,16266114041,Priya Kumar,17459,CREDIT,Hyderabad,HDFC,ATM,0,18,9.767667829393593,0,0,19,✅ SAFE,Normal pattern
TXN337524,2026-09-01 14:03:00,42847446185,Sneha Gupta,ACC732128,Anjali Mishra,14521,DEBIT,Ahmedabad,HDFC,UPI,0,14,9.583420019940192,0,0,6,✅ SAFE,Normal pattern
TXN941485,2026-09-07 17:36:00,61648595985,Kavita Yadav,ACC454788,Neha Jain,11810,DEBIT,Pune,PNB,ATM,0,17,9.376786579611847,0,0,7,✅ SAFE,Normal pattern
TXN251711,2026-09-06 21:52:00,ATM8100,Cash Deposit,18163563523,Pooja Chopra,2239,CREDIT,Delhi,SBI,ATM,0,21,7.7142311448490855,0,0,36,✅ SAFE,Normal pattern
TXN652201,2026-09-09 14:52:00,61103002938,Vikram Gupta,ACC620496,Meera Verma,11575,DEBIT,Indore,Yes Bank,NEFT,0,14,9.35668926831132,0,0,3,✅ SAFE,Normal pattern
TXN993535,2026-09-08 07:58:00,ATM1899,Cash Deposit,97930489515,Anjali Reddy,2066,CREDIT,Ahmedabad,BOB,ATM,0,7,7.633853559681768,0,0,39,✅ SAFE,Normal pattern
TXN122517,2026-09-10 09:44:00,ATM8852,Cash Deposit,12904529504,Deepak Kumar,14917,CREDIT,Chennai,HDFC,IMPS,0,9,9.610323816515109,0,0,7,✅ SAFE,Normal pattern
TXN824853,2026-09-05 20:11:00,ATM3030,Cash Deposit,21724016482,Divya Patel,10710,CREDIT,Delhi,PNB,ATM,0,20,9.27902652976463,0,0,6,✅ SAFE,Normal pattern
TXN863034,2026-09-12 15:11:00,63239552412,Kavita Singh,ACC727012,Arjun Chopra,8366,DEBIT,Bangalore,PNB,ATM,0,15,9.032050676295599,0,0,4,✅ SAFE,Normal pattern
TXN201535,2026-09-07 13:56:00,ATM1284,Cash Deposit,16079375387,Meera Chopra,21016,CREDIT,Mumbai,BOB,UPI,0,13,9.953086913027413,0,0,15,✅ SAFE,Normal pattern
TXN136713,2026-09-11 19:06:00,17657106190,Pooja Chopra,ACC262397,Rajesh Yadav,12154,DEBIT,Chennai,BOB,UPI,0,19,9.405495886750224,0,0,7,✅ SAFE,Normal pattern
TXN943032,2026-09-08 04:53:00,21996807497,Pooja Mishra,ACC713487,Neha Gupta,67153,DEBIT,Delhi,ICICI,IMPS,1,4,11.114743768308323,1,1,75,🚨 CRITICAL,High amount | Late-night | High-value + late-night
TXN487519,2026-09-05 11:57:00,ATM2612,Cash Deposit,33806719594,Pooja Mishra,12285,CREDIT,Pune,Yes Bank,ATM,0,11,9.416215681723873,0,0,1,✅ SAFE,Normal pattern
TXN153445,2026-09-02 06:40:00,ATM8869,Cash Deposit,72495807646,Deepak Mishra,24124,CREDIT,Mumbai,HDFC,UPI,0,6,10.091003926207186,0,0,44,✅ SAFE,Normal pattern
TXN604522,2026-09-02 21:05:00,ATM2252,Cash Deposit,74738100507,Neha Chopra,4446,CREDIT,Hyderabad,Kotak,NEFT,0,21,8.399984990510696,0,0,23,✅ SAFE,Normal pattern
TXN148246,2026-09-04 22:08:00,14947141822,Amit Patel,ACC125233,Anjali Singh,1988,DEBIT,Delhi,PNB,NEFT,0,22,7.5953872788539725,0,0,49,⚠️ SUSPICIOUS,Normal pattern
TXN917593,2026-09-05 09:52:00,ATM4900,Cash Deposit,80051400936,Rohit Sharma,1240,CREDIT,Chennai,HDFC,NEFT,0,9,7.123672785204607,0,0,44,✅ SAFE,Normal pattern
TXN845904,2026-09-12 17:46:00,54834963718,Priya Mishra,ACC600006,Rajesh Chopra,12184,DEBIT,Bangalore,Yes Bank,NEFT,0,17,9.407960966059306,0,0,7,✅ SAFE,Normal pattern
TXN375692,2026-09-09 15:46:00,ATM3613,Cash Deposit,92283572728,Kavita Chopra,1205,CREDIT,Ahmedabad,ICICI,NEFT,0,15,7.095064377287131,0,0,38,✅ SAFE,Normal pattern
TXN235856,2026-09-13 01:52:00,15257343773,Rohit Jain,ACC805707,Pooja Jain,56616,DEBIT,Jaipur,HDFC,IMPS,1,1,10.944064572451126,1,1,79,🚨 CRITICAL,High amount | Late-night | High-value + late-night
TXN113470,2026-09-01 10:21:00,27440891126,Rajesh Kumar,ACC730855,Ritu Yadav,9171,DEBIT,Indore,Kotak,NEFT,0,10,9.123910643977796,0,0,4,✅ SAFE,Normal pattern
TXN781366,2026-09-08 22:04:00,ATM8804,Cash Deposit,28722783625,Divya Jain,3149,CREDIT,Indore,BOB,IMPS,0,22,8.055157731819678,0,0,40,✅ SAFE,Normal pattern
TXN608765,2026-09-03 13:28:00,ATM9851,Cash Deposit,38696334298,Rajesh Gupta,7213,CREDIT,Hyderabad,ICICI,NEFT,0,13,8.883778861463485,0,0,5,✅ SAFE,Normal pattern
TXN969334,2026-09-06 16:50:00,27513732321,Divya Mishra,ACC854115,Neha Yadav,10942,DEBIT,Ahmedabad,Kotak,ATM,0,16,9.300455261418444,0,0,7,✅ SAFE,Normal pattern
TXN256729,2026-09-09 12:57:00,ATM2131,Cash Deposit,77546893355,Sunita Singh,24346,CREDIT,Bangalore,Kotak,UPI,0,12,10.100163917635166,0,0,28,✅ SAFE,Normal pattern
TXN950929,2026-09-13 15:55:00,ATM1874,Cash Deposit,72495807646,Deepak Mishra,19121,CREDIT,Mumbai,HDFC,NEFT,0,15,9.858594783645392,0,0,15,✅ SAFE,Normal pattern
TXN610374,2026-09-09 09:45:00,ATM1533,Cash Deposit,38696334298,Rajesh Gupta,22018,CREDIT,Hyderabad,ICICI,ATM,0,9,9.999660995984785,0,0,24,✅ SAFE,Normal pattern
TXN302983,2026-09-06 18:32:00,ATM6230,Cash Deposit,61271874238,Kavita Reddy,21185,CREDIT,Mumbai,Axis,IMPS,0,18,9.961095865156441,0,0,30,✅ SAFE,Normal pattern
TXN129575,2026-09-07 15:37:00,ATM4672,Cash Deposit,89273122515,Divya Malhotra,3075,CREDIT,Pune,Kotak,UPI,0,15,8.031385330625534,0,0,20,✅ SAFE,Normal pattern
TXN241035,2026-09-12 19:48:00,86884726222,Sneha Jain,ACC350305,Pooja Gupta,13068,DEBIT,Bhopal,Kotak,IMPS,0,19,9.477998292597036,0,0,9,✅ SAFE,Normal pattern
TXN378526,2026-09-11 12:28:00,ATM6528,Cash Deposit,56014698390,Priya Sharma,22608,CREDIT,Hyderabad,Yes Bank,IMPS,0,12,10.026103336076316,0,0,23,✅ SAFE,Normal pattern
TXN580007,2026-09-02 07:41:00,ATM4250,Cash Deposit,73165735166,Priya Malhotra,18595,CREDIT,Pune,Kotak,IMPS,0,7,9.830701782810475,0,0,21,✅ SAFE,Normal pattern
TXN799739,2026-09-08 11:15:00,ATM3907,Cash Deposit,28572739832,Priya Singh,17429,CREDIT,Indore,BOB,ATM,0,11,9.765948138514066,0,0,8,✅ SAFE,Normal pattern
TXN765214,2026-09-01 10:12:00,53524230603,Arjun Singh,ACC689910,Meera Kumar,1645,DEBIT,Indore,SBI,IMPS,0,10,7.406103381237015,0,0,33,✅ SAFE,Normal pattern
TXN543123,2026-09-01 06:55:00,ATM1867,Cash Deposit,14947141822,Amit Patel,22333,CREDIT,Delhi,PNB,ATM,0,6,10.013865460005738,0,0,40,✅ SAFE,Normal pattern
TXN978894,2026-09-02 17:35:00,67789516347,Rahul Singh,ACC597072,Meera Malhotra,3683,DEBIT,Delhi,Axis,IMPS,0,17,8.211754397375197,0,0,23,✅ SAFE,Normal pattern
TXN424781,2026-09-03 11:23:00,ATM7077,Cash Deposit,12083619635,Suresh Jain,18502,CREDIT,Mumbai,Kotak,UPI,0,11,9.825688160081716,0,0,11,✅ SAFE,Normal pattern
TXN845707,2026-09-07 08:02:00,ATM4746,Cash Deposit,53524230603,Arjun Singh,20829,CREDIT,Indore,SBI,UPI,0,8,9.944149534255018,0,0,26,✅ SAFE,Normal pattern
TXN794083,2026-09-05 10:30:00,65712049807,Meera Yadav,ACC872230,Rahul Mishra,7201,DEBIT,Mumbai,Yes Bank,ATM,0,10,8.882114044208821,0,0,6,✅ SAFE,Normal pattern
TXN309582,2026-09-11 12:59:00,ATM6361,Cash Deposit,12904529504,Deepak Kumar,13712,CREDIT,Chennai,HDFC,UPI,0,12,9.526099566999854,0,0,5,✅ SAFE,Normal pattern
TXN436799,2026-09-02 12:45:00,46217358382,Vikram Yadav,ACC119779,Suresh Patel,6742,DEBIT,Pune,PNB,UPI,0,12,8.816260208734581,0,0,10,✅ SAFE,Normal pattern
TXN344928,2026-09-12 21:52:00,ATM1272,Cash Deposit,65712049807,Meera Yadav,6026,CREDIT,Mumbai,Yes Bank,ATM,0,21,8.704004653483045,0,0,19,✅ SAFE,Normal pattern
TXN907995,2026-09-11 20:30:00,ATM2708,Cash Deposit,29257767423,Divya Singh,21120,CREDIT,Bhopal,Yes Bank,ATM,0,20,9.958023085184141,0,0,27,✅ SAFE,Normal pattern
TXN643388,2026-09-11 04:24:00,92692462426,Rajesh Malhotra,ACC981225,Priya Singh,91197,DEBIT,Jaipur,ICICI,IMPS,1,4,11.420788245997398,1,1,96,🚨 CRITICAL,High amount | Late-night | High-value + late-night
TXN389739,2026-09-05 21:12:00,25949442983,Ritu Verma,ACC526616,Ritu Verma,3268,DEBIT,Indore,SBI,IMPS,0,21,8.092239406724211,0,0,28,✅ SAFE,Normal pattern
TXN435750,2026-09-05 18:42:00,ATM8158,Cash Deposit,39714949352,Karan Verma,13186,CREDIT,Jaipur,PNB,ATM,0,18,9.486986774807699,0,0,9,✅ SAFE,Normal pattern
TXN856225,2026-09-04 13:08:00,21152597151,Amit Agarwal,ACC135273,Neha Agarwal,6520,DEBIT,Pune,Kotak,ATM,0,13,8.782783017393202,0,0,9,✅ SAFE,Normal pattern
TXN595356,2026-09-03 21:47:00,21152597151,Amit Agarwal,ACC174301,Vikram Malhotra,2848,DEBIT,Pune,Kotak,UPI,0,21,7.954723334497908,0,0,29,✅ SAFE,Normal pattern
TXN361695,2026-09-06 13:26:00,28811835994,Rohit Patel,ACC438089,Sunita Gupta,9035,DEBIT,Delhi,HDFC,ATM,0,13,9.108971877587894,0,0,3,✅ SAFE,Normal pattern
TXN584482,2026-09-06 15:50:00,ATM6442,Cash Deposit,51082808163,Amit Mishra,2863,CREDIT,Indore,Kotak,NEFT,0,15,7.9599745280805365,0,0,21,✅ SAFE,Normal pattern
TXN185725,2026-09-06 04:10:00,37876608445,Kavita Verma,ACC840863,Meera Gupta,40368,DEBIT,Bhopal,PNB,UPI,1,4,10.605817442670727,1,1,77,🚨 CRITICAL,High amount | Late-night | High-value + late-night
TXN873773,2026-09-04 10:49:00,ATM2699,Cash Deposit,16079375387,Meera Chopra,24272,CREDIT,Mumbai,BOB,NEFT,0,10,10.097119900475949,0,0,27,✅ SAFE,Normal pattern
TXN698916,2026-09-06 19:24:00,19051614020,Sunita Verma,ACC454720,Karan Jain,1454,DEBIT,Indore,Kotak,IMPS,0,19,7.282761179605593,0,0,40,✅ SAFE,Normal pattern
TXN346077,2026-09-13 18:25:00,42803635759,Sneha Mishra,ACC695598,Deepak Patel,13005,DEBIT,Bhopal,SBI,UPI,0,18,9.473166068429098,0,0,9,✅ SAFE,Normal pattern
TXN332087,2026-09-05 22:22:00,17657106190,Pooja Chopra,ACC707058,Pooja Jain,387,DEBIT,Chennai,BOB,IMPS,0,22,5.961005339623274,0,0,85,🚨 CRITICAL,Normal pattern
TXN177955,2026-09-02 17:15:00,85225093763,Suresh Reddy,ACC408489,Karan Sharma,9888,DEBIT,Ahmedabad,PNB,UPI,0,17,9.19917830726999,0,0,9,✅ SAFE,Normal pattern
TXN642687,2026-09-09 14:23:00,53524230603,Arjun Singh,ACC239779,Suresh Reddy,7013,DEBIT,Indore,SBI,IMPS,0,14,8.855663430700124,0,0,5,✅ SAFE,Normal pattern
TXN596690,2026-09-06 10:52:00,ATM9667,Cash Deposit,73165735166,Priya Malhotra,10881,CREDIT,Pune,Kotak,ATM,0,10,9.294865327045871,0,0,1,✅ SAFE,Normal pattern
TXN835470,2026-09-10 01:23:00,14358083466,Deepak Chopra,ACC826426,Deepak Reddy,81537,DEBIT,Jaipur,ICICI,IMPS,1,1,11.308824448233334,1,1,93,🚨 CRITICAL,High amount | Late-night | High-value + late-night
TXN885047,2026-09-05 16:05:00,61881044912,Meera Mishra,ACC766610,Ritu Patel,2112,DEBIT,Mumbai,HDFC,ATM,0,16,7.655864017616056,0,0,25,✅ SAFE,Normal pattern
TXN736817,2026-09-03 11:03:00,17657106190,Pooja Chopra,ACC576161,Neha Mishra,8913,DEBIT,Chennai,BOB,NEFT,0,11,9.0953783535065,0,0,4,✅ SAFE,Normal pattern
TXN237937,2026-09-03 09:55:00,ATM3196,Cash Deposit,44704140239,Suresh Singh,19931,CREDIT,Indore,Kotak,NEFT,0,9,9.900081759401296,0,0,19,✅ SAFE,Normal pattern
TXN753071,2026-09-01 22:21:00,42847446185,Sneha Gupta,ACC913760,Neha Agarwal,14719,DEBIT,Ahmedabad,HDFC,NEFT,0,22,9.596962392282867,0,0,32,✅ SAFE,Normal pattern
TXN131247,2026-09-08 08:51:00,ATM2883,Cash Deposit,53524230603,Arjun Singh,12625,CREDIT,Indore,SBI,NEFT,0,8,9.44351345892757,0,0,12,✅ SAFE,Normal pattern
TXN996146,2026-09-10 19:18:00,42847446185,Sneha Gupta,ACC664282,Suresh Yadav,5271,DEBIT,Ahmedabad,HDFC,ATM,0,19,8.570165076182343,0,0,16,✅ SAFE,Normal pattern
TXN176502,2026-09-08 22:29:00,37876608445,Kavita Verma,ACC315129,Rohit Patel,5399,DEBIT,Bhopal,PNB,ATM,0,22,8.594154232552366,0,0,38,✅ SAFE,Normal pattern
TXN246905,2026-09-08 10:58:00,79119838474,Ritu Kumar,ACC873165,Karan Sharma,491,DEBIT,Pune,BOB,ATM,0,10,6.198478716492308,0,0,70,🚨 CRITICAL,Normal pattern
TXN993412,2026-09-11 12:18:00,85225093763,Suresh Reddy,ACC706288,Suresh Malhotra,2157,DEBIT,Ahmedabad,PNB,UPI,0,12,7.67693714581808,0,0,25,✅ SAFE,Normal pattern
TXN878822,2026-09-01 16:43:00,12904529504,Deepak Kumar,ACC623273,Suresh Singh,13035,DEBIT,Chennai,HDFC,ATM,0,16,9.475470039957452,0,0,7,✅ SAFE,Normal pattern
TXN744329,2026-09-08 06:04:00,65712049807,Meera Yadav,ACC940997,Sunita Sharma,8689,DEBIT,Mumbai,Yes Bank,ATM,0,6,9.069928218259438,0,0,24,✅ SAFE,Normal pattern
TXN451828,2026-09-01 09:35:00,ATM5480,Cash Deposit,29260902250,Rohit Verma,3498,CREDIT,Indore,Kotak,IMPS,0,9,8.160232492367689,0,0,21,✅ SAFE,Normal pattern
TXN168418,2026-09-04 10:16:00,ATM8537,Cash Deposit,60223152223,Pooja Sharma,10037,CREDIT,Delhi,BOB,IMPS,0,10,9.214133170214879,0,0,4,✅ SAFE,Normal pattern
TXN357486,2026-09-12 16:46:00,ATM4692,Cash Deposit,61648595985,Kavita Yadav,23795,CREDIT,Pune,PNB,IMPS,0,16,10.077272778307796,0,0,28,✅ SAFE,Normal pattern
TXN901672,2026-09-07 17:57:00,16079375387,Meera Chopra,ACC911957,Anjali Gupta,9340,DEBIT,Mumbai,BOB,UPI,0,17,9.14216859187285,0,0,10,✅ SAFE,Normal pattern
TXN948686,2026-09-02 11:54:00,60223152223,Pooja Sharma,ACC696678,Amit Mishra,1718,DEBIT,Delhi,BOB,UPI,0,11,7.449498005382849,0,0,28,✅ SAFE,Normal pattern
TXN317890,2026-09-06 22:35:00,42803635759,Sneha Mishra,ACC889602,Kavita Agarwal,4161,DEBIT,Bhopal,SBI,ATM,0,22,8.33375100695358,0,0,41,✅ SAFE,Normal pattern
TXN510126,2026-09-07 18:09:00,59838307340,Rohit Malhotra,ACC508995,Anjali Verma,13124,DEBIT,Delhi,ICICI,NEFT,0,18,9.482274087459825,0,0,9,✅ SAFE,Normal pattern
TXN910801,2026-09-12 17:58:00,78907985673,Neha Kumar,ACC860398,Pooja Agarwal,349,DEBIT,Mumbai,Kotak,ATM,0,17,5.857933154483459,0,0,73,🚨 CRITICAL,Normal pattern
TXN741616,2026-09-01 22:18:00,ATM8641,Cash Deposit,47353171337,Meera Singh,21320,CREDIT,Jaipur,BOB,ATM,0,22,9.967447781495006,0,0,43,✅ SAFE,Normal pattern
TXN530347,2026-09-13 12:23:00,ATM5012,Cash Deposit,78243523866,Sunita Yadav,16967,CREDIT,Bangalore,PNB,ATM,0,12,9.739084496244518,0,0,12,✅ SAFE,Normal pattern
TXN976324,2026-09-07 06:33:00,74738100507,Neha Chopra,ACC240314,Amit Kumar,4325,DEBIT,Hyderabad,Kotak,UPI,0,6,8.372398606513004,0,0,36,✅ SAFE,Normal pattern
TXN312652,2026-09-04 02:08:00,38249320022,Divya Mishra,ACC580145,Neha Patel,52321,DEBIT,Indore,Kotak,IMPS,1,2,10.865172211700168,1,1,64,⚠️ SUSPICIOUS,High amount | Late-night | High-value + late-night
TXN918238,2026-09-13 01:50:00,ACC811628,Ritu Jain,15257343773,Rohit Jain,55893,CREDIT,Jaipur,HDFC,IMPS,1,1,10.931212318856488,1,1,78,🚨 CRITICAL,High amount | Late-night | High-value + late-night
TXN511182,2026-09-10 16:23:00,ATM3700,Cash Deposit,93001408673,Rahul Gupta,16603,CREDIT,Pune,BOB,IMPS,0,16,9.71739890917293,0,0,14,✅ SAFE,Normal pattern
TXN246527,2026-09-11 15:54:00,ATM4772,Cash Deposit,89273122515,Divya Malhotra,5415,CREDIT,Pune,Kotak,ATM,0,15,8.59711281459211,0,0,10,✅ SAFE,Normal pattern
TXN702040,2026-09-11 13:41:00,63323345311,Neha Singh,ACC711428,Amit Chopra,9829,DEBIT,Mumbai,BOB,IMPS,0,13,9.193194213141211,0,0,2,✅ SAFE,Normal pattern
TXN807275,2026-09-04 08:38:00,ATM1211,Cash Deposit,83550185220,Rohit Jain,10366,CREDIT,Jaipur,BOB,ATM,0,8,9.246382963323112,0,0,10,✅ SAFE,Normal pattern
TXN273357,2026-09-08 09:08:00,56410977202,Kavita Agarwal,ACC201453,Rahul Malhotra,5833,DEBIT,Indore,SBI,NEFT,0,9,8.671458150427666,0,0,6,✅ SAFE,Normal pattern
TXN743847,2026-09-12 19:29:00,ATM1819,Cash Deposit,31778562499,Vikram Yadav,12390,CREDIT,Indore,ICICI,IMPS,0,19,9.424725681616493,0,0,7,✅ SAFE,Normal pattern
TXN159753,2026-09-07 16:26:00,ATM5797,Cash Deposit,60223152223,Pooja Sharma,18230,CREDIT,Delhi,BOB,IMPS,0,16,9.810878720803466,0,0,15,✅ SAFE,Normal pattern
TXN666507,2026-09-09 16:25:00,ATM7652,Cash Deposit,17487414647,Sunita Kumar,3168,CREDIT,Bangalore,BOB,IMPS,0,16,8.06117135969092,0,0,22,✅ SAFE,Normal pattern
TXN511706,2026-09-08 02:05:00,93001408673,Rahul Gupta,ACC950214,Arjun Malhotra,47221,DEBIT,Jaipur,BOB,UPI,1,2,10.762615164676909,1,1,55,⚠️ SUSPICIOUS,High amount | Late-night | High-value + late-night
TXN681083,2026-09-11 09:08:00,ATM8586,Cash Deposit,60223152223,Pooja Sharma,4351,CREDIT,Delhi,BOB,UPI,0,9,8.378390788535778,0,0,12,✅ SAFE,Normal pattern
TXN410411,2026-09-13 22:00:00,ATM2625,Cash Deposit,65712049807,Meera Yadav,22638,CREDIT,Mumbai,Yes Bank,ATM,0,22,10.027429361730306,0,0,47,⚠️ SUSPICIOUS,Normal pattern
TXN668046,2026-09-06 21:57:00,ATM8129,Cash Deposit,72401764333,Manish Reddy,12573,CREDIT,Hyderabad,ICICI,IMPS,0,21,9.439386468943006,0,0,16,✅ SAFE,Normal pattern
TXN564498,2026-09-12 07:49:00,97930489515,Anjali Reddy,ACC436675,Pooja Verma,7578,DEBIT,Ahmedabad,BOB,IMPS,0,7,8.93313654381203,0,0,17,✅ SAFE,Normal pattern
TXN149436,2026-09-05 11:59:00,ATM4673,Cash Deposit,25046528783,Amit Verma,1422,CREDIT,Bangalore,HDFC,IMPS,0,11,7.260522598089852,0,0,34,✅ SAFE,Normal pattern
TXN492383,2026-09-08 13:30:00,79119838474,Ritu Kumar,ACC900716,Karan Gupta,1165,DEBIT,Pune,BOB,ATM,0,13,7.061334366910438,0,0,38,✅ SAFE,Normal pattern
TXN351191,2026-09-03 14:06:00,15257343773,Rohit Jain,ACC815319,Neha Reddy,12042,DEBIT,Hyderabad,HDFC,NEFT,0,14,9.39623885726048,0,0,1,✅ SAFE,Normal pattern
TXN223951,2026-09-01 10:51:00,ATM8412,Cash Deposit,78243523866,Sunita Yadav,13900,CREDIT,Bangalore,PNB,NEFT,0,10,9.539716058977092,0,0,2,✅ SAFE,Normal pattern
TXN520623,2026-09-08 07:14:00,ATM8079,Cash Deposit,57171365272,Rohit Mishra,2474,CREDIT,Ahmedabad,PNB,NEFT,0,7,7.813995675002791,0,0,33,✅ SAFE,Normal pattern
TXN225489,2026-09-08 11:54:00,ATM1695,Cash Deposit,78786959606,Sunita Gupta,7384,CREDIT,Mumbai,HDFC,ATM,0,11,8.90720619496548,0,0,5,✅ SAFE,Normal pattern
TXN301164,2026-09-03 01:43:00,94010037709,Meera Reddy,ACC553698,Ritu Gupta,62742,DEBIT,Indore,ICICI,IMPS,1,1,11.046802296986584,1,1,82,🚨 CRITICAL,High amount | Late-night | High-value + late-night
TXN348710,2026-09-05 17:29:00,ATM1645,Cash Deposit,28572739832,Priya Singh,13792,CREDIT,Indore,BOB,NEFT,0,17,9.53191649607552,0,0,10,✅ SAFE,Normal pattern
TXN729396,2026-09-08 04:00:00,61881044912,Meera Mishra,ACC733855,Rohit Reddy,48914,DEBIT,Bhopal,HDFC,UPI,1,4,10.79783937689153,1,1,65,⚠️ SUSPICIOUS,High amount | Late-night | High-value + late-night
TXN138449,2026-09-04 12:09:00,ATM5699,Cash Deposit,86884726222,Sneha Jain,20442,CREDIT,Bhopal,Kotak,IMPS,0,12,9.925395804585008,0,0,15,✅ SAFE,Normal pattern
TXN202686,2026-09-10 20:25:00,ATM7817,Cash Deposit,13085810396,Suresh Gupta,22603,CREDIT,Indore,ICICI,IMPS,0,20,10.025882160749735,0,0,30,✅ SAFE,Normal pattern
TXN546216,2026-09-08 15:40:00,28572739832,Priya Singh,ACC758624,Divya Mishra,9748,DEBIT,Indore,BOB,IMPS,0,15,9.184919994629272,0,0,6,✅ SAFE,Normal pattern
TXN114948,2026-09-08 04:04:00,15993060213,Manish Verma,ACC838298,Sunita Yadav,46216,DEBIT,Delhi,BOB,UPI,1,4,10.741102974755142,1,1,66,⚠️ SUSPICIOUS,High amount | Late-night | High-value + late-night
TXN195350,2026-09-07 02:00:00,21152597151,Amit Agarwal,ACC334443,Suresh Kumar,47258,DEBIT,Bhopal,Kotak,UPI,1,2,10.763398390974078,1,1,55,⚠️ SUSPICIOUS,High amount | Late-night | High-value + late-night
TXN504522,2026-09-06 09:57:00,31778562499,Vikram Yadav,ACC474755,Divya Patel,8782,DEBIT,Indore,ICICI,UPI,0,9,9.080573313917117,0,0,4,✅ SAFE,Normal pattern
TXN750605,2026-09-12 11:15:00,71492139864,Manish Mishra,ACC619409,Arjun Patel,5530,DEBIT,Mumbai,HDFC,UPI,0,11,8.618123909994678,0,0,8,✅ SAFE,Normal pattern
TXN459393,2026-09-13 02:10:00,33519243485,Rahul Singh,ACC211257,Karan Sharma,42394,DEBIT,Indore,Kotak,UPI,1,2,10.654785709738103,1,1,68,⚠️ SUSPICIOUS,High amount | Late-night | High-value + late-night
TXN589420,2026-09-10 20:21:00,ATM4027,Cash Deposit,62295994188,Priya Kumar,9249,CREDIT,Indore,Yes Bank,IMPS,0,20,9.132378830506472,0,0,7,✅ SAFE,Normal pattern
TXN243089,2026-09-08 03:13:00,71492139864,Manish Mishra,ACC346317,Rohit Chopra,55525,DEBIT,Indore,HDFC,IMPS,1,3,10.9246066585059,1,1,72,🚨 CRITICAL,High amount | Late-night | High-value + late-night
TXN480616,2026-09-12 08:56:00,ATM2770,Cash Deposit,21996807497,Pooja Mishra,10845,CREDIT,Delhi,ICICI,IMPS,0,8,9.291551627401006,0,0,11,✅ SAFE,Normal pattern
TXN282719,2026-09-12 13:10:00,ATM2899,Cash Deposit,25046528783,Amit Verma,18975,CREDIT,Bangalore,HDFC,NEFT,0,13,9.850930301797453,0,0,12,✅ SAFE,Normal pattern
TXN890924,2026-09-03 21:18:00,28811835994,Rohit Patel,ACC656270,Sneha Verma,8505,DEBIT,Delhi,HDFC,NEFT,0,21,9.04852707581358,0,0,16,✅ SAFE,Normal pattern
TXN427452,2026-09-02 11:29:00,ATM6271,Cash Deposit,21724016482,Divya Patel,9835,CREDIT,Delhi,PNB,UPI,0,11,9.193804403336083,0,0,4,✅ SAFE,Normal pattern
TXN789726,2026-09-08 14:09:00,61881044912,Meera Mishra,ACC748670,Sneha Malhotra,3430,DEBIT,Mumbai,HDFC,IMPS,0,14,8.14060704285845,0,0,20,✅ SAFE,Normal pattern
TXN941524,2026-09-07 10:16:00,ATM5159,Cash Deposit,62016806938,Divya Kumar,13608,CREDIT,Indore,PNB,UPI,0,10,9.518486617560317,0,0,1,✅ SAFE,Normal pattern
TXN620255,2026-09-05 01:56:00,ACC459561,Rahul Patel,54834963718,Priya Mishra,51443,CREDIT,Bhopal,Yes Bank,IMPS,1,1,10.848249116385977,1,1,76,🚨 CRITICAL,High amount | Late-night | High-value + late-night
TXN455978,2026-09-08 06:19:00,ATM6609,Cash Deposit,65712049807,Meera Yadav,3396,CREDIT,Mumbai,Yes Bank,ATM,0,6,8.130647968160584,0,0,39,✅ SAFE,Normal pattern
TXN203450,2026-09-03 17:00:00,42847446185,Sneha Gupta,ACC508284,Meera Patel,826,DEBIT,Ahmedabad,HDFC,ATM,0,17,6.717804695023691,0,0,56,⚠️ SUSPICIOUS,Normal pattern
TXN369166,2026-09-05 14:33:00,ATM3876,Cash Deposit,31832239312,Rajesh Singh,4564,CREDIT,Bangalore,SBI,IMPS,0,14,8.426173793029069,0,0,11,✅ SAFE,Normal pattern
TXN292420,2026-09-11 12:52:00,94010037709,Meera Reddy,ACC133686,Rohit Gupta,6867,DEBIT,Indore,ICICI,UPI,0,12,8.834628222017367,0,0,9,✅ SAFE,Normal pattern
TXN642344,2026-09-02 16:53:00,ATM7256,Cash Deposit,94010037709,Meera Reddy,21589,CREDIT,Indore,ICICI,NEFT,0,16,9.979985523508853,0,0,24,✅ SAFE,Normal pattern
TXN329999,2026-09-05 11:01:00,ATM5605,Cash Deposit,81765026938,Neha Yadav,2591,CREDIT,Chennai,BOB,ATM,0,11,7.860185057472165,0,0,20,✅ SAFE,Normal pattern
TXN477905,2026-09-09 22:49:00,62295994188,Priya Kumar,ACC646389,Rohit Kumar,8090,DEBIT,Indore,Yes Bank,IMPS,0,22,8.99850761180784,0,0,29,✅ SAFE,Normal pattern
TXN394591,2026-09-08 11:58:00,94010037709,Meera Reddy,ACC702305,Pooja Verma,3689,DEBIT,Indore,ICICI,NEFT,0,11,8.213381737034572,0,0,17,✅ SAFE,Normal pattern
TXN687744,2026-09-04 14:10:00,28572739832,Priya Singh,ACC916212,Ritu Yadav,2579,DEBIT,Indore,BOB,ATM,0,14,7.855544677915663,0,0,23,✅ SAFE,Normal pattern
TXN309934,2026-09-04 08:20:00,21996807497,Pooja Mishra,ACC909252,Karan Mishra,9330,DEBIT,Delhi,ICICI,NEFT,0,8,9.141097469234023,0,0,11,✅ SAFE,Normal pattern
TXN747284,2026-09-13 21:54:00,54834963718,Priya Mishra,ACC365379,Sneha Jain,346,DEBIT,Bangalore,Yes Bank,ATM,0,21,5.849324779946859,0,0,82,🚨 CRITICAL,Normal pattern
TXN126314,2026-09-06 07:41:00,14952110579,Meera Gupta,ACC555488,Rajesh Gupta,1918,DEBIT,Bangalore,BOB,UPI,0,7,7.5595594960077,0,0,42,✅ SAFE,Normal pattern
TXN890543,2026-09-01 06:53:00,ATM6906,Cash Deposit,54834963718,Priya Mishra,12104,CREDIT,Bangalore,Yes Bank,NEFT,0,6,9.40137386937216,0,0,24,✅ SAFE,Normal pattern
TXN984362,2026-09-09 11:30:00,54834963718,Priya Mishra,ACC713930,Sneha Gupta,7005,DEBIT,Bangalore,Yes Bank,UPI,0,11,8.854522203757432,0,0,7,✅ SAFE,Normal pattern
TXN334387,2026-09-07 14:47:00,97930489515,Anjali Reddy,ACC387959,Sneha Verma,13356,DEBIT,Ahmedabad,BOB,NEFT,0,14,9.499795870977106,0,0,4,✅ SAFE,Normal pattern
TXN678872,2026-09-01 17:07:00,21996807497,Pooja Mishra,ACC724638,Vikram Malhotra,4855,DEBIT,Delhi,ICICI,ATM,0,17,8.487970332739334,0,0,18,✅ SAFE,Normal pattern
TXN795787,2026-09-05 22:26:00,17487414647,Sunita Kumar,ACC763334,Suresh Chopra,10766,DEBIT,Bangalore,BOB,NEFT,0,22,9.284241179815718,0,0,23,✅ SAFE,Normal pattern
TXN588337,2026-09-06 16:44:00,12083619635,Suresh Jain,ACC480984,Amit Jain,2818,DEBIT,Mumbai,Kotak,UPI,0,16,7.9441374911141125,0,0,21,✅ SAFE,Normal pattern
TXN431911,2026-09-13 13:06:00,ATM2980,Cash Deposit,23459607651,Deepak Gupta,1264,CREDIT,Jaipur,SBI,IMPS,0,13,7.142827401161621,0,0,37,✅ SAFE,Normal pattern
TXN523652,2026-09-11 10:32:00,42803635759,Sneha Mishra,ACC239356,Neha Sharma,4207,DEBIT,Bhopal,SBI,ATM,0,10,8.344742754417545,0,0,14,✅ SAFE,Normal pattern
TXN874862,2026-09-02 06:49:00,35295201261,Kavita Chopra,ACC362891,Kavita Sharma,3416,DEBIT,Indore,PNB,UPI,0,6,8.136518252115291,0,0,39,✅ SAFE,Normal pattern
TXN597102,2026-09-06 09:22:00,ATM4266,Cash Deposit,54834963718,Priya Mishra,10793,CREDIT,Bangalore,Yes Bank,NEFT,0,9,9.286745703178589,0,0,3,✅ SAFE,Normal pattern
TXN440575,2026-09-13 13:09:00,51082808163,Amit Mishra,ACC633299,Manish Gupta,13508,DEBIT,Indore,Kotak,NEFT,0,13,9.51111140896968,0,0,3,✅ SAFE,Normal pattern
TXN690444,2026-09-02 20:05:00,19051614020,Sunita Verma,ACC423631,Neha Gupta,2344,DEBIT,Indore,Kotak,UPI,0,20,7.76004068088038,0,0,26,✅ SAFE,Normal pattern
TXN256028,2026-09-11 12:34:00,ATM2006,Cash Deposit,39714949352,Karan Verma,14630,CREDIT,Jaipur,PNB,NEFT,0,12,9.590897844378162,0,0,7,✅ SAFE,Normal pattern
TXN814313,2026-09-12 22:11:00,65712049807,Meera Yadav,ACC919754,Divya Sharma,3093,DEBIT,Mumbai,Yes Bank,ATM,0,22,8.037220031133012,0,0,40,✅ SAFE,Normal pattern
TXN749080,2026-09-08 20:49:00,ATM5697,Cash Deposit,33806719594,Pooja Mishra,1604,CREDIT,Pune,Yes Bank,NEFT,0,20,7.380879035564116,0,0,36,✅ SAFE,Normal pattern
TXN843081,2026-09-08 07:16:00,ATM7264,Cash Deposit,25046528783,Amit Verma,14949,CREDIT,Bangalore,HDFC,NEFT,0,7,9.612466578818832,0,0,16,✅ SAFE,Normal pattern
TXN162881,2026-09-11 11:46:00,ATM4385,Cash Deposit,14947141822,Amit Patel,6322,CREDIT,Delhi,PNB,NEFT,0,11,8.751949058058614,0,0,7,✅ SAFE,Normal pattern
TXN927893,2026-09-04 16:16:00,25949442983,Ritu Verma,ACC860226,Rajesh Reddy,704,DEBIT,Indore,SBI,NEFT,0,16,6.558197802812269,0,0,54,⚠️ SUSPICIOUS,Normal pattern
TXN359860,2026-09-03 12:39:00,62330766032,Meera Agarwal,ACC338335,Neha Agarwal,12070,DEBIT,Jaipur,SBI,IMPS,0,12,9.398561160701128,0,0,2,✅ SAFE,Normal pattern
TXN982969,2026-09-08 09:59:00,74738100507,Neha Chopra,ACC847132,Deepak Chopra,12624,DEBIT,Hyderabad,Kotak,ATM,0,9,9.443434254143561,0,0,5,✅ SAFE,Normal pattern
TXN427851,2026-09-04 10:12:00,ATM7787,Cash Deposit,33806719594,Pooja Mishra,4687,CREDIT,Pune,Yes Bank,NEFT,0,10,8.452761331256848,0,0,11,✅ SAFE,Normal pattern
TXN947129,2026-09-04 22:31:00,ATM3381,Cash Deposit,57171365272,Rohit Mishra,14714,CREDIT,Ahmedabad,PNB,NEFT,0,22,9.596622660667574,0,0,32,✅ SAFE,Normal pattern
TXN224801,2026-09-13 08:43:00,ATM2528,Cash Deposit,46217358382,Vikram Yadav,3379,CREDIT,Pune,PNB,NEFT,0,8,8.125630988477065,0,0,29,✅ SAFE,Normal pattern
TXN737577,2026-09-03 20:01:00,ATM3519,Cash Deposit,51960581410,Pooja Patel,14735,CREDIT,Chennai,HDFC,IMPS,0,20,9.598048758495088,0,0,13,✅ SAFE,Normal pattern
TXN373834,2026-09-03 10:55:00,ATM5782,Cash Deposit,89806732081,Pooja Agarwal,6323,CREDIT,Chennai,Kotak,NEFT,0,10,8.752107198329362,0,0,6,✅ SAFE,Normal pattern
TXN994162,2026-09-01 06:40:00,24118041504,Meera Chopra,ACC727100,Neha Mishra,2139,DEBIT,Chennai,HDFC,NEFT,0,6,7.668561108015897,0,0,46,⚠️ SUSPICIOUS,Normal pattern
TXN361070,2026-09-04 09:27:00,63239552412,Kavita Singh,ACC285988,Vikram Verma,5502,DEBIT,Bangalore,PNB,UPI,0,9,8.613048677059759,0,0,7,✅ SAFE,Normal pattern
TXN390988,2026-09-07 09:25:00,ATM1092,Cash Deposit,80303994054,Deepak Singh,5329,CREDIT,Jaipur,HDFC,ATM,0,9,8.58110651715989,0,0,9,✅ SAFE,Normal pattern
TXN161057,2026-09-08 01:00:00,42847446185,Sneha Gupta,ACC469966,Anjali Verma,41793,DEBIT,Jaipur,HDFC,UPI,1,1,10.640508067540043,1,1,78,🚨 CRITICAL,High amount | Late-night | High-value + late-night
TXN510501,2026-09-06 20:28:00,ATM8413,Cash Deposit,25949442983,Ritu Verma,11068,CREDIT,Indore,SBI,UPI,0,20,9.311903687385623,0,0,6,✅ SAFE,Normal pattern
TXN877182,2026-09-11 21:04:00,78243523866,Sunita Yadav,ACC640501,Vikram Verma,1570,DEBIT,Bangalore,PNB,ATM,0,21,7.359467638255621,0,0,46,⚠️ SUSPICIOUS,Normal pattern
TXN469526,2026-09-06 16:26:00,85477217606,Amit Sharma,ACC274703,Divya Sharma,6852,DEBIT,Pune,Yes Bank,IMPS,0,16,8.832441791585824,0,0,16,✅ SAFE,Normal pattern
TXN268552,2026-09-07 06:43:00,ATM6174,Cash Deposit,38249320022,Divya Mishra,9049,CREDIT,Mumbai,Kotak,NEFT,0,6,9.110520036693972,0,0,25,✅ SAFE,Normal pattern
TXN269027,2026-09-08 21:56:00,ATM5650,Cash Deposit,21724016482,Divya Patel,21485,CREDIT,Delhi,PNB,ATM,0,21,9.975156839226488,0,0,34,✅ SAFE,Normal pattern
TXN151436,2026-09-12 11:54:00,78786959606,Sunita Gupta,ACC333232,Meera Patel,1522,DEBIT,Mumbai,HDFC,IMPS,0,11,7.328437352895162,0,0,32,✅ SAFE,Normal pattern
TXN220230,2026-09-02 22:05:00,ATM4876,Cash Deposit,54834963718,Priya Mishra,9082,CREDIT,Bangalore,Yes Bank,NEFT,0,22,9.114159813502214,0,0,26,✅ SAFE,Normal pattern
TXN225014,2026-09-02 07:16:00,ATM4468,Cash Deposit,15993060213,Manish Verma,8730,CREDIT,Pune,BOB,NEFT,0,7,9.074635189810808,0,0,15,✅ SAFE,Normal pattern
TXN391783,2026-09-01 01:46:00,72401764333,Manish Reddy,ACC985911,Vikram Reddy,44261,DEBIT,Delhi,ICICI,IMPS,1,1,10.697881800112357,1,1,68,⚠️ SUSPICIOUS,High amount | Late-night | High-value + late-night
TXN176861,2026-09-02 09:21:00,24118041504,Meera Chopra,ACC627684,Vikram Sharma,9519,DEBIT,Chennai,HDFC,IMPS,0,9,9.161150127785412,0,0,4,✅ SAFE,Normal pattern
TXN679837,2026-09-09 14:15:00,28572739832,Priya Singh,ACC374831,Vikram Singh,13406,DEBIT,Indore,BOB,NEFT,0,14,9.503532237601561,0,0,4,✅ SAFE,Normal pattern
TXN138846,2026-09-02 21:00:00,37876608445,Kavita Verma,ACC995731,Amit Agarwal,6104,DEBIT,Bhopal,PNB,NEFT,0,21,8.716863386544805,0,0,19,✅ SAFE,Normal pattern
TXN859763,2026-09-01 02:04:00,19051614020,Sunita Verma,ACC523735,Neha Agarwal,45032,DEBIT,Delhi,Kotak,UPI,1,2,10.715150833328286,1,1,62,⚠️ SUSPICIOUS,High amount | Late-night | High-value + late-night
TXN689512,2026-09-03 21:22:00,89273122515,Divya Malhotra,ACC645313,Priya Agarwal,2208,DEBIT,Pune,Kotak,UPI,0,21,7.700295203420117,0,0,37,✅ SAFE,Normal pattern
TXN209775,2026-09-13 17:49:00,ATM7084,Cash Deposit,88942334351,Rohit Jain,21422,CREDIT,Delhi,PNB,ATM,0,17,9.97222039021722,0,0,29,✅ SAFE,Normal pattern
TXN105379,2026-09-12 11:37:00,61103002938,Vikram Gupta,ACC957171,Priya Jain,14817,DEBIT,Indore,Yes Bank,UPI,0,11,9.603597936976602,0,0,4,✅ SAFE,Normal pattern
TXN480543,2026-09-03 21:18:00,ATM3128,Cash Deposit,61271874238,Kavita Reddy,21728,CREDIT,Mumbai,Axis,UPI,0,21,9.986403052863436,0,0,34,✅ SAFE,Normal pattern
TXN543705,2026-09-10 07:51:00,14952110579,Meera Gupta,ACC562519,Rohit Sharma,14258,DEBIT,Bangalore,BOB,ATM,0,7,9.565143565282119,0,0,16,✅ SAFE,Normal pattern
TXN156773,2026-09-09 14:21:00,ATM1639,Cash Deposit,38249320022,Divya Mishra,5465,CREDIT,Mumbai,Kotak,ATM,0,14,8.606302366488013,0,0,9,✅ SAFE,Normal pattern
TXN644226,2026-09-12 03:35:00,ACC511989,Manish Patel,25949442983,Ritu Verma,94762,CREDIT,Indore,SBI,IMPS,1,3,11.459134316699407,1,1,100,🚨 CRITICAL,High amount | Late-night | High-value + late-night
TXN537698,2026-09-13 06:49:00,92692462426,Rajesh Malhotra,ACC902540,Sunita Sharma,14801,DEBIT,Hyderabad,ICICI,IMPS,0,6,9.602517585757411,0,0,26,✅ SAFE,Normal pattern
TXN441710,2026-09-05 22:03:00,28811835994,Rohit Patel,ACC325560,Anjali Malhotra,4053,DEBIT,Delhi,HDFC,IMPS,0,22,8.307459327011946,0,0,41,✅ SAFE,Normal pattern
TXN756692,2026-09-11 04:20:00,ACC868438,Ritu Jain,92692462426,Rajesh Malhotra,49491,CREDIT,Indore,ICICI,IMPS,1,4,10.809566319333866,1,1,67,⚠️ SUSPICIOUS,High amount | Late-night | High-value + late-night
TXN563308,2026-09-09 13:17:00,ATM2714,Cash Deposit,71492139864,Manish Mishra,4796,CREDIT,Mumbai,HDFC,IMPS,0,13,8.475746001502063,0,0,10,✅ SAFE,Normal pattern
TXN983668,2026-09-08 07:58:00,15257343773,Rohit Jain,ACC269222,Ritu Yadav,5863,DEBIT,Hyderabad,HDFC,IMPS,0,7,8.676587243566487,0,0,18,✅ SAFE,Normal pattern
TXN182793,2026-09-07 17:18:00,ATM8671,Cash Deposit,21996807497,Pooja Mishra,19246,CREDIT,Delhi,ICICI,NEFT,0,17,9.865110483415124,0,0,22,✅ SAFE,Normal pattern
TXN917476,2026-09-10 20:09:00,61648595985,Kavita Yadav,ACC328257,Karan Verma,9479,DEBIT,Pune,PNB,ATM,0,20,9.156939595249067,0,0,7,✅ SAFE,Normal pattern
TXN944842,2026-09-13 13:43:00,33519243485,Rahul Singh,ACC959795,Sunita Mishra,1825,DEBIT,Bangalore,Kotak,ATM,0,13,7.509883061154913,0,0,27,✅ SAFE,Normal pattern
TXN291522,2026-09-08 03:08:00,ACC617992,Rohit Gupta,71492139864,Manish Mishra,52146,CREDIT,Delhi,HDFC,IMPS,1,3,10.861821932407963,1,1,67,⚠️ SUSPICIOUS,High amount | Late-night | High-value + late-night
TXN382141,2026-09-06 17:16:00,ATM7454,Cash Deposit,71492139864,Manish Mishra,18291,CREDIT,Mumbai,HDFC,IMPS,0,17,9.814219084777946,0,0,20,✅ SAFE,Normal pattern
TXN151315,2026-09-13 09:43:00,23459607651,Deepak Gupta,ACC586515,Sunita Reddy,5254,DEBIT,Jaipur,SBI,ATM,0,9,8.566935283311052,0,0,8,✅ SAFE,Normal pattern
TXN979246,2026-09-02 07:16:00,ATM5398,Cash Deposit,21152597151,Amit Agarwal,10667,CREDIT,Pune,Kotak,UPI,0,7,9.275003885301905,0,0,16,✅ SAFE,Normal pattern
TXN754840,2026-09-08 15:28:00,ATM7802,Cash Deposit,14358083466,Deepak Chopra,14048,CREDIT,Bangalore,ICICI,IMPS,0,15,9.550306497851652,0,0,4,✅ SAFE,Normal pattern
TXN973544,2026-09-13 22:31:00,ATM1515,Cash Deposit,33806719594,Pooja Mishra,512,CREDIT,Pune,Yes Bank,UPI,0,22,6.240275845170769,0,0,81,🚨 CRITICAL,Normal pattern
TXN369085,2026-09-06 07:18:00,ATM3898,Cash Deposit,25455864065,Arjun Jain,19298,CREDIT,Indore,PNB,ATM,0,7,9.86780856007911,0,0,22,✅ SAFE,Normal pattern
TXN510773,2026-09-01 15:14:00,ATM3021,Cash Deposit,56014698390,Priya Sharma,12390,CREDIT,Hyderabad,Yes Bank,IMPS,0,15,9.424725681616493,0,0,1,✅ SAFE,Normal pattern
TXN693340,2026-09-13 02:05:00,33519243485,Rahul Singh,ACC423668,Rahul Gupta,40768,DEBIT,Bhopal,Kotak,UPI,1,2,10.615677267673389,1,1,80,🚨 CRITICAL,High amount | Late-night | High-value + late-night
TXN140074,2026-09-03 22:01:00,59838307340,Rohit Malhotra,ACC323039,Deepak Mishra,3531,DEBIT,Delhi,ICICI,UPI,0,22,8.16961956172385,0,0,41,✅ SAFE,Normal pattern
TXN978951,2026-09-12 06:05:00,31832239312,Rajesh Singh,ACC337524,Meera Verma,6911,DEBIT,Bangalore,SBI,NEFT,0,6,8.841014310483892,0,0,30,✅ SAFE,Normal pattern
TXN847938,2026-09-12 06:38:00,88947653928,Manish Patel,ACC932631,Rajesh Sharma,2364,DEBIT,Delhi,Kotak,ATM,0,6,7.768533300926033,0,0,42,✅ SAFE,Normal pattern
TXN598224,2026-09-04 17:03:00,ATM5997,Cash Deposit,42803635759,Sneha Mishra,12660,CREDIT,Bhopal,SBI,NEFT,0,17,9.446281681520253,0,0,8,✅ SAFE,Normal pattern
TXN180571,2026-09-10 11:56:00,65712049807,Meera Yadav,ACC196529,Ritu Malhotra,12647,DEBIT,Mumbai,Yes Bank,NEFT,0,11,9.445254378889308,0,0,1,✅ SAFE,Normal pattern
TXN694186,2026-09-08 19:07:00,ATM5680,Cash Deposit,60223152223,Pooja Sharma,23821,CREDIT,Delhi,BOB,UPI,0,19,10.078364802440847,0,0,35,✅ SAFE,Normal pattern
TXN757558,2026-09-03 18:44:00,ATM5424,Cash Deposit,33806719594,Pooja Mishra,1734,CREDIT,Pune,Yes Bank,ATM,0,18,7.45876269238096,0,0,32,✅ SAFE,Normal pattern
TXN909504,2026-09-03 22:49:00,ATM2472,Cash Deposit,81765026938,Neha Yadav,5901,CREDIT,Chennai,BOB,IMPS,0,22,8.683046555502886,0,0,36,✅ SAFE,Normal pattern
TXN562763,2026-09-02 18:31:00,48003803600,Rahul Mishra,ACC478440,Rahul Kumar,1696,DEBIT,Jaipur,Kotak,ATM,0,18,7.436617265234227,0,0,33,✅ SAFE,Normal pattern
TXN217212,2026-09-12 21:13:00,53524230603,Arjun Singh,ACC915025,Ritu Yadav,2631,DEBIT,Indore,SBI,IMPS,0,21,7.875499292445208,0,0,31,✅ SAFE,Normal pattern
TXN333518,2026-09-05 01:30:00,78907985673,Neha Kumar,ACC710233,Rajesh Chopra,82982,DEBIT,Delhi,Kotak,IMPS,1,1,11.326391046523295,1,1,94,🚨 CRITICAL,High amount | Late-night | High-value + late-night
TXN556401,2026-09-03 09:23:00,31778562499,Vikram Yadav,ACC169797,Sunita Gupta,7396,DEBIT,Indore,ICICI,ATM,0,9,8.908829791587868,0,0,5,✅ SAFE,Normal pattern
TXN928759,2026-09-09 22:34:00,71492139864,Manish Mishra,ACC629588,Sneha Malhotra,8622,DEBIT,Mumbai,HDFC,IMPS,0,22,9.062188330952324,0,0,28,✅ SAFE,Normal pattern
TXN202494,2026-09-11 15:02:00,27440891126,Rajesh Kumar,ACC298814,Arjun Gupta,177,DEBIT,Indore,Kotak,IMPS,0,15,5.181783550292085,0,0,86,🚨 CRITICAL,Normal pattern
TXN872078,2026-09-07 09:56:00,ATM6339,Cash Deposit,73165735166,Priya Malhotra,4228,CREDIT,Pune,Kotak,UPI,0,9,8.34972083747249,0,0,14,✅ SAFE,Normal pattern
TXN687203,2026-09-04 22:56:00,19051614020,Sunita Verma,ACC276139,Sunita Sharma,3151,DEBIT,Indore,Kotak,UPI,0,22,8.05579245097777,0,0,40,✅ SAFE,Normal pattern
TXN623910,2026-09-10 03:13:00,ACC770123,Kavita Reddy,44572126008,Sunita Singh,51711,CREDIT,Jaipur,Yes Bank,IMPS,1,3,10.853445141880767,1,1,67,⚠️ SUSPICIOUS,High amount | Late-night | High-value + late-night
TXN950453,2026-09-12 12:45:00,89806732081,Pooja Agarwal,ACC176127,Amit Sharma,13336,DEBIT,Chennai,Kotak,UPI,0,12,9.498297406622395,0,0,5,✅ SAFE,Normal pattern
TXN222631,2026-09-06 10:42:00,ATM4058,Cash Deposit,85225093763,Suresh Reddy,20575,CREDIT,Ahmedabad,PNB,IMPS,0,10,9.931880627037346,0,0,15,✅ SAFE,Normal pattern
TXN314186,2026-09-01 12:11:00,ATM8743,Cash Deposit,51960581410,Pooja Patel,1890,CREDIT,Chennai,HDFC,NEFT,0,12,7.544861068658458,0,0,27,✅ SAFE,Normal pattern
TXN502790,2026-09-04 22:26:00,ATM7891,Cash Deposit,29257767423,Divya Singh,16807,CREDIT,Bhopal,Yes Bank,NEFT,0,22,9.729610242524837,0,0,38,✅ SAFE,Normal pattern
TXN221437,2026-09-01 10:54:00,17657106190,Pooja Chopra,ACC522204,Karan Mishra,14986,DEBIT,Chennai,BOB,ATM,0,10,9.614938437644996,0,0,4,✅ SAFE,Normal pattern
TXN467325,2026-09-09 07:31:00,63239552412,Kavita Singh,ACC439282,Neha Chopra,3158,DEBIT,Bangalore,PNB,NEFT,0,7,8.058010800802085,0,0,27,✅ SAFE,Normal pattern
TXN549950,2026-09-12 10:12:00,ATM3558,Cash Deposit,88942334351,Rohit Jain,12173,CREDIT,Delhi,PNB,UPI,0,10,9.40705780905387,0,0,0,✅ SAFE,Normal pattern
TXN129129,2026-09-10 21:24:00,21996807497,Pooja Mishra,ACC416112,Divya Mishra,2130,DEBIT,Delhi,ICICI,UPI,0,21,7.664346632098617,0,0,37,✅ SAFE,Normal pattern
TXN711624,2026-09-13 06:16:00,ATM8874,Cash Deposit,42803635759,Sneha Mishra,9716,CREDIT,Bhopal,SBI,IMPS,0,6,9.181632207839439,0,0,25,✅ SAFE,Normal pattern
TXN203410,2026-09-13 10:09:00,35295201261,Kavita Chopra,ACC877588,Manish Reddy,13837,DEBIT,Indore,PNB,NEFT,0,10,9.535173710058757,0,0,1,✅ SAFE,Normal pattern
TXN669378,2026-09-08 04:06:00,61881044912,Meera Mishra,ACC893748,Suresh Kumar,40278,DEBIT,Indore,HDFC,UPI,1,4,10.603585520307838,1,1,78,🚨 CRITICAL,High amount | Late-night | High-value + late-night
TXN474756,2026-09-12 17:51:00,ATM6305,Cash Deposit,78243523866,Sunita Yadav,19252,CREDIT,Bangalore,PNB,IMPS,0,17,9.865422171729335,0,0,22,✅ SAFE,Normal pattern
TXN697183,2026-09-02 16:13:00,12083619635,Suresh Jain,ACC112246,Rohit Chopra,9484,DEBIT,Mumbai,Kotak,NEFT,0,16,9.157466882369114,0,0,10,✅ SAFE,Normal pattern
TXN718271,2026-09-02 20:55:00,65712049807,Meera Yadav,ACC757643,Meera Sharma,2557,DEBIT,Mumbai,Yes Bank,ATM,0,20,7.846980982138788,0,0,25,✅ SAFE,Normal pattern
TXN687017,2026-09-06 01:10:00,ACC553497,Neha Malhotra,17487414647,Sunita Kumar,71426,CREDIT,Indore,BOB,IMPS,1,1,11.176431228107012,1,1,84,🚨 CRITICAL,High amount | Late-night | High-value + late-night
TXN860680,2026-09-09 07:43:00,13085810396,Suresh Gupta,ACC156909,Kavita Gupta,10904,DEBIT,Indore,ICICI,IMPS,0,7,9.29697667863573,0,0,16,✅ SAFE,Normal pattern
TXN719417,2026-09-08 08:31:00,14947141822,Amit Patel,ACC856913,Neha Sharma,13398,DEBIT,Delhi,PNB,NEFT,0,8,9.502935356288608,0,0,11,✅ SAFE,Normal pattern
TXN262848,2026-09-03 17:27:00,27440891126,Rajesh Kumar,ACC691380,Sneha Agarwal,13342,DEBIT,Indore,Kotak,UPI,0,17,9.49874718174242,0,0,11,✅ SAFE,Normal pattern
TXN179444,2026-09-08 19:03:00,16266114041,Priya Kumar,ACC512305,Amit Chopra,6701,DEBIT,Hyderabad,HDFC,ATM,0,19,8.810161268297255,0,0,18,✅ SAFE,Normal pattern
TXN697132,2026-09-06 19:40:00,14952110579,Meera Gupta,ACC289824,Neha Patel,10912,DEBIT,Bangalore,BOB,UPI,0,19,9.29771001811309,0,0,7,✅ SAFE,Normal pattern
TXN774760,2026-09-02 07:33:00,ATM4685,Cash Deposit,73165735166,Priya Malhotra,18560,CREDIT,Pune,Kotak,UPI,0,7,9.828817884199099,0,0,21,✅ SAFE,Normal pattern
TXN447799,2026-09-04 04:39:00,ACC786803,Deepak Yadav,77546893355,Sunita Singh,72870,CREDIT,Bhopal,Kotak,IMPS,1,4,11.196446033638646,1,1,76,🚨 CRITICAL,High amount | Late-night | High-value + late-night
TXN438034,2026-09-06 19:13:00,31778562499,Vikram Yadav,ACC160352,Amit Mishra,12735,DEBIT,Indore,ICICI,ATM,0,19,9.452187908084165,0,0,8,✅ SAFE,Normal pattern
TXN585810,2026-09-05 10:56:00,ATM4101,Cash Deposit,42803635759,Sneha Mishra,12512,CREDIT,Bhopal,SBI,ATM,0,10,9.434523382865056,0,0,1,✅ SAFE,Normal pattern
TXN478150,2026-09-03 18:23:00,84158488165,Rajesh Gupta,ACC369759,Sneha Yadav,1099,DEBIT,Bhopal,Kotak,NEFT,0,18,7.003065458786462,0,0,46,⚠️ SUSPICIOUS,Normal pattern
TXN725545,2026-09-05 22:50:00,ATM2635,Cash Deposit,25455864065,Arjun Jain,674,CREDIT,Indore,PNB,IMPS,0,22,6.51471269087253,0,0,76,🚨 CRITICAL,Normal pattern
TXN768686,2026-09-02 02:10:00,80303994054,Deepak Singh,ACC451397,Rohit Yadav,48214,DEBIT,Delhi,HDFC,UPI,1,2,10.783425454944485,1,1,54,⚠️ SUSPICIOUS,High amount | Late-night | High-value + late-night
TXN905024,2026-09-06 20:13:00,ATM5329,Cash Deposit,73934227238,Vikram Malhotra,2926,CREDIT,Pune,BOB,UPI,0,20,7.9817332866918855,0,0,22,✅ SAFE,Normal pattern
TXN563206,2026-09-03 20:45:00,ATM9530,Cash Deposit,54834963718,Priya Mishra,7592,CREDIT,Bangalore,Yes Bank,ATM,0,20,8.934982049213234,0,0,11,✅ SAFE,Normal pattern
TXN460322,2026-09-05 14:14:00,ATM3087,Cash Deposit,42847446185,Sneha Gupta,6549,CREDIT,Ahmedabad,HDFC,NEFT,0,14,8.787220328629298,0,0,7,✅ SAFE,Normal pattern
TXN952403,2026-09-11 16:44:00,ATM2126,Cash Deposit,77546893355,Sunita Singh,11845,CREDIT,Bangalore,Kotak,IMPS,0,16,9.37974553683691,0,0,6,✅ SAFE,Normal pattern
TXN359732,2026-09-01 11:23:00,ATM6788,Cash Deposit,28811835994,Rohit Patel,1969,CREDIT,Delhi,HDFC,NEFT,0,11,7.585788821732034,0,0,25,✅ SAFE,Normal pattern
TXN988289,2026-09-09 22:56:00,ATM6855,Cash Deposit,78907985673,Neha Kumar,24042,CREDIT,Mumbai,Kotak,ATM,0,22,10.08759917287658,0,0,54,⚠️ SUSPICIOUS,Normal pattern
TXN737459,2026-09-03 08:48:00,ATM6912,Cash Deposit,63239552412,Kavita Singh,11443,CREDIT,Bangalore,PNB,NEFT,0,8,9.345220854170002,0,0,11,✅ SAFE,Normal pattern
TXN612972,2026-09-02 14:09:00,42847446185,Sneha Gupta,ACC132267,Rajesh Sharma,1107,DEBIT,Ahmedabad,HDFC,ATM,0,14,7.010311867307229,0,0,40,✅ SAFE,Normal pattern
TXN929170,2026-09-10 06:58:00,ATM8412,Cash Deposit,44704140239,Suresh Singh,7012,CREDIT,Indore,Kotak,NEFT,0,6,8.85552084853691,0,0,29,✅ SAFE,Normal pattern
TXN256497,2026-09-09 12:53:00,25455864065,Arjun Jain,ACC439664,Karan Agarwal,996,DEBIT,Indore,PNB,NEFT,0,12,6.904750769961838,0,0,45,⚠️ SUSPICIOUS,Normal pattern
TXN538114,2026-09-06 06:16:00,21996807497,Pooja Mishra,ACC467007,Manish Sharma,7916,DEBIT,Delhi,ICICI,IMPS,0,6,8.976767625171433,0,0,27,✅ SAFE,Normal pattern
TXN496033,2026-09-05 02:15:00,19051614020,Sunita Verma,ACC157773,Kavita Chopra,67727,DEBIT,Indore,Kotak,IMPS,1,2,11.123254962760704,1,1,79,🚨 CRITICAL,High amount | Late-night | High-value + late-night
TXN228760,2026-09-03 10:40:00,ATM2748,Cash Deposit,73165735166,Priya Malhotra,17612,CREDIT,Pune,Kotak,UPI,0,10,9.776392544732296,0,0,10,✅ SAFE,Normal pattern
TXN982960,2026-09-11 09:16:00,ATM5268,Cash Deposit,89273122515,Divya Malhotra,16684,CREDIT,Pune,Kotak,UPI,0,9,9.722265391185474,0,0,14,✅ SAFE,Normal pattern
TXN213210,2026-09-05 01:27:00,ACC784380,Sneha Malhotra,78907985673,Neha Kumar,91316,CREDIT,Jaipur,Kotak,IMPS,1,1,11.42209224859294,1,1,100,🚨 CRITICAL,High amount | Late-night | High-value + late-night
TXN319677,2026-09-06 02:52:00,ACC418274,Manish Reddy,25949442983,Ritu Verma,69497,CREDIT,Bhopal,SBI,IMPS,1,2,11.149053254160401,1,1,80,🚨 CRITICAL,High amount | Late-night | High-value + late-night
TXN220208,2026-09-08 21:44:00,62295994188,Priya Kumar,ACC683916,Arjun Gupta,14023,DEBIT,Indore,Yes Bank,IMPS,0,21,9.54852542660107,0,0,18,✅ SAFE,Normal pattern
TXN553879,2026-09-10 16:15:00,63323345311,Neha Singh,ACC577420,Arjun Agarwal,2528,DEBIT,Mumbai,BOB,UPI,0,16,7.835579246669965,0,0,23,✅ SAFE,Normal pattern
TXN962424,2026-09-11 17:51:00,28811835994,Rohit Patel,ACC916523,Deepak Malhotra,12813,DEBIT,Delhi,HDFC,NEFT,0,17,9.458293602198967,0,0,9,✅ SAFE,Normal pattern
TXN444921,2026-09-11 04:30:00,78907985673,Neha Kumar,ACC777651,Priya Sharma,54827,DEBIT,Bhopal,Kotak,IMPS,1,4,10.911956291351272,1,1,70,🚨 CRITICAL,High amount | Late-night | High-value + late-night
TXN664111,2026-09-12 17:42:00,ATM4352,Cash Deposit,29257767423,Divya Singh,1371,CREDIT,Bhopal,Yes Bank,IMPS,0,17,7.22402480828583,0,0,39,✅ SAFE,Normal pattern
TXN535623,2026-09-13 18:08:00,ATM1727,Cash Deposit,63239552412,Kavita Singh,5343,CREDIT,Bangalore,PNB,NEFT,0,18,8.583729715216482,0,0,20,✅ SAFE,Normal pattern
TXN785616,2026-09-08 04:04:00,61881044912,Meera Mishra,ACC664554,Kavita Verma,48431,DEBIT,Bhopal,HDFC,UPI,1,4,10.7879160312615,1,1,64,⚠️ SUSPICIOUS,High amount | Late-night | High-value + late-night
TXN630679,2026-09-02 12:26:00,44572126008,Sunita Singh,ACC426383,Karan Chopra,6996,DEBIT,Jaipur,Yes Bank,UPI,0,12,8.853236764745898,0,0,7,✅ SAFE,Normal pattern
TXN900615,2026-09-06 19:11:00,86884726222,Sneha Jain,ACC902574,Sunita Singh,13867,DEBIT,Bhopal,Kotak,UPI,0,19,9.537339306804913,0,0,10,✅ SAFE,Normal pattern
TXN477372,2026-09-12 20:35:00,ATM2723,Cash Deposit,28722783625,Divya Jain,6004,CREDIT,Indore,BOB,IMPS,0,20,8.700347734514084,0,0,15,✅ SAFE,Normal pattern
TXN118865,2026-09-01 20:05:00,29260902250,Rohit Verma,ACC830614,Manish Chopra,13240,DEBIT,Indore,Kotak,UPI,0,20,9.491073355339758,0,0,10,✅ SAFE,Normal pattern
TXN844108,2026-09-07 15:45:00,ATM3982,Cash Deposit,78243523866,Sunita Yadav,4798,CREDIT,Bangalore,PNB,ATM,0,15,8.476162841858246,0,0,11,✅ SAFE,Normal pattern
TXN435704,2026-09-04 06:52:00,ATM2906,Cash Deposit,48417346628,Amit Mishra,17519,CREDIT,Ahmedabad,SBI,NEFT,0,6,9.771098364490383,0,0,32,✅ SAFE,Normal pattern
TXN900964,2026-09-05 15:47:00,38249320022,Divya Mishra,ACC273073,Rohit Patel,10170,DEBIT,Mumbai,Kotak,UPI,0,15,9.227295812625597,0,0,4,✅ SAFE,Normal pattern
TXN375805,2026-09-07 12:50:00,51082808163,Amit Mishra,ACC183937,Sunita Agarwal,10751,DEBIT,Indore,Kotak,NEFT,0,12,9.282847062762931,0,0,1,✅ SAFE,Normal pattern
TXN200535,2026-09-04 14:51:00,ATM2917,Cash Deposit,54834963718,Priya Mishra,1137,CREDIT,Bangalore,Yes Bank,NEFT,0,14,7.037027614686276,0,0,38,✅ SAFE,Normal pattern
TXN780735,2026-09-03 10:01:00,27513732321,Divya Mishra,ACC565355,Sunita Yadav,4803,DEBIT,Ahmedabad,Kotak,IMPS,0,10,8.477204183199873,0,0,9,✅ SAFE,Normal pattern
TXN155258,2026-09-05 06:22:00,ATM4085,Cash Deposit,51082808163,Amit Mishra,11049,CREDIT,Indore,Kotak,ATM,0,6,9.3101857069459,0,0,26,✅ SAFE,Normal pattern
TXN256109,2026-09-09 12:11:00,56014698390,Priya Sharma,ACC670624,Anjali Chopra,8394,DEBIT,Hyderabad,Yes Bank,IMPS,0,12,9.035391569511642,0,0,4,✅ SAFE,Normal pattern
TXN782571,2026-09-13 20:48:00,16079375387,Meera Chopra,ACC945478,Divya Patel,9244,DEBIT,Mumbai,BOB,IMPS,0,20,9.131838143821225,0,0,7,✅ SAFE,Normal pattern
TXN636095,2026-09-08 04:09:00,12904529504,Deepak Kumar,ACC509119,Deepak Gupta,48586,DEBIT,Indore,HDFC,IMPS,1,4,10.791111284394898,1,1,64,⚠️ SUSPICIOUS,High amount | Late-night | High-value + late-night
TXN918709,2026-09-12 22:05:00,33519243485,Rahul Singh,ACC221947,Meera Verma,9995,DEBIT,Bangalore,Kotak,UPI,0,22,9.209940291954844,0,0,24,✅ SAFE,Normal pattern
TXN588802,2026-09-04 19:34:00,14358083466,Deepak Chopra,ACC429936,Neha Kumar,13337,DEBIT,Bangalore,ICICI,IMPS,0,19,9.498372383192251,0,0,10,✅ SAFE,Normal pattern
TXN203629,2026-09-12 12:52:00,ATM7449,Cash Deposit,14952110579,Meera Gupta,4509,CREDIT,Bangalore,BOB,IMPS,0,12,8.414052432496725,0,0,12,✅ SAFE,Normal pattern
TXN733538,2026-09-12 08:35:00,21152597151,Amit Agarwal,ACC326303,Meera Reddy,1634,DEBIT,Pune,Kotak,IMPS,0,8,7.399398083331354,0,0,43,✅ SAFE,Normal pattern
TXN866206,2026-09-08 21:06:00,ATM6729,Cash Deposit,27513732321,Divya Mishra,3659,CREDIT,Ahmedabad,Kotak,UPI,0,21,8.205218426395412,0,0,26,✅ SAFE,Normal pattern
TXN841695,2026-09-05 06:09:00,33806719594,Pooja Mishra,ACC276277,Rahul Reddy,3456,DEBIT,Pune,Yes Bank,IMPS,0,6,8.148156439921625,0,0,39,✅ SAFE,Normal pattern
TXN506870,2026-09-09 09:59:00,ATM3237,Cash Deposit,21996807497,Pooja Mishra,20743,CREDIT,Delhi,ICICI,IMPS,0,9,9.9400123272185,0,0,19,✅ SAFE,Normal pattern
TXN156911,2026-09-11 05:06:00,21724016482,Divya Patel,ACC823144,Deepak Malhotra,41373,DEBIT,Delhi,PNB,UPI,1,5,10.630407943202995,1,1,85,🚨 CRITICAL,High amount | Late-night | High-value + late-night
TXN312656,2026-09-07 09:29:00,ATM6809,Cash Deposit,46217358382,Vikram Yadav,4505,CREDIT,Pune,PNB,IMPS,0,9,8.41316512099219,0,0,12,✅ SAFE,Normal pattern
TXN168250,2026-09-02 09:25:00,63239552412,Kavita Singh,ACC963937,Manish Patel,789,DEBIT,Bangalore,PNB,ATM,0,9,6.672032945461067,0,0,59,⚠️ SUSPICIOUS,Normal pattern
TXN794329,2026-09-01 20:53:00,65712049807,Meera Yadav,ACC600650,Suresh Gupta,11875,DEBIT,Mumbai,Yes Bank,UPI,0,20,9.382274835883651,0,0,7,✅ SAFE,Normal pattern
TXN637928,2026-09-10 09:14:00,ATM4908,Cash Deposit,12083619635,Suresh Jain,5863,CREDIT,Mumbai,Kotak,ATM,0,9,8.676587243566487,0,0,6,✅ SAFE,Normal pattern
TXN563999,2026-09-01 14:00:00,59838307340,Rohit Malhotra,ACC340061,Neha Agarwal,13562,DEBIT,Delhi,ICICI,ATM,0,14,9.515100775962715,0,0,4,✅ SAFE,Normal pattern
TXN596569,2026-09-13 19:52:00,ATM1352,Cash Deposit,25046528783,Amit Verma,5438,CREDIT,Bangalore,HDFC,IMPS,0,19,8.60135049942296,0,0,18,✅ SAFE,Normal pattern
TXN977844,2026-09-01 01:45:00,ACC481399,Rajesh Yadav,72401764333,Manish Reddy,72914,CREDIT,Jaipur,ICICI,IMPS,1,1,11.197049658147666,1,1,84,🚨 CRITICAL,High amount | Late-night | High-value + late-night
TXN189395,2026-09-03 11:15:00,ATM4022,Cash Deposit,62016806938,Divya Kumar,16951,CREDIT,Indore,PNB,IMPS,0,11,9.738141099948136,0,0,11,✅ SAFE,Normal pattern
TXN608934,2026-09-05 22:25:00,89273122515,Divya Malhotra,ACC574051,Priya Verma,620,DEBIT,Pune,Kotak,UPI,0,22,6.431331081933479,0,0,79,🚨 CRITICAL,Normal pattern
TXN477257,2026-09-05 03:42:00,ACC444283,Rohit Verma,29260902250,Rohit Verma,54560,CREDIT,Bhopal,Kotak,IMPS,1,3,10.907074620795127,1,1,71,🚨 CRITICAL,High amount | Late-night | High-value + late-night
TXN153606,2026-09-13 18:26:00,89806732081,Pooja Agarwal,ACC395668,Rajesh Mishra,1943,DEBIT,Chennai,Kotak,UPI,0,18,7.572502985020384,0,0,28,✅ SAFE,Normal pattern
TXN839959,2026-09-08 05:04:00,29257767423,Divya Singh,ACC784466,Rohit Kumar,48771,DEBIT,Delhi,Yes Bank,UPI,1,5,10.794911656680155,1,1,86,🚨 CRITICAL,High amount | Late-night | High-value + late-night
TXN747394,2026-09-07 20:05:00,ATM3606,Cash Deposit,54834963718,Priya Mishra,19032,CREDIT,Bangalore,Yes Bank,UPI,0,20,9.853929593687784,0,0,20,✅ SAFE,Normal pattern
TXN295420,2026-09-05 18:15:00,61103002938,Vikram Gupta,ACC605242,Rohit Malhotra,3320,DEBIT,Indore,Yes Bank,IMPS,0,18,8.108021221376747,0,0,22,✅ SAFE,Normal pattern
TXN531446,2026-09-09 14:09:00,ATM9869,Cash Deposit,62295994188,Priya Kumar,12615,CREDIT,Indore,Yes Bank,UPI,0,14,9.442721128642875,0,0,2,✅ SAFE,Normal pattern
TXN742151,2026-09-06 19:49:00,ATM9976,Cash Deposit,63323345311,Neha Singh,12214,CREDIT,Mumbai,BOB,IMPS,0,19,9.41041998369184,0,0,7,✅ SAFE,Normal pattern
TXN359832,2026-09-02 17:41:00,ATM6461,Cash Deposit,28572739832,Priya Singh,15249,CREDIT,Indore,BOB,IMPS,0,17,9.632334782035558,0,0,14,✅ SAFE,Normal pattern
TXN639468,2026-09-07 12:29:00,48417346628,Amit Mishra,ACC597153,Anjali Agarwal,8480,DEBIT,Ahmedabad,SBI,NEFT,0,12,9.0455836463617,0,0,3,✅ SAFE,Normal pattern
TXN195494,2026-09-07 06:43:00,ATM1591,Cash Deposit,48417346628,Amit Mishra,4093,CREDIT,Ahmedabad,SBI,NEFT,0,6,8.317277766221235,0,0,39,✅ SAFE,Normal pattern
TXN344312,2026-09-05 21:49:00,78907985673,Neha Kumar,ACC803940,Divya Kumar,7796,DEBIT,Mumbai,Kotak,IMPS,0,21,8.9614943233096,0,0,16,✅ SAFE,Normal pattern
TXN398418,2026-09-09 08:40:00,51082808163,Amit Mishra,ACC948618,Amit Jain,14379,DEBIT,Indore,Kotak,ATM,0,8,9.573593631275038,0,0,12,✅ SAFE,Normal pattern
TXN682592,2026-09-07 01:00:00,53524230603,Arjun Singh,ACC894488,Suresh Patel,47993,DEBIT,Indore,SBI,UPI,1,1,10.778831282076878,1,1,68,⚠️ SUSPICIOUS,High amount | Late-night | High-value + late-night
TXN513046,2026-09-08 03:17:00,80051400936,Rohit Sharma,ACC946001,Pooja Mishra,50952,DEBIT,Bhopal,HDFC,IMPS,1,3,10.838658918173572,1,1,66,⚠️ SUSPICIOUS,High amount | Late-night | High-value + late-night
TXN218350,2026-09-12 12:17:00,ATM9482,Cash Deposit,88942334351,Rohit Jain,6399,CREDIT,Delhi,PNB,NEFT,0,12,8.764053269347762,0,0,7,✅ SAFE,Normal pattern
TXN176528,2026-09-01 16:34:00,ATM2929,Cash Deposit,92283572728,Kavita Chopra,20128,CREDIT,Ahmedabad,ICICI,UPI,0,16,9.909916840301031,0,0,21,✅ SAFE,Normal pattern
TXN739901,2026-09-02 11:15:00,ATM2113,Cash Deposit,47353171337,Meera Singh,11320,CREDIT,Jaipur,BOB,ATM,0,11,9.334414687078109,0,0,2,✅ SAFE,Normal pattern
TXN359513,2026-09-11 10:00:00,ATM3017,Cash Deposit,54834963718,Priya Mishra,8094,CREDIT,Bangalore,Yes Bank,ATM,0,10,8.999001866111735,0,0,4,✅ SAFE,Normal pattern
TXN524509,2026-09-13 15:23:00,ATM8315,Cash Deposit,27440891126,Rajesh Kumar,1849,CREDIT,Indore,Kotak,NEFT,0,15,7.52294091807237,0,0,28,✅ SAFE,Normal pattern
TXN705969,2026-09-05 10:09:00,53524230603,Arjun Singh,ACC601572,Karan Gupta,10635,DEBIT,Indore,SBI,UPI,0,10,9.27199975236291,0,0,2,✅ SAFE,Normal pattern
TXN599069,2026-09-12 19:58:00,ATM9903,Cash Deposit,21152597151,Amit Agarwal,7820,CREDIT,Pune,Kotak,NEFT,0,19,8.964567702601611,0,0,11,✅ SAFE,Normal pattern
TXN634892,2026-09-06 06:48:00,33519243485,Rahul Singh,ACC227405,Manish Agarwal,14076,DEBIT,Bangalore,Kotak,UPI,0,6,9.552297538827965,0,0,26,✅ SAFE,Normal pattern
TXN501984,2026-09-11 04:26:00,ACC855991,Pooja Sharma,78907985673,Neha Kumar,87647,CREDIT,Indore,Kotak,IMPS,1,4,11.381084072062805,1,1,92,🚨 CRITICAL,High amount | Late-night | High-value + late-night
TXN960195,2026-09-11 15:41:00,38696334298,Rajesh Gupta,ACC391142,Meera Malhotra,9068,DEBIT,Hyderabad,ICICI,NEFT,0,15,9.112617283447568,0,0,6,✅ SAFE,Normal pattern
TXN424973,2026-09-01 09:42:00,ATM5105,Cash Deposit,25455864065,Arjun Jain,2145,CREDIT,Indore,PNB,UPI,0,9,7.671360923190644,0,0,30,✅ SAFE,Normal pattern
TXN111781,2026-09-05 08:20:00,ATM6848,Cash Deposit,35295201261,Kavita Chopra,18243,CREDIT,Indore,PNB,ATM,0,8,9.81159153783159,0,0,20,✅ SAFE,Normal pattern
TXN416161,2026-09-04 13:49:00,ATM4709,Cash Deposit,85225093763,Suresh Reddy,4028,CREDIT,Ahmedabad,PNB,ATM,0,13,8.301273485191347,0,0,18,✅ SAFE,Normal pattern
TXN911482,2026-09-03 10:57:00,ATM7116,Cash Deposit,18465419838,Rahul Chopra,23634,CREDIT,Delhi,SBI,UPI,0,10,10.070483943227337,0,0,23,✅ SAFE,Normal pattern
TXN395663,2026-09-12 13:02:00,ATM4566,Cash Deposit,61271874238,Kavita Reddy,10361,CREDIT,Mumbai,Axis,NEFT,0,13,9.245900547374733,0,0,1,✅ SAFE,Normal pattern
TXN382861,2026-09-11 17:10:00,ATM6947,Cash Deposit,56014698390,Priya Sharma,12146,CREDIT,Hyderabad,Yes Bank,NEFT,0,17,9.404837504700271,0,0,7,✅ SAFE,Normal pattern
TXN821753,2026-09-05 06:53:00,ATM6729,Cash Deposit,79724425656,Sneha Singh,22286,CREDIT,Indore,PNB,UPI,0,6,10.011758827819916,0,0,40,✅ SAFE,Normal pattern
TXN337598,2026-09-06 05:00:00,24118041504,Meera Chopra,ACC683394,Pooja Malhotra,43683,DEBIT,Jaipur,HDFC,UPI,1,5,10.684737181317619,1,1,85,🚨 CRITICAL,High amount | Late-night | High-value + late-night
TXN863923,2026-09-04 07:39:00,10954761743,Rahul Mishra,ACC816722,Meera Reddy,7030,DEBIT,Hyderabad,ICICI,ATM,0,7,8.858084222199162,0,0,17,✅ SAFE,Normal pattern
TXN623203,2026-09-10 09:28:00,ATM4627,Cash Deposit,81765026938,Neha Yadav,9175,CREDIT,Chennai,BOB,NEFT,0,9,9.124346658809207,0,0,4,✅ SAFE,Normal pattern
TXN328363,2026-09-03 08:09:00,21152597151,Amit Agarwal,ACC949155,Sneha Chopra,2545,DEBIT,Pune,Kotak,NEFT,0,8,7.842278779117352,0,0,34,✅ SAFE,Normal pattern
TXN806563,2026-09-08 08:45:00,89806732081,Pooja Agarwal,ACC185947,Manish Sharma,5021,DEBIT,Chennai,Kotak,ATM,0,8,8.52158353971753,0,0,17,✅ SAFE,Normal pattern
TXN380854,2026-09-04 19:14:00,60223152223,Pooja Sharma,ACC637245,Karan Jain,13907,DEBIT,Delhi,BOB,NEFT,0,19,9.540219493127752,0,0,10,✅ SAFE,Normal pattern
TXN842678,2026-09-10 21:19:00,ATM4968,Cash Deposit,59838307340,Rohit Malhotra,9180,CREDIT,Delhi,ICICI,NEFT,0,21,9.1248914101437,0,0,15,✅ SAFE,Normal pattern
TXN799395,2026-09-03 13:29:00,62016806938,Divya Kumar,ACC441397,Karan Sharma,4238,DEBIT,Indore,PNB,UPI,0,13,8.352082671352637,0,0,14,✅ SAFE,Normal pattern
TXN492356,2026-09-12 21:08:00,ATM7409,Cash Deposit,62330766032,Meera Agarwal,4292,CREDIT,Jaipur,SBI,UPI,0,21,8.36474106822456,0,0,24,✅ SAFE,Normal pattern
TXN549063,2026-09-04 15:47:00,51960581410,Pooja Patel,ACC894527,Neha Singh,4547,DEBIT,Chennai,HDFC,ATM,0,15,8.422442854870427,0,0,12,✅ SAFE,Normal pattern
TXN698505,2026-09-08 02:00:00,93001408673,Rahul Gupta,ACC813261,Sneha Yadav,47587,DEBIT,Delhi,BOB,UPI,1,2,10.770335907596417,1,1,54,⚠️ SUSPICIOUS,High amount | Late-night | High-value + late-night
TXN555945,2026-09-05 22:50:00,51960581410,Pooja Patel,ACC287867,Suresh Malhotra,13574,DEBIT,Chennai,HDFC,NEFT,0,22,9.515985144802135,0,0,29,✅ SAFE,Normal pattern
TXN108752,2026-09-13 15:08:00,61881044912,Meera Mishra,ACC126755,Divya Agarwal,7481,DEBIT,Mumbai,HDFC,IMPS,0,15,8.920255414908091,0,0,6,✅ SAFE,Normal pattern
TXN841892,2026-09-11 12:15:00,ATM4165,Cash Deposit,35295201261,Kavita Chopra,3207,CREDIT,Indore,PNB,IMPS,0,12,8.073402968986406,0,0,19,✅ SAFE,Normal pattern
TXN174073,2026-09-11 11:47:00,46217358382,Vikram Yadav,ACC289760,Pooja Gupta,973,DEBIT,Pune,PNB,NEFT,0,11,6.881411303642535,0,0,45,⚠️ SUSPICIOUS,Normal pattern
TXN776905,2026-09-04 04:41:00,77546893355,Sunita Singh,ACC233267,Ritu Agarwal,59987,DEBIT,Jaipur,Kotak,IMPS,1,4,11.00189982120157,1,1,74,🚨 CRITICAL,High amount | Late-night | High-value + late-night
TXN973333,2026-09-01 10:58:00,29260902250,Rohit Verma,ACC912373,Arjun Kumar,13258,DEBIT,Indore,Kotak,UPI,0,10,9.49243184611472,0,0,2,✅ SAFE,Normal pattern
TXN125976,2026-09-01 13:44:00,73934227238,Vikram Malhotra,ACC252241,Pooja Mishra,7575,DEBIT,Pune,BOB,UPI,0,13,8.932740634865914,0,0,5,✅ SAFE,Normal pattern
TXN622755,2026-09-08 11:39:00,ATM7261,Cash Deposit,10954761743,Rahul Mishra,14058,CREDIT,Hyderabad,ICICI,NEFT,0,11,9.551018039079908,0,0,3,✅ SAFE,Normal pattern
TXN582797,2026-09-05 17:45:00,ATM4137,Cash Deposit,14358083466,Deepak Chopra,11399,CREDIT,Bangalore,ICICI,NEFT,0,17,9.341368634382587,0,0,8,✅ SAFE,Normal pattern
TXN811100,2026-09-04 19:02:00,73165735166,Priya Malhotra,ACC386507,Anjali Gupta,14123,DEBIT,Pune,Kotak,UPI,0,19,9.555630757048277,0,0,12,✅ SAFE,Normal pattern
TXN784686,2026-09-11 08:37:00,ATM4866,Cash Deposit,79119838474,Ritu Kumar,5959,CREDIT,Pune,BOB,IMPS,0,8,8.692825760059396,0,0,15,✅ SAFE,Normal pattern
TXN448911,2026-09-06 20:16:00,ATM3015,Cash Deposit,88947653928,Manish Patel,9331,CREDIT,Delhi,Kotak,NEFT,0,20,9.14120463314132,0,0,7,✅ SAFE,Normal pattern
TXN924781,2026-09-12 21:46:00,73934227238,Vikram Malhotra,ACC539293,Neha Gupta,8318,DEBIT,Pune,BOB,IMPS,0,21,9.026297334283887,0,0,16,✅ SAFE,Normal pattern
TXN540933,2026-09-02 09:10:00,ATM1690,Cash Deposit,67789516347,Rahul Singh,22311,CREDIT,Delhi,Axis,NEFT,0,9,10.012879929307324,0,0,26,✅ SAFE,Normal pattern
TXN244971,2026-09-13 10:20:00,ATM7213,Cash Deposit,44572126008,Sunita Singh,13975,CREDIT,Jaipur,Yes Bank,UPI,0,10,9.545096851813893,0,0,2,✅ SAFE,Normal pattern
TXN163137,2026-09-05 12:48:00,ATM3027,Cash Deposit,24118041504,Meera Chopra,11572,CREDIT,Chennai,HDFC,IMPS,0,12,9.356430077848078,0,0,3,✅ SAFE,Normal pattern
TXN210318,2026-09-11 20:27:00,ATM2199,Cash Deposit,44572126008,Sunita Singh,19134,CREDIT,Jaipur,Yes Bank,NEFT,0,20,9.859274397859803,0,0,20,✅ SAFE,Normal pattern
TXN512739,2026-09-10 21:10:00,ATM5083,Cash Deposit,56014698390,Priya Sharma,10355,CREDIT,Hyderabad,Yes Bank,ATM,0,21,9.245321340871428,0,0,14,✅ SAFE,Normal pattern
TXN348651,2026-09-02 22:52:00,ATM1433,Cash Deposit,89806732081,Pooja Agarwal,1338,CREDIT,Chennai,Kotak,NEFT,0,22,7.199678345691172,0,0,61,⚠️ SUSPICIOUS,Normal pattern
TXN138949,2026-09-01 06:22:00,28722783625,Divya Jain,ACC614383,Deepak Mishra,8556,DEBIT,Indore,BOB,UPI,0,6,9.054504940418054,0,0,24,✅ SAFE,Normal pattern
TXN609500,2026-09-10 13:18:00,ATM6070,Cash Deposit,28572739832,Priya Singh,19424,CREDIT,Indore,BOB,ATM,0,13,9.874316175235847,0,0,12,✅ SAFE,Normal pattern
TXN661451,2026-09-11 08:33:00,67789516347,Rahul Singh,ACC429687,Arjun Gupta,14536,DEBIT,Delhi,Axis,IMPS,0,8,9.584452402426324,0,0,12,✅ SAFE,Normal pattern
TXN146107,2026-09-10 20:56:00,ATM2897,Cash Deposit,74738100507,Neha Chopra,8847,CREDIT,Hyderabad,Kotak,UPI,0,20,9.087946723762116,0,0,7,✅ SAFE,Normal pattern
TXN399589,2026-09-09 07:46:00,81765026938,Neha Yadav,ACC452244,Suresh Verma,10687,DEBIT,Chennai,BOB,UPI,0,7,9.276876895776427,0,0,16,✅ SAFE,Normal pattern
TXN912067,2026-09-07 20:54:00,74738100507,Neha Chopra,ACC106980,Neha Agarwal,11198,DEBIT,Hyderabad,Kotak,ATM,0,20,9.323579767582693,0,0,7,✅ SAFE,Normal pattern
TXN101609,2026-09-01 05:06:00,16079375387,Meera Chopra,ACC485999,Pooja Kumar,41713,DEBIT,Jaipur,BOB,UPI,1,5,10.638592082856581,1,1,85,🚨 CRITICAL,High amount | Late-night | High-value + late-night
TXN100394,2026-09-09 18:03:00,54834963718,Priya Mishra,ACC866560,Arjun Malhotra,11427,DEBIT,Bangalore,Yes Bank,NEFT,0,18,9.343821763350663,0,0,7,✅ SAFE,Normal pattern
TXN263063,2026-09-10 06:47:00,25046528783,Amit Verma,ACC346192,Ritu Reddy,208,DEBIT,Bangalore,HDFC,IMPS,0,6,5.342334251964811,0,0,96,🚨 CRITICAL,Normal pattern
TXN486595,2026-09-08 04:00:00,15993060213,Manish Verma,ACC415624,Rohit Gupta,41941,DEBIT,Jaipur,BOB,UPI,1,4,10.644042990491064,1,1,73,🚨 CRITICAL,High amount | Late-night | High-value + late-night
TXN367950,2026-09-04 20:41:00,ATM5305,Cash Deposit,61271874238,Kavita Reddy,20114,CREDIT,Mumbai,Axis,UPI,0,20,9.909221084383889,0,0,24,✅ SAFE,Normal pattern
TXN653022,2026-09-09 02:40:00,ACC264235,Amit Patel,38249320022,Divya Mishra,62651,CREDIT,Delhi,Kotak,IMPS,1,2,11.045350883198553,1,1,76,🚨 CRITICAL,High amount | Late-night | High-value + late-night
TXN696692,2026-09-12 11:34:00,85477217606,Amit Sharma,ACC349798,Sneha Jain,2471,DEBIT,Pune,Yes Bank,ATM,0,11,7.812782818577581,0,0,22,✅ SAFE,Normal pattern
TXN776623,2026-09-08 07:00:00,ATM2190,Cash Deposit,33806719594,Pooja Mishra,14225,CREDIT,Pune,Yes Bank,ATM,0,7,9.56282655529346,0,0,16,✅ SAFE,Normal pattern
TXN504424,2026-09-12 12:08:00,33939602316,Rahul Singh,ACC447738,Rohit Verma,14979,DEBIT,Pune,HDFC,ATM,0,12,9.61447125707121,0,0,7,✅ SAFE,Normal pattern
TXN767699,2026-09-03 15:32:00,88947653928,Manish Patel,ACC769745,Neha Jain,7083,DEBIT,Delhi,Kotak,NEFT,0,15,8.865593998902725,0,0,7,✅ SAFE,Normal pattern
TXN821792,2026-09-02 16:51:00,ATM4485,Cash Deposit,31778562499,Vikram Yadav,3604,CREDIT,Indore,ICICI,NEFT,0,16,8.190077049719049,0,0,21,✅ SAFE,Normal pattern
TXN776127,2026-09-01 11:16:00,88942334351,Rohit Jain,ACC398390,Ritu Chopra,1697,DEBIT,Delhi,PNB,IMPS,0,11,7.437206366871292,0,0,28,✅ SAFE,Normal pattern
TXN684951,2026-09-08 12:55:00,ATM4244,Cash Deposit,92692462426,Rajesh Malhotra,2895,CREDIT,Hyderabad,ICICI,IMPS,0,12,7.971085753505607,0,0,21,✅ SAFE,Normal pattern
TXN683378,2026-09-10 07:19:00,ATM6258,Cash Deposit,27513732321,Divya Mishra,13161,CREDIT,Ahmedabad,Kotak,IMPS,0,7,9.485089169016064,0,0,15,✅ SAFE,Normal pattern
TXN965641,2026-09-05 19:11:00,ATM5988,Cash Deposit,23459607651,Deepak Gupta,15305,CREDIT,Jaipur,SBI,ATM,0,19,9.636000187369866,0,0,15,✅ SAFE,Normal pattern
TXN862075,2026-09-09 02:45:00,38249320022,Divya Mishra,ACC500606,Neha Jain,49774,DEBIT,Bhopal,Kotak,IMPS,1,2,10.815268128932397,1,1,59,⚠️ SUSPICIOUS,High amount | Late-night | High-value + late-night
TXN115437,2026-09-04 06:44:00,ATM2366,Cash Deposit,92283572728,Kavita Chopra,16115,CREDIT,Ahmedabad,ICICI,NEFT,0,6,9.687567846311238,0,0,32,✅ SAFE,Normal pattern
TXN245213,2026-09-07 06:21:00,ATM9090,Cash Deposit,31832239312,Rajesh Singh,17207,CREDIT,Bangalore,SBI,UPI,0,6,9.753129670947565,0,0,31,✅ SAFE,Normal pattern
TXN151493,2026-09-02 11:06:00,16079375387,Meera Chopra,ACC876072,Sunita Yadav,14630,DEBIT,Mumbai,BOB,UPI,0,11,9.590897844378162,0,0,4,✅ SAFE,Normal pattern
TXN995378,2026-09-04 13:24:00,ATM3238,Cash Deposit,14358083466,Deepak Chopra,2325,CREDIT,Bangalore,ICICI,ATM,0,13,7.75190533307861,0,0,23,✅ SAFE,Normal pattern
TXN587728,2026-09-05 17:18:00,78786959606,Sunita Gupta,ACC230010,Rahul Malhotra,4922,DEBIT,Mumbai,HDFC,NEFT,0,17,8.5016733797582,0,0,18,✅ SAFE,Normal pattern
TXN750385,2026-09-04 06:51:00,65712049807,Meera Yadav,ACC237533,Divya Kumar,4978,DEBIT,Mumbai,Yes Bank,ATM,0,6,8.512984346642183,0,0,33,✅ SAFE,Normal pattern
TXN506845,2026-09-03 16:52:00,48417346628,Amit Mishra,ACC493009,Pooja Reddy,2660,DEBIT,Ahmedabad,SBI,UPI,0,16,7.886457270977689,0,0,21,✅ SAFE,Normal pattern
TXN562603,2026-09-01 05:07:00,16079375387,Meera Chopra,ACC457779,Pooja Patel,48867,DEBIT,Indore,BOB,UPI,1,5,10.79687806452395,1,1,86,🚨 CRITICAL,High amount | Late-night | High-value + late-night
TXN884611,2026-09-09 20:28:00,25455864065,Arjun Jain,ACC142513,Arjun Mishra,7436,DEBIT,Indore,PNB,IMPS,0,20,8.9142228207033,0,0,11,✅ SAFE,Normal pattern
TXN515805,2026-09-12 10:05:00,74738100507,Neha Chopra,ACC853969,Vikram Patel,8401,DEBIT,Hyderabad,Kotak,UPI,0,10,9.036225051729327,0,0,3,✅ SAFE,Normal pattern
TXN938978,2026-09-07 03:58:00,ACC893925,Sunita Verma,79724425656,Sneha Singh,80653,CREDIT,Delhi,PNB,IMPS,1,3,11.297923679347642,1,1,89,🚨 CRITICAL,High amount | Late-night | High-value + late-night
TXN342365,2026-09-08 06:29:00,12083619635,Suresh Jain,ACC453845,Karan Singh,6175,DEBIT,Mumbai,Kotak,ATM,0,6,8.728426091704613,0,0,30,✅ SAFE,Normal pattern
TXN682261,2026-09-04 11:26:00,59838307340,Rohit Malhotra,ACC583650,Sunita Singh,14855,DEBIT,Delhi,ICICI,UPI,0,11,9.606159103032542,0,0,4,✅ SAFE,Normal pattern
TXN145039,2026-09-09 20:33:00,ATM3315,Cash Deposit,74738100507,Neha Chopra,4804,CREDIT,Hyderabad,Kotak,IMPS,0,20,8.477412321404392,0,0,17,✅ SAFE,Normal pattern
TXN322425,2026-09-13 10:11:00,ATM7903,Cash Deposit,72495807646,Deepak Mishra,5825,CREDIT,Mumbai,HDFC,UPI,0,10,8.67008593751938,0,0,5,✅ SAFE,Normal pattern
TXN681368,2026-09-02 14:41:00,ATM9187,Cash Deposit,29257767423,Divya Singh,18470,CREDIT,Bhopal,Yes Bank,UPI,0,14,9.82395721357932,0,0,13,✅ SAFE,Normal pattern
TXN912961,2026-09-10 01:18:00,64812761163,Ritu Jain,ACC307359,Karan Yadav,42193,DEBIT,Jaipur,PNB,UPI,1,1,10.650033309820769,1,1,73,🚨 CRITICAL,High amount | Late-night | High-value + late-night
TXN563236,2026-09-13 22:27:00,ATM4059,Cash Deposit,85477217606,Amit Sharma,14617,CREDIT,Pune,Yes Bank,IMPS,0,22,9.590008925040337,0,0,31,✅ SAFE,Normal pattern
TXN521550,2026-09-01 18:13:00,27513732321,Divya Mishra,ACC614615,Kavita Gupta,1711,DEBIT,Ahmedabad,Kotak,NEFT,0,18,7.445417556701687,0,0,32,✅ SAFE,Normal pattern
